pixel_iou,pixel_dice,pixel_accuracy,pixel_precision,pixel_recall,region_iou,region_dice,region_precision,region_recall,region_success_accuracy
0.0,0.0,0.9800634384155273,0.0,0.0,0.0,0.0,0.0,0.0,0.0
0.0,0.0,0.9972009658813477,0.0,0.0,0.0,0.0,0.0,0.0,0.0
0.0,0.0,0.9947137832641602,0.0,0.0,0.0,0.0,0.0,0.0,0.0
0.0,0.0,0.9933843612670898,0.0,0.0,0.0,0.0,0.0,0.0,0.0
0.0,0.0,0.9976186752319336,0.0,0.0,0.0,0.0,0.0,0.0,0.0
0.0,0.0,0.9979324340820312,0.0,0.0,0.0,0.0,0.0,0.0,0.0
0.0,0.0,0.9976720809936523,0.0,0.0,0.0,0.0,0.0,0.0,0.0
0.0,0.0,0.9962434768676758,0.0,0.0,0.0,0.0,0.0,0.0,0.0
0.0,0.0,0.9975242614746094,0.0,0.0,0.0,0.0,0.0,0.0,0.0
0.0,0.0,0.9976158142089844,0.0,0.0,0.0,0.0,0.0,0.0,0.0
0.0,0.0,0.9977388381958008,0.0,0.0,0.0,0.0,0.0,0.0,0.0
0.0,0.0,0.9977951049804688,0.0,0.0,0.0,0.0,0.0,0.0,0.0
0.0,0.0,0.9978151321411133,0.0,0.0,0.0,0.0,0.0,0.0,0.0
0.0,0.0,0.9988164901733398,0.0,0.0,0.0,0.0,0.0,0.0,0.0
0.0,0.0,0.9981565475463867,0.0,0.0,0.0,0.0,0.0,0.0,0.0
0.0,0.0,0.9982767105102539,0.0,0.0,0.0,0.0,0.0,0.0,0.0
0.0,0.0,0.998809814453125,0.0,0.0,0.0,0.0,0.0,0.0,0.0
0.0,0.0,0.9986429214477539,0.0,0.0,0.0,0.0,0.0,0.0,0.0
0.0,0.0,0.9979381561279297,0.0,0.0,0.0,0.0,0.0,0.0,0.0
0.0,0.0,0.998448371887207,0.0,0.0,0.0,0.0,0.0,0.0,0.0
0.0,0.0,0.9248933792114258,0.0,0.0,0.0,0.0,0.0,0.0,0.0
0.0,0.0,0.9775161743164062,0.0,0.0,0.0,0.0,0.0,0.0,0.0
0.0,0.0,0.9810371398925781,0.0,0.0,0.0,0.0,0.0,0.0,0.0
0.0,0.0,0.9809408187866211,0.0,0.0,0.0,0.0,0.0,0.0,0.0
0.0,0.0,0.9813032150268555,0.0,0.0,0.0,0.0,0.0,0.0,0.0
0.0,0.0,0.9775991439819336,0.0,0.0,0.0,0.0,0.0,0.0,0.0
0.0,0.0,0.9776325225830078,0.0,0.0,0.0,0.0,0.0,0.0,0.0
0.0,0.0,0.9815549850463867,0.0,0.0,0.0,0.0,0.0,0.0,0.0
0.0,0.0,0.9778327941894531,0.0,0.0,0.0,0.0,0.0,0.0,0.0
0.0,0.0,0.9563674926757812,0.0,0.0,0.0,0.0,0.0,0.0,0.0
0.0,0.0,0.9809656143188477,0.0,0.0,0.0,0.0,0.0,0.0,0.0
0.0,0.0,0.9812154769897461,0.0,0.0,0.0,0.0,0.0,0.0,0.0
0.0,0.0,0.9807863235473633,0.0,0.0,0.0,0.0,0.0,0.0,0.0
0.8900244390135525,0.9418126248971436,0.9981117248535156,0.9308161487075225,0.9530720275976923,0.8900244390135525,0.9418126248971436,0.9308161487075225,0.9530720275976923,1.0
0.0,0.0,0.9813499450683594,0.0,0.0,0.0,0.0,0.0,0.0,0.0
0.0,0.0,0.97760009765625,0.0,0.0,0.0,0.0,0.0,0.0,0.0
0.0,0.0,0.9706764221191406,0.0,0.0,0.0,0.0,0.0,0.0,0.0
0.0,0.0,0.9787225723266602,0.0,0.0,0.0,0.0,0.0,0.0,0.0
0.0,0.0,0.9809989929199219,0.0,0.0,0.0,0.0,0.0,0.0,0.0
0.0,0.0,0.9760684967041016,0.0,0.0,0.0,0.0,0.0,0.0,0.0
0.0,0.0,0.9797296524047852,0.0,0.0,0.0,0.0,0.0,0.0,0.0
0.0,0.0,0.9801969528198242,0.0,0.0,0.0,0.0,0.0,0.0,0.0
0.0,0.0,0.9769620895385742,0.0,0.0,0.0,0.0,0.0,0.0,0.0
0.0,0.0,0.9930801391601562,0.0,0.0,0.0,0.0,0.0,0.0,0.0
0.0,0.0,0.9801788330078125,0.0,0.0,0.0,0.0,0.0,0.0,0.0
0.0,0.0,0.9881010055541992,0.0,0.0,0.0,0.0,0.0,0.0,0.0
0.0,0.0,0.9857616424560547,0.0,0.0,0.0,0.0,0.0,0.0,0.0
0.0,0.0,0.9778814315795898,0.0,0.0,0.0,0.0,0.0,0.0,0.0
0.0,0.0,0.9789762496948242,0.0,0.0,0.0,0.0,0.0,0.0,0.0
0.0,0.0,0.9778852462768555,0.0,0.0,0.0,0.0,0.0,0.0,0.0
0.0,0.0,0.9951772689819336,0.0,0.0,0.0,0.0,0.0,0.0,0.0
0.0,0.0,0.9954032897949219,0.0,0.0,0.0,0.0,0.0,0.0,0.0
0.0,0.0,0.9858722686767578,0.0,0.0,0.0,0.0,0.0,0.0,0.0
0.0,0.0,0.9885845184326172,0.0,0.0,0.0,0.0,0.0,0.0,0.0
0.0,0.0,0.9934358596801758,0.0,0.0,0.0,0.0,0.0,0.0,0.0
0.0,0.0,0.997014045715332,0.0,0.0,0.0,0.0,0.0,0.0,0.0
0.0,0.0,0.9988260269165039,0.0,0.0,0.0,0.0,0.0,0.0,0.0
0.0,0.0,0.9989547729492188,0.0,0.0,0.0,0.0,0.0,0.0,0.0
0.0,0.0,0.9841642379760742,0.0,0.0,0.0,0.0,0.0,0.0,0.0
0.0,0.0,0.998356819152832,0.0,0.0,0.0,0.0,0.0,0.0,0.0
0.0,0.0,0.99554443359375,0.0,0.0,0.0,0.0,0.0,0.0,0.0
0.0,0.0,0.9990034103393555,0.0,0.0,0.0,0.0,0.0,0.0,0.0
0.0,0.0,0.9989433288574219,0.0,0.0,0.0,0.0,0.0,0.0,0.0
0.0,0.0,0.9964771270751953,0.0,0.0,0.0,0.0,0.0,0.0,0.0
0.0,0.0,0.9861736297607422,0.0,0.0,0.0,0.0,0.0,0.0,0.0
0.0,0.0,0.9970827102661133,0.0,0.0,0.0,0.0,0.0,0.0,0.0
0.0,0.0,0.9936552047729492,0.0,0.0,0.0,0.0,0.0,0.0,0.0
0.0,0.0,0.9947013854980469,0.0,0.0,0.0,0.0,0.0,0.0,0.0
0.0,0.0,0.9962434768676758,0.0,0.0,0.0,0.0,0.0,0.0,0.0
0.0,0.0,0.9961071014404297,0.0,0.0,0.0,0.0,0.0,0.0,0.0
0.0,0.0,0.9945201873779297,0.0,0.0,0.0,0.0,0.0,0.0,0.0
0.0,0.0,0.9990615844726562,0.0,0.0,0.0,0.0,0.0,0.0,0.0
0.0,0.0,0.9952430725097656,0.0,0.0,0.0,0.0,0.0,0.0,0.0
0.0,0.0,0.9950771331787109,0.0,0.0,0.0,0.0,0.0,0.0,0.0
0.0,0.0,0.9948854446411133,0.0,0.0,0.0,0.0,0.0,0.0,0.0
0.0,0.0,0.9953088760375977,0.0,0.0,0.0,0.0,0.0,0.0,0.0
0.0,0.0,0.9957084655761719,0.0,0.0,0.0,0.0,0.0,0.0,0.0
0.0,0.0,0.9974231719970703,0.0,0.0,0.0,0.0,0.0,0.0,0.0
0.0,0.0,0.9990100860595703,0.0,0.0,0.0,0.0,0.0,0.0,0.0
0.0,0.0,0.997161865234375,0.0,0.0,0.0,0.0,0.0,0.0,0.0
0.0,0.0,0.9989595413208008,0.0,0.0,0.0,0.0,0.0,0.0,0.0
0.0,0.0,0.9809360504150391,0.0,0.0,0.0,0.0,0.0,0.0,0.0
0.0,0.0,0.9840736389160156,0.0,0.0,0.0,0.0,0.0,0.0,0.0
0.0,0.0,0.9808359146118164,0.0,0.0,0.0,0.0,0.0,0.0,0.0
0.0,0.0,0.9588966369628906,0.0,0.0,0.0,0.0,0.0,0.0,0.0
0.0,0.0,0.9915037155151367,0.0,0.0,0.0,0.0,0.0,0.0,0.0
0.0,0.0,0.9335575103759766,0.0,0.0,0.0,0.0,0.0,0.0,0.0
0.0,0.0,0.9674043655395508,0.0,0.0,0.0,0.0,0.0,0.0,0.0
0.0,0.0,0.9925060272216797,0.0,0.0,0.0,0.0,0.0,0.0,0.0
0.0,0.0,0.9722900390625,0.0,0.0,0.0,0.0,0.0,0.0,0.0
0.0,0.0,0.966364860534668,0.0,0.0,0.0,0.0,0.0,0.0,0.0
0.0,0.0,0.9350471496582031,0.0,0.0,0.0,0.0,0.0,0.0,0.0
0.0,0.0,0.9893465042114258,0.0,0.0,0.0,0.0,0.0,0.0,0.0
0.8129157877656985,0.8968047972791551,0.9989004135131836,0.8911419423692636,0.9025400828679517,0.8129157877656985,0.8968047972791551,0.8911419423692636,0.9025400828679517,1.0
0.0,0.0,0.9735898971557617,0.0,0.0,0.0,0.0,0.0,0.0,0.0
0.0,0.0,0.9484786987304688,0.0,0.0,0.0,0.0,0.0,0.0,0.0
0.0,0.0,0.9935064315795898,0.0,0.0,0.0,0.0,0.0,0.0,0.0
0.0,0.0,0.9932031631469727,0.0,0.0,0.0,0.0,0.0,0.0,0.0
0.0,0.0,0.9772682189941406,0.0,0.0,0.0,0.0,0.0,0.0,0.0
0.0,0.0,0.9940023422241211,0.0,0.0,0.0,0.0,0.0,0.0,0.0
0.0,0.0,0.9828996658325195,0.0,0.0,0.0,0.0,0.0,0.0,0.0
0.0,0.0,0.9936637878417969,0.0,0.0,0.0,0.0,0.0,0.0,0.0
0.0,0.0,0.9863739013671875,0.0,0.0,0.0,0.0,0.0,0.0,0.0
0.0,0.0,0.9943733215332031,0.0,0.0,0.0,0.0,0.0,0.0,0.0
0.0,0.0,0.9814310073852539,0.0,0.0,0.0,0.0,0.0,0.0,0.0
0.0,0.0,0.9894647598266602,0.0,0.0,0.0,0.0,0.0,0.0,0.0
0.0,0.0,0.986323356628418,0.0,0.0,0.0,0.0,0.0,0.0,0.0
0.0,0.0,0.9276208877563477,0.0,0.0,0.0,0.0,0.0,0.0,0.0
0.13365007229911174,0.2357871720116618,0.9800014495849609,0.1407439634544268,0.7261503928170595,0.13365007229911174,0.2357871720116618,0.1407439634544268,0.7261503928170595,0.0
0.0,0.0,0.9248170852661133,0.0,0.0,0.0,0.0,0.0,0.0,0.0
0.0,0.0,0.9042701721191406,0.0,0.0,0.0,0.0,0.0,0.0,0.0
0.0,0.0,0.9194974899291992,0.0,0.0,0.0,0.0,0.0,0.0,0.0
0.0,0.0,0.9209175109863281,0.0,0.0,0.0,0.0,0.0,0.0,0.0
0.0,0.0,0.9135217666625977,0.0,0.0,0.0,0.0,0.0,0.0,0.0
0.7674137065580063,0.8684030272148621,0.9849758148193359,0.9794610891275674,0.7799651881639758,0.7674137065580063,0.8684030272148621,0.9794610891275674,0.7799651881639758,1.0
0.0,0.0,0.9241876602172852,0.0,0.0,0.0,0.0,0.0,0.0,0.0
0.0,0.0,0.9239883422851562,0.0,0.0,0.0,0.0,0.0,0.0,0.0
0.0,0.0,0.9294137954711914,0.0,0.0,0.0,0.0,0.0,0.0,0.0
0.0,0.0,0.9330501556396484,0.0,0.0,0.0,0.0,0.0,0.0,0.0
0.0,0.0,0.9295530319213867,0.0,0.0,0.0,0.0,0.0,0.0,0.0
0.0,0.0,0.9777126312255859,0.0,0.0,0.0,0.0,0.0,0.0,0.0
0.0,0.0,0.978062629699707,0.0,0.0,0.0,0.0,0.0,0.0,0.0
0.0,0.0,0.9393424987792969,0.0,0.0,0.0,0.0,0.0,0.0,0.0
0.0,0.0,0.9645719528198242,0.0,0.0,0.0,0.0,0.0,0.0,0.0
0.0,0.0,0.9769430160522461,0.0,0.0,0.0,0.0,0.0,0.0,0.0
0.0,0.0,0.9719171524047852,0.0,0.0,0.0,0.0,0.0,0.0,0.0
0.0,0.0,0.9659700393676758,0.0,0.0,0.0,0.0,0.0,0.0,0.0
0.0,0.0,0.9536914825439453,0.0,0.0,0.0,0.0,0.0,0.0,0.0
0.0,0.0,0.9533805847167969,0.0,0.0,0.0,0.0,0.0,0.0,0.0
0.0,0.0,0.9348869323730469,0.0,0.0,0.0,0.0,0.0,0.0,0.0
0.0,0.0,0.9752922058105469,0.0,0.0,0.0,0.0,0.0,0.0,0.0
0.0,0.0,0.9578275680541992,0.0,0.0,0.0,0.0,0.0,0.0,0.0
0.0,0.0,0.9879007339477539,0.0,0.0,0.0,0.0,0.0,0.0,0.0
0.0,0.0,0.9800510406494141,0.0,0.0,0.0,0.0,0.0,0.0,0.0
0.0,0.0,0.9905452728271484,0.0,0.0,0.0,0.0,0.0,0.0,0.0
0.0,0.0,0.9872646331787109,0.0,0.0,0.0,0.0,0.0,0.0,0.0
0.0,0.0,0.9774169921875,0.0,0.0,0.0,0.0,0.0,0.0,0.0
0.0,0.0,0.9891023635864258,0.0,0.0,0.0,0.0,0.0,0.0,0.0
0.0,0.0,0.9901704788208008,0.0,0.0,0.0,0.0,0.0,0.0,0.0
0.0,0.0,0.9802131652832031,0.0,0.0,0.0,0.0,0.0,0.0,0.0
0.0,0.0,0.9879903793334961,0.0,0.0,0.0,0.0,0.0,0.0,0.0
0.0,0.0,0.9895973205566406,0.0,0.0,0.0,0.0,0.0,0.0,0.0
0.0,0.0,0.9871730804443359,0.0,0.0,0.0,0.0,0.0,0.0,0.0
0.0,0.0,0.9910259246826172,0.0,0.0,0.0,0.0,0.0,0.0,0.0
0.0,0.0,0.9890985488891602,0.0,0.0,0.0,0.0,0.0,0.0,0.0
0.0,0.0,0.9839181900024414,0.0,0.0,0.0,0.0,0.0,0.0,0.0
0.0,0.0,0.9888153076171875,0.0,0.0,0.0,0.0,0.0,0.0,0.0
0.0,0.0,0.9787960052490234,0.0,0.0,0.0,0.0,0.0,0.0,0.0
0.0,0.0,0.9841270446777344,0.0,0.0,0.0,0.0,0.0,0.0,0.0
0.0,0.0,0.991450309753418,0.0,0.0,0.0,0.0,0.0,0.0,0.0
0.0,0.0,0.9865446090698242,0.0,0.0,0.0,0.0,0.0,0.0,0.0
0.0,0.0,0.9732141494750977,0.0,0.0,0.0,0.0,0.0,0.0,0.0
0.0,0.0,0.9900588989257812,0.0,0.0,0.0,0.0,0.0,0.0,0.0
0.0,0.0,0.9737148284912109,0.0,0.0,0.0,0.0,0.0,0.0,0.0
0.0,0.0,0.9899835586547852,0.0,0.0,0.0,0.0,0.0,0.0,0.0
0.0,0.0,0.9858598709106445,0.0,0.0,0.0,0.0,0.0,0.0,0.0
0.0,0.0,0.9902009963989258,0.0,0.0,0.0,0.0,0.0,0.0,0.0
0.0,0.0,0.9624423980712891,0.0,0.0,0.0,0.0,0.0,0.0,0.0
0.0,0.0,0.9785661697387695,0.0,0.0,0.0,0.0,0.0,0.0,0.0
0.6554013992647931,0.7918338108882521,0.9972286224365234,0.8132725132430841,0.7714963707426019,0.6554013992647931,0.7918338108882521,0.8132725132430841,0.7714963707426019,1.0
0.0,0.0,0.9778327941894531,0.0,0.0,0.0,0.0,0.0,0.0,0.0
0.0,0.0,0.9627256393432617,0.0,0.0,0.0,0.0,0.0,0.0,0.0
0.0,0.0,0.9906167984008789,0.0,0.0,0.0,0.0,0.0,0.0,0.0
0.0,0.0,0.9917068481445312,0.0,0.0,0.0,0.0,0.0,0.0,0.0
0.0,0.0,0.9870128631591797,0.0,0.0,0.0,0.0,0.0,0.0,0.0
0.0,0.0,0.9855976104736328,0.0,0.0,0.0,0.0,0.0,0.0,0.0
0.0,0.0,0.9905481338500977,0.0,0.0,0.0,0.0,0.0,0.0,0.0
0.0,0.0,0.9918508529663086,0.0,0.0,0.0,0.0,0.0,0.0,0.0
0.0,0.0,0.9926471710205078,0.0,0.0,0.0,0.0,0.0,0.0,0.0
0.0,0.0,0.9854049682617188,0.0,0.0,0.0,0.0,0.0,0.0,0.0
0.0,0.0,0.9926576614379883,0.0,0.0,0.0,0.0,0.0,0.0,0.0
0.0,0.0,0.9844017028808594,0.0,0.0,0.0,0.0,0.0,0.0,0.0
0.0,0.0,0.992680549621582,0.0,0.0,0.0,0.0,0.0,0.0,0.0
0.0,0.0,0.9858388900756836,0.0,0.0,0.0,0.0,0.0,0.0,0.0
0.0,0.0,0.9840250015258789,0.0,0.0,0.0,0.0,0.0,0.0,0.0
0.0,0.0,0.9899415969848633,0.0,0.0,0.0,0.0,0.0,0.0,0.0
0.0,0.0,0.9914979934692383,0.0,0.0,0.0,0.0,0.0,0.0,0.0
0.0,0.0,0.9579792022705078,0.0,0.0,0.0,0.0,0.0,0.0,0.0
0.0,0.0,0.9464073181152344,0.0,0.0,0.0,0.0,0.0,0.0,0.0
0.0,0.0,0.9737138748168945,0.0,0.0,0.0,0.0,0.0,0.0,0.0
0.0,0.0,0.9750967025756836,0.0,0.0,0.0,0.0,0.0,0.0,0.0
0.0,0.0,0.9992523193359375,0.0,0.0,0.0,0.0,0.0,0.0,0.0
0.0,0.0,0.9802236557006836,0.0,0.0,0.0,0.0,0.0,0.0,0.0
0.0,0.0,0.9993562698364258,0.0,0.0,0.0,0.0,0.0,0.0,0.0
0.0,0.0,0.9977760314941406,0.0,0.0,0.0,0.0,0.0,0.0,0.0
0.0,0.0,0.9901399612426758,0.0,0.0,0.0,0.0,0.0,0.0,0.0
0.0,0.0,0.9903745651245117,0.0,0.0,0.0,0.0,0.0,0.0,0.0
0.0,0.0,0.9962482452392578,0.0,0.0,0.0,0.0,0.0,0.0,0.0
0.0,0.0,0.9994649887084961,0.0,0.0,0.0,0.0,0.0,0.0,0.0
0.0,0.0,0.9911718368530273,0.0,0.0,0.0,0.0,0.0,0.0,0.0
0.0,0.0,0.9959840774536133,0.0,0.0,0.0,0.0,0.0,0.0,0.0
0.0,0.0,0.9972705841064453,0.0,0.0,0.0,0.0,0.0,0.0,0.0
0.0,0.0,0.9488611221313477,0.0,0.0,0.0,0.0,0.0,0.0,0.0
0.0,0.0,0.9568653106689453,0.0,0.0,0.0,0.0,0.0,0.0,0.0
0.0,0.0,0.9559135437011719,0.0,0.0,0.0,0.0,0.0,0.0,0.0
0.0,0.0,0.9314041137695312,0.0,0.0,0.0,0.0,0.0,0.0,0.0
0.0,0.0,0.9567232131958008,0.0,0.0,0.0,0.0,0.0,0.0,0.0
0.0,0.0,0.9506168365478516,0.0,0.0,0.0,0.0,0.0,0.0,0.0
0.0,0.0,0.927281379699707,0.0,0.0,0.0,0.0,0.0,0.0,0.0
0.0,0.0,0.9569435119628906,0.0,0.0,0.0,0.0,0.0,0.0,0.0
0.0,0.0,0.9565553665161133,0.0,0.0,0.0,0.0,0.0,0.0,0.0
0.0,0.0,0.9585447311401367,0.0,0.0,0.0,0.0,0.0,0.0,0.0
0.0,0.0,0.9633970260620117,0.0,0.0,0.0,0.0,0.0,0.0,0.0
0.0,0.0,0.9625310897827148,0.0,0.0,0.0,0.0,0.0,0.0,0.0
0.0,0.0,0.9530143737792969,0.0,0.0,0.0,0.0,0.0,0.0,0.0
0.0,0.0,0.9551458358764648,0.0,0.0,0.0,0.0,0.0,0.0,0.0
0.0,0.0,0.9605779647827148,0.0,0.0,0.0,0.0,0.0,0.0,0.0
0.8997287872917474,0.9472181432533855,0.9962978363037109,0.9334601779397578,0.9613877235592846,0.8997287872917474,0.9472181432533855,0.9334601779397578,0.9613877235592846,1.0
0.0,0.0,0.9643840789794922,0.0,0.0,0.0,0.0,0.0,0.0,0.0
0.0,0.0,0.9329843521118164,0.0,0.0,0.0,0.0,0.0,0.0,0.0
0.0,0.0,0.9433193206787109,0.0,0.0,0.0,0.0,0.0,0.0,0.0
0.0,0.0,0.9579811096191406,0.0,0.0,0.0,0.0,0.0,0.0,0.0
0.0,0.0,0.9458751678466797,0.0,0.0,0.0,0.0,0.0,0.0,0.0
0.0,0.0,0.9619846343994141,0.0,0.0,0.0,0.0,0.0,0.0,0.0
0.0,0.0,0.9647750854492188,0.0,0.0,0.0,0.0,0.0,0.0,0.0
0.0,0.0,0.9490547180175781,0.0,0.0,0.0,0.0,0.0,0.0,0.0
0.0,0.0,0.9920244216918945,0.0,0.0,0.0,0.0,0.0,0.0,0.0
0.0,0.0,0.9974040985107422,0.0,0.0,0.0,0.0,0.0,0.0,0.0
0.0,0.0,0.9926996231079102,0.0,0.0,0.0,0.0,0.0,0.0,0.0
0.0,0.0,0.9954051971435547,0.0,0.0,0.0,0.0,0.0,0.0,0.0
0.0,0.0,0.9927864074707031,0.0,0.0,0.0,0.0,0.0,0.0,0.0
0.0,0.0,0.9963235855102539,0.0,0.0,0.0,0.0,0.0,0.0,0.0
0.0,0.0,0.9975814819335938,0.0,0.0,0.0,0.0,0.0,0.0,0.0
0.0,0.0,0.9954710006713867,0.0,0.0,0.0,0.0,0.0,0.0,0.0
0.0,0.0,0.995905876159668,0.0,0.0,0.0,0.0,0.0,0.0,0.0
0.0,0.0,0.9976463317871094,0.0,0.0,0.0,0.0,0.0,0.0,0.0
0.0,0.0,0.9975214004516602,0.0,0.0,0.0,0.0,0.0,0.0,0.0
0.0,0.0,0.9938850402832031,0.0,0.0,0.0,0.0,0.0,0.0,0.0
0.0,0.0,0.9959793090820312,0.0,0.0,0.0,0.0,0.0,0.0,0.0
0.0,0.0,0.9971885681152344,0.0,0.0,0.0,0.0,0.0,0.0,0.0
0.0,0.0,0.9969568252563477,0.0,0.0,0.0,0.0,0.0,0.0,0.0
0.681586978636826,0.8106473079249849,0.9997014999389648,1.0,0.681586978636826,0.681586978636826,0.8106473079249849,1.0,0.681586978636826,1.0
0.0,0.0,0.9975290298461914,0.0,0.0,0.0,0.0,0.0,0.0,0.0
0.0,0.0,0.9974164962768555,0.0,0.0,0.0,0.0,0.0,0.0,0.0
0.0,0.0,0.9975423812866211,0.0,0.0,0.0,0.0,0.0,0.0,0.0
0.0,0.0,0.9975910186767578,0.0,0.0,0.0,0.0,0.0,0.0,0.0
0.0,0.0,0.997319221496582,0.0,0.0,0.0,0.0,0.0,0.0,0.0
0.0,0.0,0.9974308013916016,0.0,0.0,0.0,0.0,0.0,0.0,0.0
0.0,0.0,0.9974470138549805,0.0,0.0,0.0,0.0,0.0,0.0,0.0
0.0,0.0,0.9972209930419922,0.0,0.0,0.0,0.0,0.0,0.0,0.0
0.0,0.0,0.9973745346069336,0.0,0.0,0.0,0.0,0.0,0.0,0.0
0.0,0.0,0.9972972869873047,0.0,0.0,0.0,0.0,0.0,0.0,0.0
0.0,0.0,0.998626708984375,0.0,0.0,0.0,0.0,0.0,0.0,0.0
0.0,0.0,0.997563362121582,0.0,0.0,0.0,0.0,0.0,0.0,0.0
0.0,0.0,0.9974441528320312,0.0,0.0,0.0,0.0,0.0,0.0,0.0
0.0,0.0,0.997593879699707,0.0,0.0,0.0,0.0,0.0,0.0,0.0
0.0,0.0,0.9975900650024414,0.0,0.0,0.0,0.0,0.0,0.0,0.0
0.0,0.0,0.9975156784057617,0.0,0.0,0.0,0.0,0.0,0.0,0.0
0.0,0.0,0.9974470138549805,0.0,0.0,0.0,0.0,0.0,0.0,0.0
0.0,0.0,0.9974346160888672,0.0,0.0,0.0,0.0,0.0,0.0,0.0
0.0,0.0,0.997100830078125,0.0,0.0,0.0,0.0,0.0,0.0,0.0
0.0,0.0,0.9973335266113281,0.0,0.0,0.0,0.0,0.0,0.0,0.0
0.0,0.0,0.9974575042724609,0.0,0.0,0.0,0.0,0.0,0.0,0.0
0.0,0.0,0.9972820281982422,0.0,0.0,0.0,0.0,0.0,0.0,0.0
0.0,0.0,0.9972858428955078,0.0,0.0,0.0,0.0,0.0,0.0,0.0
0.0,0.0,0.9974842071533203,0.0,0.0,0.0,0.0,0.0,0.0,0.0
0.0,0.0,0.997406005859375,0.0,0.0,0.0,0.0,0.0,0.0,0.0
0.0,0.0,0.997528076171875,0.0,0.0,0.0,0.0,0.0,0.0,0.0
0.0,0.0,0.997471809387207,0.0,0.0,0.0,0.0,0.0,0.0,0.0
0.0,0.0,0.9974346160888672,0.0,0.0,0.0,0.0,0.0,0.0,0.0
0.0,0.0,0.9979019165039062,0.0,0.0,0.0,0.0,0.0,0.0,0.0
0.0,0.0,0.9976015090942383,0.0,0.0,0.0,0.0,0.0,0.0,0.0
0.0,0.0,0.998875617980957,0.0,0.0,0.0,0.0,0.0,0.0,0.0
0.0,0.0,0.9976768493652344,0.0,0.0,0.0,0.0,0.0,0.0,0.0
0.0,0.0,0.998591423034668,0.0,0.0,0.0,0.0,0.0,0.0,0.0
0.0,0.0,0.9985246658325195,0.0,0.0,0.0,0.0,0.0,0.0,0.0
0.0,0.0,0.9985685348510742,0.0,0.0,0.0,0.0,0.0,0.0,0.0
0.0,0.0,0.9974069595336914,0.0,0.0,0.0,0.0,0.0,0.0,0.0
0.0,0.0,0.9974784851074219,0.0,0.0,0.0,0.0,0.0,0.0,0.0
0.0,0.0,0.9985990524291992,0.0,0.0,0.0,0.0,0.0,0.0,0.0
0.0,0.0,0.9978408813476562,0.0,0.0,0.0,0.0,0.0,0.0,0.0
0.0,0.0,0.9977054595947266,0.0,0.0,0.0,0.0,0.0,0.0,0.0
0.0,0.0,0.9985637664794922,0.0,0.0,0.0,0.0,0.0,0.0,0.0
0.0,0.0,0.9986333847045898,0.0,0.0,0.0,0.0,0.0,0.0,0.0
0.0,0.0,0.9986076354980469,0.0,0.0,0.0,0.0,0.0,0.0,0.0
0.0,0.0,0.997553825378418,0.0,0.0,0.0,0.0,0.0,0.0,0.0
0.0,0.0,0.9986076354980469,0.0,0.0,0.0,0.0,0.0,0.0,0.0
0.0,0.0,0.9985237121582031,0.0,0.0,0.0,0.0,0.0,0.0,0.0
0.0,0.0,0.9971923828125,0.0,0.0,0.0,0.0,0.0,0.0,0.0
0.0,0.0,0.9976682662963867,0.0,0.0,0.0,0.0,0.0,0.0,0.0
0.0,0.0,0.9986324310302734,0.0,0.0,0.0,0.0,0.0,0.0,0.0
0.0,0.0,0.9976577758789062,0.0,0.0,0.0,0.0,0.0,0.0,0.0
0.0,0.0,0.9973001480102539,0.0,0.0,0.0,0.0,0.0,0.0,0.0
0.0,0.0,0.9974517822265625,0.0,0.0,0.0,0.0,0.0,0.0,0.0
0.0,0.0,0.9985685348510742,0.0,0.0,0.0,0.0,0.0,0.0,0.0
0.0,0.0,0.997462272644043,0.0,0.0,0.0,0.0,0.0,0.0,0.0
0.0,0.0,0.9975309371948242,0.0,0.0,0.0,0.0,0.0,0.0,0.0
0.0,0.0,0.9986543655395508,0.0,0.0,0.0,0.0,0.0,0.0,0.0
0.0,0.0,0.9985561370849609,0.0,0.0,0.0,0.0,0.0,0.0,0.0
0.0,0.0,0.9975557327270508,0.0,0.0,0.0,0.0,0.0,0.0,0.0
0.0,0.0,0.9986438751220703,0.0,0.0,0.0,0.0,0.0,0.0,0.0
0.0,0.0,0.9975271224975586,0.0,0.0,0.0,0.0,0.0,0.0,0.0
0.0,0.0,0.9986305236816406,0.0,0.0,0.0,0.0,0.0,0.0,0.0
0.0,0.0,0.9979314804077148,0.0,0.0,0.0,0.0,0.0,0.0,0.0
0.0,0.0,0.9977827072143555,0.0,0.0,0.0,0.0,0.0,0.0,0.0
0.0,0.0,0.9976882934570312,0.0,0.0,0.0,0.0,0.0,0.0,0.0
0.0,0.0,0.9986839294433594,0.0,0.0,0.0,0.0,0.0,0.0,0.0
0.0,0.0,0.9977607727050781,0.0,0.0,0.0,0.0,0.0,0.0,0.0
0.0,0.0,0.9973554611206055,0.0,0.0,0.0,0.0,0.0,0.0,0.0
0.0,0.0,0.9987049102783203,0.0,0.0,0.0,0.0,0.0,0.0,0.0
0.0,0.0,0.9973077774047852,0.0,0.0,0.0,0.0,0.0,0.0,0.0
0.0,0.0,0.9986248016357422,0.0,0.0,0.0,0.0,0.0,0.0,0.0
0.0,0.0,0.9974794387817383,0.0,0.0,0.0,0.0,0.0,0.0,0.0
0.0,0.0,0.9877395629882812,0.0,0.0,0.0,0.0,0.0,0.0,0.0
0.0,0.0,0.9906101226806641,0.0,0.0,0.0,0.0,0.0,0.0,0.0
0.0,0.0,0.9715900421142578,0.0,0.0,0.0,0.0,0.0,0.0,0.0
0.0,0.0,0.9710283279418945,0.0,0.0,0.0,0.0,0.0,0.0,0.0
0.0,0.0,0.9830150604248047,0.0,0.0,0.0,0.0,0.0,0.0,0.0
0.0,0.0,0.9964933395385742,0.0,0.0,0.0,0.0,0.0,0.0,0.0
0.0,0.0,0.9969635009765625,0.0,0.0,0.0,0.0,0.0,0.0,0.0
0.0,0.0,0.9960727691650391,0.0,0.0,0.0,0.0,0.0,0.0,0.0
0.0,0.0,0.9951934814453125,0.0,0.0,0.0,0.0,0.0,0.0,0.0
0.0,0.0,0.9971456527709961,0.0,0.0,0.0,0.0,0.0,0.0,0.0
0.0,0.0,0.9964056015014648,0.0,0.0,0.0,0.0,0.0,0.0,0.0
0.0,0.0,0.9970054626464844,0.0,0.0,0.0,0.0,0.0,0.0,0.0
0.0,0.0,0.9930734634399414,0.0,0.0,0.0,0.0,0.0,0.0,0.0
0.0,0.0,0.9965286254882812,0.0,0.0,0.0,0.0,0.0,0.0,0.0
0.0,0.0,0.9969596862792969,0.0,0.0,0.0,0.0,0.0,0.0,0.0
0.0,0.0,0.9975070953369141,0.0,0.0,0.0,0.0,0.0,0.0,0.0
0.0,0.0,0.9965982437133789,0.0,0.0,0.0,0.0,0.0,0.0,0.0
0.0,0.0,0.9332094192504883,0.0,0.0,0.0,0.0,0.0,0.0,0.0
0.0,0.0,0.9968280792236328,0.0,0.0,0.0,0.0,0.0,0.0,0.0
0.0,0.0,0.9966135025024414,0.0,0.0,0.0,0.0,0.0,0.0,0.0
0.0,0.0,0.9972505569458008,0.0,0.0,0.0,0.0,0.0,0.0,0.0
0.0,0.0,0.9970569610595703,0.0,0.0,0.0,0.0,0.0,0.0,0.0
0.0,0.0,0.9974098205566406,0.0,0.0,0.0,0.0,0.0,0.0,0.0
0.0,0.0,0.9971151351928711,0.0,0.0,0.0,0.0,0.0,0.0,0.0
0.0,0.0,0.9971532821655273,0.0,0.0,0.0,0.0,0.0,0.0,0.0
0.0,0.0,0.9968709945678711,0.0,0.0,0.0,0.0,0.0,0.0,0.0
0.0,0.0,0.9970951080322266,0.0,0.0,0.0,0.0,0.0,0.0,0.0
0.0,0.0,0.9966058731079102,0.0,0.0,0.0,0.0,0.0,0.0,0.0
0.0,0.0,0.9973201751708984,0.0,0.0,0.0,0.0,0.0,0.0,0.0
0.0,0.0,0.9975051879882812,0.0,0.0,0.0,0.0,0.0,0.0,0.0
0.0,0.0,0.9970483779907227,0.0,0.0,0.0,0.0,0.0,0.0,0.0
0.0,0.0,0.997157096862793,0.0,0.0,0.0,0.0,0.0,0.0,0.0
0.0,0.0,0.9963817596435547,0.0,0.0,0.0,0.0,0.0,0.0,0.0
0.0,0.0,0.9970998764038086,0.0,0.0,0.0,0.0,0.0,0.0,0.0
0.0,0.0,0.9962568283081055,0.0,0.0,0.0,0.0,0.0,0.0,0.0
0.0,0.0,0.9963254928588867,0.0,0.0,0.0,0.0,0.0,0.0,0.0
0.0,0.0,0.9974594116210938,0.0,0.0,0.0,0.0,0.0,0.0,0.0
0.0,0.0,0.9965839385986328,0.0,0.0,0.0,0.0,0.0,0.0,0.0
0.0,0.0,0.9974603652954102,0.0,0.0,0.0,0.0,0.0,0.0,0.0
0.0,0.0,0.996612548828125,0.0,0.0,0.0,0.0,0.0,0.0,0.0
0.0,0.0,0.9974336624145508,0.0,0.0,0.0,0.0,0.0,0.0,0.0
0.0,0.0,0.9966878890991211,0.0,0.0,0.0,0.0,0.0,0.0,0.0
0.0,0.0,0.9973526000976562,0.0,0.0,0.0,0.0,0.0,0.0,0.0
0.0,0.0,0.9973211288452148,0.0,0.0,0.0,0.0,0.0,0.0,0.0
0.0,0.0,0.9972085952758789,0.0,0.0,0.0,0.0,0.0,0.0,0.0
0.0,0.0,0.9974441528320312,0.0,0.0,0.0,0.0,0.0,0.0,0.0
0.0,0.0,0.9965953826904297,0.0,0.0,0.0,0.0,0.0,0.0,0.0
0.0,0.0,0.9929685592651367,0.0,0.0,0.0,0.0,0.0,0.0,0.0
0.0,0.0,0.9929609298706055,0.0,0.0,0.0,0.0,0.0,0.0,0.0
0.0,0.0,0.9932212829589844,0.0,0.0,0.0,0.0,0.0,0.0,0.0
0.0,0.0,0.993901252746582,0.0,0.0,0.0,0.0,0.0,0.0,0.0
0.0,0.0,0.9943904876708984,0.0,0.0,0.0,0.0,0.0,0.0,0.0
0.0,0.0,0.9936351776123047,0.0,0.0,0.0,0.0,0.0,0.0,0.0
0.0,0.0,0.993983268737793,0.0,0.0,0.0,0.0,0.0,0.0,0.0
0.0,0.0,0.9918375015258789,0.0,0.0,0.0,0.0,0.0,0.0,0.0
0.0,0.0,0.9935884475708008,0.0,0.0,0.0,0.0,0.0,0.0,0.0
0.0,0.0,0.9941473007202148,0.0,0.0,0.0,0.0,0.0,0.0,0.0
0.0,0.0,0.9927845001220703,0.0,0.0,0.0,0.0,0.0,0.0,0.0
0.0,0.0,0.9945945739746094,0.0,0.0,0.0,0.0,0.0,0.0,0.0
0.7764635124298316,0.8741677011623971,0.998936653137207,0.8854595336076817,0.8631602406953421,0.7764635124298316,0.8741677011623971,0.8854595336076817,0.8631602406953421,1.0
0.0,0.0,0.9943628311157227,0.0,0.0,0.0,0.0,0.0,0.0,0.0
0.0,0.0,0.9942874908447266,0.0,0.0,0.0,0.0,0.0,0.0,0.0
0.0,0.0,0.9944982528686523,0.0,0.0,0.0,0.0,0.0,0.0,0.0
0.0,0.0,0.9944000244140625,0.0,0.0,0.0,0.0,0.0,0.0,0.0
0.0,0.0,0.9946107864379883,0.0,0.0,0.0,0.0,0.0,0.0,0.0
0.0,0.0,0.9943952560424805,0.0,0.0,0.0,0.0,0.0,0.0,0.0
0.0,0.0,0.9937019348144531,0.0,0.0,0.0,0.0,0.0,0.0,0.0
0.0,0.0,0.9940624237060547,0.0,0.0,0.0,0.0,0.0,0.0,0.0
0.0,0.0,0.9942808151245117,0.0,0.0,0.0,0.0,0.0,0.0,0.0
0.0,0.0,0.9944868087768555,0.0,0.0,0.0,0.0,0.0,0.0,0.0
0.0,0.0,0.9946269989013672,0.0,0.0,0.0,0.0,0.0,0.0,0.0
0.0,0.0,0.9944696426391602,0.0,0.0,0.0,0.0,0.0,0.0,0.0
0.0,0.0,0.9944934844970703,0.0,0.0,0.0,0.0,0.0,0.0,0.0
0.0,0.0,0.9946727752685547,0.0,0.0,0.0,0.0,0.0,0.0,0.0
0.0,0.0,0.9947443008422852,0.0,0.0,0.0,0.0,0.0,0.0,0.0
0.0,0.0,0.9944400787353516,0.0,0.0,0.0,0.0,0.0,0.0,0.0
0.0,0.0,0.9943656921386719,0.0,0.0,0.0,0.0,0.0,0.0,0.0
0.0,0.0,0.9945411682128906,0.0,0.0,0.0,0.0,0.0,0.0,0.0
0.0,0.0,0.9946184158325195,0.0,0.0,0.0,0.0,0.0,0.0,0.0
0.0,0.0,0.9952878952026367,0.0,0.0,0.0,0.0,0.0,0.0,0.0
0.0,0.0,0.9942073822021484,0.0,0.0,0.0,0.0,0.0,0.0,0.0
0.0,0.0,0.9945182800292969,0.0,0.0,0.0,0.0,0.0,0.0,0.0
0.0,0.0,0.9942989349365234,0.0,0.0,0.0,0.0,0.0,0.0,0.0
0.0,0.0,0.994563102722168,0.0,0.0,0.0,0.0,0.0,0.0,0.0
0.0,0.0,0.9946775436401367,0.0,0.0,0.0,0.0,0.0,0.0,0.0
0.0,0.0,0.9944190979003906,0.0,0.0,0.0,0.0,0.0,0.0,0.0
0.0,0.0,0.9944372177124023,0.0,0.0,0.0,0.0,0.0,0.0,0.0
0.0,0.0,0.994755744934082,0.0,0.0,0.0,0.0,0.0,0.0,0.0
0.0,0.0,0.9949007034301758,0.0,0.0,0.0,0.0,0.0,0.0,0.0
0.0,0.0,0.9946756362915039,0.0,0.0,0.0,0.0,0.0,0.0,0.0
0.0,0.0,0.9944934844970703,0.0,0.0,0.0,0.0,0.0,0.0,0.0
0.0,0.0,0.9943819046020508,0.0,0.0,0.0,0.0,0.0,0.0,0.0
0.0,0.0,0.9949512481689453,0.0,0.0,0.0,0.0,0.0,0.0,0.0
0.0,0.0,0.9943971633911133,0.0,0.0,0.0,0.0,0.0,0.0,0.0
0.0,0.0,0.9945240020751953,0.0,0.0,0.0,0.0,0.0,0.0,0.0
0.0,0.0,0.9946737289428711,0.0,0.0,0.0,0.0,0.0,0.0,0.0
0.0,0.0,0.9945898056030273,0.0,0.0,0.0,0.0,0.0,0.0,0.0
0.0,0.0,0.9946451187133789,0.0,0.0,0.0,0.0,0.0,0.0,0.0
0.0,0.0,0.9945526123046875,0.0,0.0,0.0,0.0,0.0,0.0,0.0
0.0,0.0,0.99493408203125,0.0,0.0,0.0,0.0,0.0,0.0,0.0
0.0,0.0,0.9943761825561523,0.0,0.0,0.0,0.0,0.0,0.0,0.0
0.0,0.0,0.9942388534545898,0.0,0.0,0.0,0.0,0.0,0.0,0.0
0.0,0.0,0.9946088790893555,0.0,0.0,0.0,0.0,0.0,0.0,0.0
0.0,0.0,0.9952640533447266,0.0,0.0,0.0,0.0,0.0,0.0,0.0
0.0,0.0,0.9942808151245117,0.0,0.0,0.0,0.0,0.0,0.0,0.0
0.0,0.0,0.9949531555175781,0.0,0.0,0.0,0.0,0.0,0.0,0.0
0.0,0.0,0.9925165176391602,0.0,0.0,0.0,0.0,0.0,0.0,0.0
0.0,0.0,0.9947595596313477,0.0,0.0,0.0,0.0,0.0,0.0,0.0
0.0,0.0,0.9944915771484375,0.0,0.0,0.0,0.0,0.0,0.0,0.0
0.0,0.0,0.9943437576293945,0.0,0.0,0.0,0.0,0.0,0.0,0.0
0.0,0.0,0.9948940277099609,0.0,0.0,0.0,0.0,0.0,0.0,0.0
0.0,0.0,0.9945545196533203,0.0,0.0,0.0,0.0,0.0,0.0,0.0
0.0,0.0,0.9950714111328125,0.0,0.0,0.0,0.0,0.0,0.0,0.0
0.0,0.0,0.9944381713867188,0.0,0.0,0.0,0.0,0.0,0.0,0.0
0.0,0.0,0.9938716888427734,0.0,0.0,0.0,0.0,0.0,0.0,0.0
0.0,0.0,0.9944429397583008,0.0,0.0,0.0,0.0,0.0,0.0,0.0
0.0,0.0,0.9951143264770508,0.0,0.0,0.0,0.0,0.0,0.0,0.0
0.0,0.0,0.9944667816162109,0.0,0.0,0.0,0.0,0.0,0.0,0.0
0.0,0.0,0.9945478439331055,0.0,0.0,0.0,0.0,0.0,0.0,0.0
0.0,0.0,0.9943103790283203,0.0,0.0,0.0,0.0,0.0,0.0,0.0
0.0,0.0,0.9944562911987305,0.0,0.0,0.0,0.0,0.0,0.0,0.0
0.0,0.0,0.9953193664550781,0.0,0.0,0.0,0.0,0.0,0.0,0.0
0.0,0.0,0.9943513870239258,0.0,0.0,0.0,0.0,0.0,0.0,0.0
0.0,0.0,0.9947576522827148,0.0,0.0,0.0,0.0,0.0,0.0,0.0
0.0,0.0,0.9943914413452148,0.0,0.0,0.0,0.0,0.0,0.0,0.0
0.0,0.0,0.9953250885009766,0.0,0.0,0.0,0.0,0.0,0.0,0.0
0.0,0.0,0.9951610565185547,0.0,0.0,0.0,0.0,0.0,0.0,0.0
0.0,0.0,0.9952363967895508,0.0,0.0,0.0,0.0,0.0,0.0,0.0
0.0,0.0,0.994415283203125,0.0,0.0,0.0,0.0,0.0,0.0,0.0
0.0,0.0,0.9948854446411133,0.0,0.0,0.0,0.0,0.0,0.0,0.0
0.0,0.0,0.9946432113647461,0.0,0.0,0.0,0.0,0.0,0.0,0.0
0.0,0.0,0.9945869445800781,0.0,0.0,0.0,0.0,0.0,0.0,0.0
0.0,0.0,0.9946146011352539,0.0,0.0,0.0,0.0,0.0,0.0,0.0
0.0,0.0,0.9951105117797852,0.0,0.0,0.0,0.0,0.0,0.0,0.0
0.0,0.0,0.994873046875,0.0,0.0,0.0,0.0,0.0,0.0,0.0
0.0,0.0,0.9952363967895508,0.0,0.0,0.0,0.0,0.0,0.0,0.0
0.0,0.0,0.9953041076660156,0.0,0.0,0.0,0.0,0.0,0.0,0.0
0.0,0.0,0.9951896667480469,0.0,0.0,0.0,0.0,0.0,0.0,0.0
0.0,0.0,0.9948663711547852,0.0,0.0,0.0,0.0,0.0,0.0,0.0
0.0,0.0,0.8607501983642578,0.0,0.0,0.0,0.0,0.0,0.0,0.0
0.9095293209876543,0.9526214769168603,0.9977636337280273,0.9316708820739804,0.9745359844570295,0.9095293209876543,0.9526214769168603,0.9316708820739804,0.9745359844570295,1.0
0.0,0.0,0.9237833023071289,0.0,0.0,0.0,0.0,0.0,0.0,0.0
0.0,0.0,0.9620380401611328,0.0,0.0,0.0,0.0,0.0,0.0,0.0
0.0,0.0,0.9425439834594727,0.0,0.0,0.0,0.0,0.0,0.0,0.0
0.0,0.0,0.9752492904663086,0.0,0.0,0.0,0.0,0.0,0.0,0.0
0.0,0.0,0.9751615524291992,0.0,0.0,0.0,0.0,0.0,0.0,0.0
0.0,0.0,0.9728927612304688,0.0,0.0,0.0,0.0,0.0,0.0,0.0
0.0,0.0,0.9755973815917969,0.0,0.0,0.0,0.0,0.0,0.0,0.0
0.0,0.0,0.9757976531982422,0.0,0.0,0.0,0.0,0.0,0.0,0.0
0.0,0.0,0.9758577346801758,0.0,0.0,0.0,0.0,0.0,0.0,0.0
0.0,0.0,0.9758415222167969,0.0,0.0,0.0,0.0,0.0,0.0,0.0
0.0,0.0,0.975799560546875,0.0,0.0,0.0,0.0,0.0,0.0,0.0
0.0,0.0,0.974125862121582,0.0,0.0,0.0,0.0,0.0,0.0,0.0
0.0,0.0,0.9760246276855469,0.0,0.0,0.0,0.0,0.0,0.0,0.0
0.0,0.0,0.9763593673706055,0.0,0.0,0.0,0.0,0.0,0.0,0.0
0.0,0.0,0.9758424758911133,0.0,0.0,0.0,0.0,0.0,0.0,0.0
0.0,0.0,0.9757623672485352,0.0,0.0,0.0,0.0,0.0,0.0,0.0
0.0,0.0,0.9754953384399414,0.0,0.0,0.0,0.0,0.0,0.0,0.0
0.0,0.0,0.9754867553710938,0.0,0.0,0.0,0.0,0.0,0.0,0.0
0.0,0.0,0.9764804840087891,0.0,0.0,0.0,0.0,0.0,0.0,0.0
0.0,0.0,0.9766750335693359,0.0,0.0,0.0,0.0,0.0,0.0,0.0
0.0,0.0,0.9764738082885742,0.0,0.0,0.0,0.0,0.0,0.0,0.0
0.0,0.0,0.9764738082885742,0.0,0.0,0.0,0.0,0.0,0.0,0.0
0.0,0.0,0.9765501022338867,0.0,0.0,0.0,0.0,0.0,0.0,0.0
0.0,0.0,0.9764003753662109,0.0,0.0,0.0,0.0,0.0,0.0,0.0
0.0,0.0,0.975834846496582,0.0,0.0,0.0,0.0,0.0,0.0,0.0
0.0,0.0,0.9763870239257812,0.0,0.0,0.0,0.0,0.0,0.0,0.0
0.0,0.0,0.9759502410888672,0.0,0.0,0.0,0.0,0.0,0.0,0.0
0.0,0.0,0.9751739501953125,0.0,0.0,0.0,0.0,0.0,0.0,0.0
0.0,0.0,0.9728279113769531,0.0,0.0,0.0,0.0,0.0,0.0,0.0
0.0,0.0,0.9764280319213867,0.0,0.0,0.0,0.0,0.0,0.0,0.0
0.0,0.0,0.9762964248657227,0.0,0.0,0.0,0.0,0.0,0.0,0.0
0.0,0.0,0.9765148162841797,0.0,0.0,0.0,0.0,0.0,0.0,0.0
0.0,0.0,0.973231315612793,0.0,0.0,0.0,0.0,0.0,0.0,0.0
0.0,0.0,0.9761142730712891,0.0,0.0,0.0,0.0,0.0,0.0,0.0
0.0,0.0,0.9764785766601562,0.0,0.0,0.0,0.0,0.0,0.0,0.0
0.0,0.0,0.9754543304443359,0.0,0.0,0.0,0.0,0.0,0.0,0.0
0.0,0.0,0.9763727188110352,0.0,0.0,0.0,0.0,0.0,0.0,0.0
0.0,0.0,0.9283103942871094,0.0,0.0,0.0,0.0,0.0,0.0,0.0
0.9318687699603213,0.9647329926861036,0.9986572265625,0.9882992917992405,0.9422644094334084,0.9318687699603213,0.9647329926861036,0.9882992917992405,0.9422644094334084,1.0
0.0,0.0,0.9788665771484375,0.0,0.0,0.0,0.0,0.0,0.0,0.0
0.0,0.0,0.9749422073364258,0.0,0.0,0.0,0.0,0.0,0.0,0.0
0.0,0.0,0.9787425994873047,0.0,0.0,0.0,0.0,0.0,0.0,0.0
0.0,0.0,0.9793519973754883,0.0,0.0,0.0,0.0,0.0,0.0,0.0
0.0,0.0,0.9790248870849609,0.0,0.0,0.0,0.0,0.0,0.0,0.0
0.0,0.0,0.979243278503418,0.0,0.0,0.0,0.0,0.0,0.0,0.0
0.0,0.0,0.979248046875,0.0,0.0,0.0,0.0,0.0,0.0,0.0
0.0,0.0,0.9795475006103516,0.0,0.0,0.0,0.0,0.0,0.0,0.0
0.0,0.0,0.9951772689819336,0.0,0.0,0.0,0.0,0.0,0.0,0.0
0.0,0.0,0.9964599609375,0.0,0.0,0.0,0.0,0.0,0.0,0.0
0.0,0.0,0.997100830078125,0.0,0.0,0.0,0.0,0.0,0.0,0.0
0.0,0.0,0.9971389770507812,0.0,0.0,0.0,0.0,0.0,0.0,0.0
0.0,0.0,0.9968318939208984,0.0,0.0,0.0,0.0,0.0,0.0,0.0
0.0,0.0,0.9981374740600586,0.0,0.0,0.0,0.0,0.0,0.0,0.0
0.0,0.0,0.9979734420776367,0.0,0.0,0.0,0.0,0.0,0.0,0.0
0.0,0.0,0.9987421035766602,0.0,0.0,0.0,0.0,0.0,0.0,0.0
0.0,0.0,0.9981069564819336,0.0,0.0,0.0,0.0,0.0,0.0,0.0
0.0,0.0,0.9982337951660156,0.0,0.0,0.0,0.0,0.0,0.0,0.0
0.0,0.0,0.9983854293823242,0.0,0.0,0.0,0.0,0.0,0.0,0.0
0.0,0.0,0.998321533203125,0.0,0.0,0.0,0.0,0.0,0.0,0.0
0.0,0.0,0.9981231689453125,0.0,0.0,0.0,0.0,0.0,0.0,0.0
0.0,0.0,0.9983024597167969,0.0,0.0,0.0,0.0,0.0,0.0,0.0
0.0,0.0,0.9981203079223633,0.0,0.0,0.0,0.0,0.0,0.0,0.0
0.0,0.0,0.9980010986328125,0.0,0.0,0.0,0.0,0.0,0.0,0.0
0.0,0.0,0.9982509613037109,0.0,0.0,0.0,0.0,0.0,0.0,0.0
0.0,0.0,0.9953098297119141,0.0,0.0,0.0,0.0,0.0,0.0,0.0
0.0,0.0,0.9983987808227539,0.0,0.0,0.0,0.0,0.0,0.0,0.0
0.0,0.0,0.9979457855224609,0.0,0.0,0.0,0.0,0.0,0.0,0.0
0.0,0.0,0.9981374740600586,0.0,0.0,0.0,0.0,0.0,0.0,0.0
0.0,0.0,0.9983549118041992,0.0,0.0,0.0,0.0,0.0,0.0,0.0
0.0,0.0,0.9971189498901367,0.0,0.0,0.0,0.0,0.0,0.0,0.0
0.0,0.0,0.9982881546020508,0.0,0.0,0.0,0.0,0.0,0.0,0.0
0.0,0.0,0.9979734420776367,0.0,0.0,0.0,0.0,0.0,0.0,0.0
0.0,0.0,0.9982872009277344,0.0,0.0,0.0,0.0,0.0,0.0,0.0
0.0,0.0,0.9983205795288086,0.0,0.0,0.0,0.0,0.0,0.0,0.0
0.0,0.0,0.9981288909912109,0.0,0.0,0.0,0.0,0.0,0.0,0.0
0.0,0.0,0.9980697631835938,0.0,0.0,0.0,0.0,0.0,0.0,0.0
0.0,0.0,0.9982719421386719,0.0,0.0,0.0,0.0,0.0,0.0,0.0
0.0,0.0,0.998194694519043,0.0,0.0,0.0,0.0,0.0,0.0,0.0
0.0,0.0,0.9982481002807617,0.0,0.0,0.0,0.0,0.0,0.0,0.0
0.0,0.0,0.9967660903930664,0.0,0.0,0.0,0.0,0.0,0.0,0.0
0.0,0.0,0.9982481002807617,0.0,0.0,0.0,0.0,0.0,0.0,0.0
0.0,0.0,0.998286247253418,0.0,0.0,0.0,0.0,0.0,0.0,0.0
0.0,0.0,0.9983301162719727,0.0,0.0,0.0,0.0,0.0,0.0,0.0
0.0,0.0,0.9981851577758789,0.0,0.0,0.0,0.0,0.0,0.0,0.0
0.0,0.0,0.9981279373168945,0.0,0.0,0.0,0.0,0.0,0.0,0.0
0.0,0.0,0.9983406066894531,0.0,0.0,0.0,0.0,0.0,0.0,0.0
0.0,0.0,0.9979772567749023,0.0,0.0,0.0,0.0,0.0,0.0,0.0
0.0,0.0,0.9981679916381836,0.0,0.0,0.0,0.0,0.0,0.0,0.0
0.0,0.0,0.9981784820556641,0.0,0.0,0.0,0.0,0.0,0.0,0.0
0.0,0.0,0.9982099533081055,0.0,0.0,0.0,0.0,0.0,0.0,0.0
0.0,0.0,0.9983797073364258,0.0,0.0,0.0,0.0,0.0,0.0,0.0
0.0,0.0,0.998382568359375,0.0,0.0,0.0,0.0,0.0,0.0,0.0
0.0,0.0,0.9980802536010742,0.0,0.0,0.0,0.0,0.0,0.0,0.0
0.0,0.0,0.9982070922851562,0.0,0.0,0.0,0.0,0.0,0.0,0.0
0.0,0.0,0.9982089996337891,0.0,0.0,0.0,0.0,0.0,0.0,0.0
0.0,0.0,0.9962987899780273,0.0,0.0,0.0,0.0,0.0,0.0,0.0
0.0,0.0,0.9982519149780273,0.0,0.0,0.0,0.0,0.0,0.0,0.0
0.0,0.0,0.9983053207397461,0.0,0.0,0.0,0.0,0.0,0.0,0.0
0.0,0.0,0.9982242584228516,0.0,0.0,0.0,0.0,0.0,0.0,0.0
0.0,0.0,0.9982442855834961,0.0,0.0,0.0,0.0,0.0,0.0,0.0
0.0,0.0,0.9982118606567383,0.0,0.0,0.0,0.0,0.0,0.0,0.0
0.0,0.0,0.9983634948730469,0.0,0.0,0.0,0.0,0.0,0.0,0.0
0.0,0.0,0.998112678527832,0.0,0.0,0.0,0.0,0.0,0.0,0.0
0.0,0.0,0.9990081787109375,0.0,0.0,0.0,0.0,0.0,0.0,0.0
0.0,0.0,0.998011589050293,0.0,0.0,0.0,0.0,0.0,0.0,0.0
0.0,0.0,0.9984045028686523,0.0,0.0,0.0,0.0,0.0,0.0,0.0
0.0,0.0,0.998478889465332,0.0,0.0,0.0,0.0,0.0,0.0,0.0
0.0,0.0,0.9988870620727539,0.0,0.0,0.0,0.0,0.0,0.0,0.0
0.0,0.0,0.9981412887573242,0.0,0.0,0.0,0.0,0.0,0.0,0.0
0.0,0.0,0.9983587265014648,0.0,0.0,0.0,0.0,0.0,0.0,0.0
0.0,0.0,0.9982261657714844,0.0,0.0,0.0,0.0,0.0,0.0,0.0
0.0,0.0,0.9979743957519531,0.0,0.0,0.0,0.0,0.0,0.0,0.0
0.0,0.0,0.9982490539550781,0.0,0.0,0.0,0.0,0.0,0.0,0.0
0.0,0.0,0.9983282089233398,0.0,0.0,0.0,0.0,0.0,0.0,0.0
0.0,0.0,0.9984807968139648,0.0,0.0,0.0,0.0,0.0,0.0,0.0
0.0,0.0,0.998286247253418,0.0,0.0,0.0,0.0,0.0,0.0,0.0
0.0,0.0,0.9981069564819336,0.0,0.0,0.0,0.0,0.0,0.0,0.0
0.0,0.0,0.9982986450195312,0.0,0.0,0.0,0.0,0.0,0.0,0.0
0.0,0.0,0.9983844757080078,0.0,0.0,0.0,0.0,0.0,0.0,0.0
0.0,0.0,0.9980154037475586,0.0,0.0,0.0,0.0,0.0,0.0,0.0
0.0,0.0,0.9979581832885742,0.0,0.0,0.0,0.0,0.0,0.0,0.0
0.0,0.0,0.9983081817626953,0.0,0.0,0.0,0.0,0.0,0.0,0.0
0.0,0.0,0.9982976913452148,0.0,0.0,0.0,0.0,0.0,0.0,0.0
0.0,0.0,0.9982509613037109,0.0,0.0,0.0,0.0,0.0,0.0,0.0
0.0,0.0,0.9990196228027344,0.0,0.0,0.0,0.0,0.0,0.0,0.0
0.0,0.0,0.9982719421386719,0.0,0.0,0.0,0.0,0.0,0.0,0.0
0.0,0.0,0.9981660842895508,0.0,0.0,0.0,0.0,0.0,0.0,0.0
0.0,0.0,0.9982185363769531,0.0,0.0,0.0,0.0,0.0,0.0,0.0
0.0,0.0,0.9983949661254883,0.0,0.0,0.0,0.0,0.0,0.0,0.0
0.0,0.0,0.9980859756469727,0.0,0.0,0.0,0.0,0.0,0.0,0.0
0.0,0.0,0.9984264373779297,0.0,0.0,0.0,0.0,0.0,0.0,0.0
0.0,0.0,0.9983882904052734,0.0,0.0,0.0,0.0,0.0,0.0,0.0
0.0,0.0,0.9983930587768555,0.0,0.0,0.0,0.0,0.0,0.0,0.0
0.0,0.0,0.9983816146850586,0.0,0.0,0.0,0.0,0.0,0.0,0.0
0.0,0.0,0.9983768463134766,0.0,0.0,0.0,0.0,0.0,0.0,0.0
0.0,0.0,0.9981632232666016,0.0,0.0,0.0,0.0,0.0,0.0,0.0
0.0,0.0,0.9983768463134766,0.0,0.0,0.0,0.0,0.0,0.0,0.0
0.0,0.0,0.9983787536621094,0.0,0.0,0.0,0.0,0.0,0.0,0.0
0.0,0.0,0.9982309341430664,0.0,0.0,0.0,0.0,0.0,0.0,0.0
0.0,0.0,0.9982404708862305,0.0,0.0,0.0,0.0,0.0,0.0,0.0
0.0,0.0,0.9984836578369141,0.0,0.0,0.0,0.0,0.0,0.0,0.0
0.0,0.0,0.9989767074584961,0.0,0.0,0.0,0.0,0.0,0.0,0.0
0.0,0.0,0.9983139038085938,0.0,0.0,0.0,0.0,0.0,0.0,0.0
0.0,0.0,0.9982738494873047,0.0,0.0,0.0,0.0,0.0,0.0,0.0
0.0,0.0,0.9982261657714844,0.0,0.0,0.0,0.0,0.0,0.0,0.0
0.0,0.0,0.99908447265625,0.0,0.0,0.0,0.0,0.0,0.0,0.0
0.0,0.0,0.995814323425293,0.0,0.0,0.0,0.0,0.0,0.0,0.0
0.0,0.0,0.9958171844482422,0.0,0.0,0.0,0.0,0.0,0.0,0.0
0.0,0.0,0.9965610504150391,0.0,0.0,0.0,0.0,0.0,0.0,0.0
0.0,0.0,0.9968757629394531,0.0,0.0,0.0,0.0,0.0,0.0,0.0
0.0,0.0,0.9978876113891602,0.0,0.0,0.0,0.0,0.0,0.0,0.0
0.0,0.0,0.996577262878418,0.0,0.0,0.0,0.0,0.0,0.0,0.0
0.0,0.0,0.9969577789306641,0.0,0.0,0.0,0.0,0.0,0.0,0.0
0.0,0.0,0.9970054626464844,0.0,0.0,0.0,0.0,0.0,0.0,0.0
0.0,0.0,0.9969491958618164,0.0,0.0,0.0,0.0,0.0,0.0,0.0
0.0,0.0,0.997746467590332,0.0,0.0,0.0,0.0,0.0,0.0,0.0
0.0,0.0,0.9970054626464844,0.0,0.0,0.0,0.0,0.0,0.0,0.0
0.0,0.0,0.9971103668212891,0.0,0.0,0.0,0.0,0.0,0.0,0.0
0.0,0.0,0.9979257583618164,0.0,0.0,0.0,0.0,0.0,0.0,0.0
0.0,0.0,0.9975042343139648,0.0,0.0,0.0,0.0,0.0,0.0,0.0
0.0,0.0,0.9970083236694336,0.0,0.0,0.0,0.0,0.0,0.0,0.0
0.0,0.0,0.9980087280273438,0.0,0.0,0.0,0.0,0.0,0.0,0.0
0.0,0.0,0.9972190856933594,0.0,0.0,0.0,0.0,0.0,0.0,0.0
0.0,0.0,0.9976177215576172,0.0,0.0,0.0,0.0,0.0,0.0,0.0
0.0,0.0,0.997838020324707,0.0,0.0,0.0,0.0,0.0,0.0,0.0
0.0,0.0,0.9972200393676758,0.0,0.0,0.0,0.0,0.0,0.0,0.0
0.0,0.0,0.9975070953369141,0.0,0.0,0.0,0.0,0.0,0.0,0.0
0.0,0.0,0.9970254898071289,0.0,0.0,0.0,0.0,0.0,0.0,0.0
0.0,0.0,0.99786376953125,0.0,0.0,0.0,0.0,0.0,0.0,0.0
0.0,0.0,0.9976692199707031,0.0,0.0,0.0,0.0,0.0,0.0,0.0
0.0,0.0,0.9975519180297852,0.0,0.0,0.0,0.0,0.0,0.0,0.0
0.0,0.0,0.9976282119750977,0.0,0.0,0.0,0.0,0.0,0.0,0.0
0.0,0.0,0.9974861145019531,0.0,0.0,0.0,0.0,0.0,0.0,0.0
0.0,0.0,0.9978780746459961,0.0,0.0,0.0,0.0,0.0,0.0,0.0
0.0,0.0,0.9973630905151367,0.0,0.0,0.0,0.0,0.0,0.0,0.0
0.0,0.0,0.9980306625366211,0.0,0.0,0.0,0.0,0.0,0.0,0.0
0.0,0.0,0.9984579086303711,0.0,0.0,0.0,0.0,0.0,0.0,0.0
0.0,0.0,0.9982080459594727,0.0,0.0,0.0,0.0,0.0,0.0,0.0
0.0,0.0,0.9974594116210938,0.0,0.0,0.0,0.0,0.0,0.0,0.0
0.0,0.0,0.9976940155029297,0.0,0.0,0.0,0.0,0.0,0.0,0.0
0.0,0.0,0.9983358383178711,0.0,0.0,0.0,0.0,0.0,0.0,0.0
0.0,0.0,0.9985294342041016,0.0,0.0,0.0,0.0,0.0,0.0,0.0
0.0,0.0,0.9985218048095703,0.0,0.0,0.0,0.0,0.0,0.0,0.0
0.0,0.0,0.9978303909301758,0.0,0.0,0.0,0.0,0.0,0.0,0.0
0.0,0.0,0.9981327056884766,0.0,0.0,0.0,0.0,0.0,0.0,0.0
0.0,0.0,0.9983377456665039,0.0,0.0,0.0,0.0,0.0,0.0,0.0
0.0,0.0,0.9978647232055664,0.0,0.0,0.0,0.0,0.0,0.0,0.0
0.0,0.0,0.9978246688842773,0.0,0.0,0.0,0.0,0.0,0.0,0.0
0.0,0.0,0.9978837966918945,0.0,0.0,0.0,0.0,0.0,0.0,0.0
0.0,0.0,0.9975156784057617,0.0,0.0,0.0,0.0,0.0,0.0,0.0
0.0,0.0,0.9976835250854492,0.0,0.0,0.0,0.0,0.0,0.0,0.0
0.0,0.0,0.9971866607666016,0.0,0.0,0.0,0.0,0.0,0.0,0.0
0.0,0.0,0.9984655380249023,0.0,0.0,0.0,0.0,0.0,0.0,0.0
0.0,0.0,0.9898862838745117,0.0,0.0,0.0,0.0,0.0,0.0,0.0
0.0,0.0,0.9935150146484375,0.0,0.0,0.0,0.0,0.0,0.0,0.0
0.0,0.0,0.987360954284668,0.0,0.0,0.0,0.0,0.0,0.0,0.0
0.0,0.0,0.9935464859008789,0.0,0.0,0.0,0.0,0.0,0.0,0.0
0.0,0.0,0.9963884353637695,0.0,0.0,0.0,0.0,0.0,0.0,0.0
0.0,0.0,0.9968271255493164,0.0,0.0,0.0,0.0,0.0,0.0,0.0
0.0,0.0,0.9949827194213867,0.0,0.0,0.0,0.0,0.0,0.0,0.0
0.0,0.0,0.9988517761230469,0.0,0.0,0.0,0.0,0.0,0.0,0.0
0.0,0.0,0.997406005859375,0.0,0.0,0.0,0.0,0.0,0.0,0.0
0.0,0.0,0.99737548828125,0.0,0.0,0.0,0.0,0.0,0.0,0.0
0.0,0.0,0.9987430572509766,0.0,0.0,0.0,0.0,0.0,0.0,0.0
0.0,0.0,0.9984474182128906,0.0,0.0,0.0,0.0,0.0,0.0,0.0
0.0,0.0,0.9988431930541992,0.0,0.0,0.0,0.0,0.0,0.0,0.0
0.0,0.0,0.9986591339111328,0.0,0.0,0.0,0.0,0.0,0.0,0.0
0.0,0.0,0.9961729049682617,0.0,0.0,0.0,0.0,0.0,0.0,0.0
0.0,0.0,0.9985113143920898,0.0,0.0,0.0,0.0,0.0,0.0,0.0
0.0,0.0,0.9980020523071289,0.0,0.0,0.0,0.0,0.0,0.0,0.0
0.0,0.0,0.9979305267333984,0.0,0.0,0.0,0.0,0.0,0.0,0.0
0.0,0.0,0.9981517791748047,0.0,0.0,0.0,0.0,0.0,0.0,0.0
0.0,0.0,0.9984912872314453,0.0,0.0,0.0,0.0,0.0,0.0,0.0
0.0,0.0,0.9983930587768555,0.0,0.0,0.0,0.0,0.0,0.0,0.0
0.0,0.0,0.9981679916381836,0.0,0.0,0.0,0.0,0.0,0.0,0.0
0.0,0.0,0.9987211227416992,0.0,0.0,0.0,0.0,0.0,0.0,0.0
0.0,0.0,0.998448371887207,0.0,0.0,0.0,0.0,0.0,0.0,0.0
0.0,0.0,0.9985122680664062,0.0,0.0,0.0,0.0,0.0,0.0,0.0
0.0,0.0,0.9985370635986328,0.0,0.0,0.0,0.0,0.0,0.0,0.0
0.0,0.0,0.998530387878418,0.0,0.0,0.0,0.0,0.0,0.0,0.0
0.0,0.0,0.9985275268554688,0.0,0.0,0.0,0.0,0.0,0.0,0.0
0.0,0.0,0.9988021850585938,0.0,0.0,0.0,0.0,0.0,0.0,0.0
0.0,0.0,0.9986286163330078,0.0,0.0,0.0,0.0,0.0,0.0,0.0
0.0,0.0,0.9979095458984375,0.0,0.0,0.0,0.0,0.0,0.0,0.0
0.0,0.0,0.9985342025756836,0.0,0.0,0.0,0.0,0.0,0.0,0.0
0.0,0.0,0.9985466003417969,0.0,0.0,0.0,0.0,0.0,0.0,0.0
0.0,0.0,0.9936656951904297,0.0,0.0,0.0,0.0,0.0,0.0,0.0
0.0,0.0,0.9988021850585938,0.0,0.0,0.0,0.0,0.0,0.0,0.0
0.0,0.0,0.9984445571899414,0.0,0.0,0.0,0.0,0.0,0.0,0.0
0.0,0.0,0.9986953735351562,0.0,0.0,0.0,0.0,0.0,0.0,0.0
0.0,0.0,0.9994497299194336,0.0,0.0,0.0,0.0,0.0,0.0,0.0
0.0,0.0,0.9973955154418945,0.0,0.0,0.0,0.0,0.0,0.0,0.0
0.0,0.0,0.9988775253295898,0.0,0.0,0.0,0.0,0.0,0.0,0.0
0.0,0.0,0.9983434677124023,0.0,0.0,0.0,0.0,0.0,0.0,0.0
0.0,0.0,0.9991397857666016,0.0,0.0,0.0,0.0,0.0,0.0,0.0
0.0,0.0,0.9991397857666016,0.0,0.0,0.0,0.0,0.0,0.0,0.0
0.0,0.0,0.9986410140991211,0.0,0.0,0.0,0.0,0.0,0.0,0.0
0.0,0.0,0.9994935989379883,0.0,0.0,0.0,0.0,0.0,0.0,0.0
0.0,0.0,0.9986162185668945,0.0,0.0,0.0,0.0,0.0,0.0,0.0
0.0,0.0,0.9995307922363281,0.0,0.0,0.0,0.0,0.0,0.0,0.0
0.0,0.0,0.9984169006347656,0.0,0.0,0.0,0.0,0.0,0.0,0.0
0.0,0.0,0.9985446929931641,0.0,0.0,0.0,0.0,0.0,0.0,0.0
0.0,0.0,0.9970331192016602,0.0,0.0,0.0,0.0,0.0,0.0,0.0
0.0,0.0,0.9987583160400391,0.0,0.0,0.0,0.0,0.0,0.0,0.0
0.0,0.0,0.9988174438476562,0.0,0.0,0.0,0.0,0.0,0.0,0.0
0.0,0.0,0.9988412857055664,0.0,0.0,0.0,0.0,0.0,0.0,0.0
0.0,0.0,0.9991207122802734,0.0,0.0,0.0,0.0,0.0,0.0,0.0
0.0,0.0,0.9988069534301758,0.0,0.0,0.0,0.0,0.0,0.0,0.0
0.0,0.0,0.9985647201538086,0.0,0.0,0.0,0.0,0.0,0.0,0.0
0.0,0.0,0.9988212585449219,0.0,0.0,0.0,0.0,0.0,0.0,0.0
0.0,0.0,0.9985361099243164,0.0,0.0,0.0,0.0,0.0,0.0,0.0
0.0,0.0,0.99871826171875,0.0,0.0,0.0,0.0,0.0,0.0,0.0
0.0,0.0,0.9986162185668945,0.0,0.0,0.0,0.0,0.0,0.0,0.0
0.0,0.0,0.9984798431396484,0.0,0.0,0.0,0.0,0.0,0.0,0.0
0.0,0.0,0.9986152648925781,0.0,0.0,0.0,0.0,0.0,0.0,0.0
0.0,0.0,0.9988784790039062,0.0,0.0,0.0,0.0,0.0,0.0,0.0
0.0,0.0,0.9985065460205078,0.0,0.0,0.0,0.0,0.0,0.0,0.0
0.0,0.0,0.9985742568969727,0.0,0.0,0.0,0.0,0.0,0.0,0.0
0.0,0.0,0.9980354309082031,0.0,0.0,0.0,0.0,0.0,0.0,0.0
0.0,0.0,0.9992876052856445,0.0,0.0,0.0,0.0,0.0,0.0,0.0
0.0,0.0,0.9984760284423828,0.0,0.0,0.0,0.0,0.0,0.0,0.0
0.0,0.0,0.9986047744750977,0.0,0.0,0.0,0.0,0.0,0.0,0.0
0.0,0.0,0.999180793762207,0.0,0.0,0.0,0.0,0.0,0.0,0.0
0.0,0.0,0.9996070861816406,0.0,0.0,0.0,0.0,0.0,0.0,0.0
0.0,0.0,0.9994029998779297,0.0,0.0,0.0,0.0,0.0,0.0,0.0
0.0,0.0,0.9978199005126953,0.0,0.0,0.0,0.0,0.0,0.0,0.0
0.0,0.0,0.9994134902954102,0.0,0.0,0.0,0.0,0.0,0.0,0.0
0.0,0.0,0.9986085891723633,0.0,0.0,0.0,0.0,0.0,0.0,0.0
0.0,0.0,0.9984941482543945,0.0,0.0,0.0,0.0,0.0,0.0,0.0
0.0,0.0,0.9995155334472656,0.0,0.0,0.0,0.0,0.0,0.0,0.0
0.0,0.0,0.9986858367919922,0.0,0.0,0.0,0.0,0.0,0.0,0.0
0.0,0.0,0.9985504150390625,0.0,0.0,0.0,0.0,0.0,0.0,0.0
0.0,0.0,0.9993934631347656,0.0,0.0,0.0,0.0,0.0,0.0,0.0
0.0,0.0,0.9993495941162109,0.0,0.0,0.0,0.0,0.0,0.0,0.0
0.0,0.0,0.9993343353271484,0.0,0.0,0.0,0.0,0.0,0.0,0.0
0.0,0.0,0.9989519119262695,0.0,0.0,0.0,0.0,0.0,0.0,0.0
0.0,0.0,0.9987211227416992,0.0,0.0,0.0,0.0,0.0,0.0,0.0
0.0,0.0,0.8933324813842773,0.0,0.0,0.0,0.0,0.0,0.0,0.0
0.0,0.0,0.9884014129638672,0.0,0.0,0.0,0.0,0.0,0.0,0.0
0.0,0.0,0.9952802658081055,0.0,0.0,0.0,0.0,0.0,0.0,0.0
0.0,0.0,0.7731008529663086,0.0,0.0,0.0,0.0,0.0,0.0,0.0
0.0,0.0,0.9984598159790039,0.0,0.0,0.0,0.0,0.0,0.0,0.0
0.9291907514450867,0.9632958801498127,0.9999065399169922,0.9846860643185299,0.9428152492668622,0.9291907514450867,0.9632958801498127,0.9846860643185299,0.9428152492668622,1.0
0.0,0.0,0.9495277404785156,0.0,0.0,0.0,0.0,0.0,0.0,0.0
0.0,0.0,0.9977664947509766,0.0,0.0,0.0,0.0,0.0,0.0,0.0
0.0,0.0,0.997955322265625,0.0,0.0,0.0,0.0,0.0,0.0,0.0
0.0,0.0,0.998042106628418,0.0,0.0,0.0,0.0,0.0,0.0,0.0
0.0,0.0,0.9986581802368164,0.0,0.0,0.0,0.0,0.0,0.0,0.0
0.018554062699936022,0.0364321608040201,0.9985370635986328,0.039030955585464336,0.03415783274440518,0.018554062699936022,0.0364321608040201,0.039030955585464336,0.03415783274440518,0.0
0.0,0.0,0.9981107711791992,0.0,0.0,0.0,0.0,0.0,0.0,0.0
0.0,0.0,0.9986276626586914,0.0,0.0,0.0,0.0,0.0,0.0,0.0
0.0,0.0,0.9988021850585938,0.0,0.0,0.0,0.0,0.0,0.0,0.0
0.0,0.0,0.9987716674804688,0.0,0.0,0.0,0.0,0.0,0.0,0.0
0.0,0.0,0.9986629486083984,0.0,0.0,0.0,0.0,0.0,0.0,0.0
0.0,0.0,0.9986543655395508,0.0,0.0,0.0,0.0,0.0,0.0,0.0
0.0,0.0,0.9985685348510742,0.0,0.0,0.0,0.0,0.0,0.0,0.0
0.0,0.0,0.9987630844116211,0.0,0.0,0.0,0.0,0.0,0.0,0.0
0.0,0.0,0.9987335205078125,0.0,0.0,0.0,0.0,0.0,0.0,0.0
0.0,0.0,0.9987478256225586,0.0,0.0,0.0,0.0,0.0,0.0,0.0
0.0,0.0,0.9981393814086914,0.0,0.0,0.0,0.0,0.0,0.0,0.0
0.0,0.0,0.99871826171875,0.0,0.0,0.0,0.0,0.0,0.0,0.0
0.0,0.0,0.9982757568359375,0.0,0.0,0.0,0.0,0.0,0.0,0.0
0.0,0.0,0.998082160949707,0.0,0.0,0.0,0.0,0.0,0.0,0.0
0.0,0.0,0.9987926483154297,0.0,0.0,0.0,0.0,0.0,0.0,0.0
0.0,0.0,0.9987030029296875,0.0,0.0,0.0,0.0,0.0,0.0,0.0
0.0,0.0,0.9979095458984375,0.0,0.0,0.0,0.0,0.0,0.0,0.0
0.0,0.0,0.9986515045166016,0.0,0.0,0.0,0.0,0.0,0.0,0.0
0.0,0.0,0.9985332489013672,0.0,0.0,0.0,0.0,0.0,0.0,0.0
0.0,0.0,0.9988470077514648,0.0,0.0,0.0,0.0,0.0,0.0,0.0
0.0,0.0,0.9982490539550781,0.0,0.0,0.0,0.0,0.0,0.0,0.0
0.0,0.0,0.9986419677734375,0.0,0.0,0.0,0.0,0.0,0.0,0.0
0.0,0.0,0.9982690811157227,0.0,0.0,0.0,0.0,0.0,0.0,0.0
0.7331118493909191,0.8460063897763578,0.9997701644897461,0.9245810055865922,0.7797408716136631,0.7331118493909191,0.8460063897763578,0.9245810055865922,0.7797408716136631,1.0
0.0,0.0,0.9981975555419922,0.0,0.0,0.0,0.0,0.0,0.0,0.0
0.0,0.0,0.9984731674194336,0.0,0.0,0.0,0.0,0.0,0.0,0.0
0.0,0.0,0.9986543655395508,0.0,0.0,0.0,0.0,0.0,0.0,0.0
0.0,0.0,0.9987564086914062,0.0,0.0,0.0,0.0,0.0,0.0,0.0
0.0,0.0,0.9725046157836914,0.0,0.0,0.0,0.0,0.0,0.0,0.0
0.0,0.0,0.9639711380004883,0.0,0.0,0.0,0.0,0.0,0.0,0.0
0.0,0.0,0.9874706268310547,0.0,0.0,0.0,0.0,0.0,0.0,0.0
0.0,0.0,0.8500757217407227,0.0,0.0,0.0,0.0,0.0,0.0,0.0
0.0,0.0,0.910639762878418,0.0,0.0,0.0,0.0,0.0,0.0,0.0
0.0,0.0,0.9878120422363281,0.0,0.0,0.0,0.0,0.0,0.0,0.0
0.0,0.0,0.9879417419433594,0.0,0.0,0.0,0.0,0.0,0.0,0.0
0.0,0.0,0.9845666885375977,0.0,0.0,0.0,0.0,0.0,0.0,0.0
0.0,0.0,0.9646129608154297,0.0,0.0,0.0,0.0,0.0,0.0,0.0
0.0,0.0,0.9375219345092773,0.0,0.0,0.0,0.0,0.0,0.0,0.0
0.0,0.0,0.9221248626708984,0.0,0.0,0.0,0.0,0.0,0.0,0.0
0.0,0.0,0.9985218048095703,0.0,0.0,0.0,0.0,0.0,0.0,0.0
0.0,0.0,0.9988689422607422,0.0,0.0,0.0,0.0,0.0,0.0,0.0
0.0,0.0,0.9993162155151367,0.0,0.0,0.0,0.0,0.0,0.0,0.0
0.0,0.0,0.9987039566040039,0.0,0.0,0.0,0.0,0.0,0.0,0.0
0.0,0.0,0.9987993240356445,0.0,0.0,0.0,0.0,0.0,0.0,0.0
0.0,0.0,0.9993915557861328,0.0,0.0,0.0,0.0,0.0,0.0,0.0
0.0,0.0,0.9994192123413086,0.0,0.0,0.0,0.0,0.0,0.0,0.0
0.0,0.0,0.9992475509643555,0.0,0.0,0.0,0.0,0.0,0.0,0.0
0.0,0.0,0.998753547668457,0.0,0.0,0.0,0.0,0.0,0.0,0.0
0.0,0.0,0.9989242553710938,0.0,0.0,0.0,0.0,0.0,0.0,0.0
0.0,0.0,0.998805046081543,0.0,0.0,0.0,0.0,0.0,0.0,0.0
0.0,0.0,0.9992275238037109,0.0,0.0,0.0,0.0,0.0,0.0,0.0
0.0,0.0,0.998713493347168,0.0,0.0,0.0,0.0,0.0,0.0,0.0
0.0,0.0,0.9986381530761719,0.0,0.0,0.0,0.0,0.0,0.0,0.0
0.0,0.0,0.9986944198608398,0.0,0.0,0.0,0.0,0.0,0.0,0.0
0.0,0.0,0.9986076354980469,0.0,0.0,0.0,0.0,0.0,0.0,0.0
0.0,0.0,0.9990749359130859,0.0,0.0,0.0,0.0,0.0,0.0,0.0
0.0,0.0,0.9991188049316406,0.0,0.0,0.0,0.0,0.0,0.0,0.0
0.0,0.0,0.9985008239746094,0.0,0.0,0.0,0.0,0.0,0.0,0.0
0.0,0.0,0.9992885589599609,0.0,0.0,0.0,0.0,0.0,0.0,0.0
0.0,0.0,0.9989919662475586,0.0,0.0,0.0,0.0,0.0,0.0,0.0
0.0,0.0,0.9989643096923828,0.0,0.0,0.0,0.0,0.0,0.0,0.0
0.0,0.0,0.9987344741821289,0.0,0.0,0.0,0.0,0.0,0.0,0.0
0.0,0.0,0.9988536834716797,0.0,0.0,0.0,0.0,0.0,0.0,0.0
0.0,0.0,0.9990530014038086,0.0,0.0,0.0,0.0,0.0,0.0,0.0
0.0,0.0,0.9986724853515625,0.0,0.0,0.0,0.0,0.0,0.0,0.0
0.0,0.0,0.9987993240356445,0.0,0.0,0.0,0.0,0.0,0.0,0.0
0.0,0.0,0.9985275268554688,0.0,0.0,0.0,0.0,0.0,0.0,0.0
0.0,0.0,0.9994697570800781,0.0,0.0,0.0,0.0,0.0,0.0,0.0
0.0,0.0,0.9988021850585938,0.0,0.0,0.0,0.0,0.0,0.0,0.0
0.0,0.0,0.9988527297973633,0.0,0.0,0.0,0.0,0.0,0.0,0.0
0.0,0.0,0.99908447265625,0.0,0.0,0.0,0.0,0.0,0.0,0.0
0.0,0.0,0.9990463256835938,0.0,0.0,0.0,0.0,0.0,0.0,0.0
0.0,0.0,0.9987974166870117,0.0,0.0,0.0,0.0,0.0,0.0,0.0
0.0,0.0,0.9995975494384766,0.0,0.0,0.0,0.0,0.0,0.0,0.0
0.0,0.0,0.9987611770629883,0.0,0.0,0.0,0.0,0.0,0.0,0.0
0.0,0.0,0.9996395111083984,0.0,0.0,0.0,0.0,0.0,0.0,0.0
0.0,0.0,0.9993867874145508,0.0,0.0,0.0,0.0,0.0,0.0,0.0
0.0,0.0,0.9988317489624023,0.0,0.0,0.0,0.0,0.0,0.0,0.0
0.0,0.0,0.9995594024658203,0.0,0.0,0.0,0.0,0.0,0.0,0.0
0.0,0.0,0.9994630813598633,0.0,0.0,0.0,0.0,0.0,0.0,0.0
0.0,0.0,0.9986743927001953,0.0,0.0,0.0,0.0,0.0,0.0,0.0
0.0,0.0,0.9994535446166992,0.0,0.0,0.0,0.0,0.0,0.0,0.0
0.0,0.0,0.9983434677124023,0.0,0.0,0.0,0.0,0.0,0.0,0.0
0.0,0.0,0.9988994598388672,0.0,0.0,0.0,0.0,0.0,0.0,0.0
0.0,0.0,0.9995431900024414,0.0,0.0,0.0,0.0,0.0,0.0,0.0
0.0,0.0,0.9987506866455078,0.0,0.0,0.0,0.0,0.0,0.0,0.0
0.0,0.0,0.9995565414428711,0.0,0.0,0.0,0.0,0.0,0.0,0.0
0.0,0.0,0.9995613098144531,0.0,0.0,0.0,0.0,0.0,0.0,0.0
0.0,0.0,0.9986057281494141,0.0,0.0,0.0,0.0,0.0,0.0,0.0
0.0,0.0,0.9988441467285156,0.0,0.0,0.0,0.0,0.0,0.0,0.0
0.0,0.0,0.9994993209838867,0.0,0.0,0.0,0.0,0.0,0.0,0.0
0.0,0.0,0.9987478256225586,0.0,0.0,0.0,0.0,0.0,0.0,0.0
0.0,0.0,0.9995594024658203,0.0,0.0,0.0,0.0,0.0,0.0,0.0
0.0,0.0,0.9987106323242188,0.0,0.0,0.0,0.0,0.0,0.0,0.0
0.0,0.0,0.999537467956543,0.0,0.0,0.0,0.0,0.0,0.0,0.0
0.0,0.0,0.9995393753051758,0.0,0.0,0.0,0.0,0.0,0.0,0.0
0.0,0.0,0.9989137649536133,0.0,0.0,0.0,0.0,0.0,0.0,0.0
0.0,0.0,0.9987497329711914,0.0,0.0,0.0,0.0,0.0,0.0,0.0
0.0,0.0,0.9988794326782227,0.0,0.0,0.0,0.0,0.0,0.0,0.0
0.0,0.0,0.999598503112793,0.0,0.0,0.0,0.0,0.0,0.0,0.0
0.0,0.0,0.999455451965332,0.0,0.0,0.0,0.0,0.0,0.0,0.0
0.0,0.0,0.9989595413208008,0.0,0.0,0.0,0.0,0.0,0.0,0.0
0.0,0.0,0.9997882843017578,0.0,0.0,0.0,0.0,0.0,0.0,0.0
0.0,0.0,0.9994316101074219,0.0,0.0,0.0,0.0,0.0,0.0,0.0
0.0,0.0,0.9995813369750977,0.0,0.0,0.0,0.0,0.0,0.0,0.0
0.0,0.0,0.9992761611938477,0.0,0.0,0.0,0.0,0.0,0.0,0.0
0.0,0.0,0.9987459182739258,0.0,0.0,0.0,0.0,0.0,0.0,0.0
0.0,0.0,0.9994935989379883,0.0,0.0,0.0,0.0,0.0,0.0,0.0
0.0,0.0,0.9994602203369141,0.0,0.0,0.0,0.0,0.0,0.0,0.0
0.0,0.0,0.9994831085205078,0.0,0.0,0.0,0.0,0.0,0.0,0.0
0.0,0.0,0.9995441436767578,0.0,0.0,0.0,0.0,0.0,0.0,0.0
0.0,0.0,0.9994926452636719,0.0,0.0,0.0,0.0,0.0,0.0,0.0
0.0,0.0,0.9996576309204102,0.0,0.0,0.0,0.0,0.0,0.0,0.0
0.0,0.0,0.9994401931762695,0.0,0.0,0.0,0.0,0.0,0.0,0.0
0.0,0.0,0.9994173049926758,0.0,0.0,0.0,0.0,0.0,0.0,0.0
0.0,0.0,0.9994382858276367,0.0,0.0,0.0,0.0,0.0,0.0,0.0
0.0,0.0,0.9995460510253906,0.0,0.0,0.0,0.0,0.0,0.0,0.0
0.0,0.0,0.9994401931762695,0.0,0.0,0.0,0.0,0.0,0.0,0.0
0.0,0.0,0.9995479583740234,0.0,0.0,0.0,0.0,0.0,0.0,0.0
0.0,0.0,0.9990777969360352,0.0,0.0,0.0,0.0,0.0,0.0,0.0
0.0,0.0,0.9995231628417969,0.0,0.0,0.0,0.0,0.0,0.0,0.0
0.0,0.0,0.9994611740112305,0.0,0.0,0.0,0.0,0.0,0.0,0.0
0.0,0.0,0.9995546340942383,0.0,0.0,0.0,0.0,0.0,0.0,0.0
0.0,0.0,0.9995794296264648,0.0,0.0,0.0,0.0,0.0,0.0,0.0
0.0,0.0,0.9940481185913086,0.0,0.0,0.0,0.0,0.0,0.0,0.0
0.0,0.0,0.97906494140625,0.0,0.0,0.0,0.0,0.0,0.0,0.0
0.0,0.0,0.9980621337890625,0.0,0.0,0.0,0.0,0.0,0.0,0.0
0.0,0.0,0.9989557266235352,0.0,0.0,0.0,0.0,0.0,0.0,0.0
0.0,0.0,0.9968280792236328,0.0,0.0,0.0,0.0,0.0,0.0,0.0
0.0,0.0,0.9989862442016602,0.0,0.0,0.0,0.0,0.0,0.0,0.0
0.0,0.0,0.9988346099853516,0.0,0.0,0.0,0.0,0.0,0.0,0.0
0.0,0.0,0.9986047744750977,0.0,0.0,0.0,0.0,0.0,0.0,0.0
0.0,0.0,0.9990501403808594,0.0,0.0,0.0,0.0,0.0,0.0,0.0
0.0,0.0,0.9983119964599609,0.0,0.0,0.0,0.0,0.0,0.0,0.0
0.0,0.0,0.9986152648925781,0.0,0.0,0.0,0.0,0.0,0.0,0.0
0.0,0.0,0.9980640411376953,0.0,0.0,0.0,0.0,0.0,0.0,0.0
0.0,0.0,0.9986295700073242,0.0,0.0,0.0,0.0,0.0,0.0,0.0
0.0,0.0,0.9986324310302734,0.0,0.0,0.0,0.0,0.0,0.0,0.0
0.0,0.0,0.9989728927612305,0.0,0.0,0.0,0.0,0.0,0.0,0.0
0.0,0.0,0.9988412857055664,0.0,0.0,0.0,0.0,0.0,0.0,0.0
0.0,0.0,0.9990711212158203,0.0,0.0,0.0,0.0,0.0,0.0,0.0
0.0,0.0,0.9978923797607422,0.0,0.0,0.0,0.0,0.0,0.0,0.0
0.0,0.0,0.9986515045166016,0.0,0.0,0.0,0.0,0.0,0.0,0.0
0.0,0.0,0.9987659454345703,0.0,0.0,0.0,0.0,0.0,0.0,0.0
0.0,0.0,0.9985456466674805,0.0,0.0,0.0,0.0,0.0,0.0,0.0
0.0,0.0,0.9986629486083984,0.0,0.0,0.0,0.0,0.0,0.0,0.0
0.0,0.0,0.9996480941772461,0.0,0.0,0.0,0.0,0.0,0.0,0.0
0.0,0.0,0.9990024566650391,0.0,0.0,0.0,0.0,0.0,0.0,0.0
0.0,0.0,0.9990510940551758,0.0,0.0,0.0,0.0,0.0,0.0,0.0
0.0,0.0,0.9991321563720703,0.0,0.0,0.0,0.0,0.0,0.0,0.0
0.0,0.0,0.9988222122192383,0.0,0.0,0.0,0.0,0.0,0.0,0.0
0.0,0.0,0.999725341796875,0.0,0.0,0.0,0.0,0.0,0.0,0.0
0.0,0.0,0.9989938735961914,0.0,0.0,0.0,0.0,0.0,0.0,0.0
0.0,0.0,0.9991312026977539,0.0,0.0,0.0,0.0,0.0,0.0,0.0
0.0,0.0,0.9989824295043945,0.0,0.0,0.0,0.0,0.0,0.0,0.0
0.0,0.0,0.9986658096313477,0.0,0.0,0.0,0.0,0.0,0.0,0.0
0.0,0.0,0.999547004699707,0.0,0.0,0.0,0.0,0.0,0.0,0.0
0.0,0.0,0.9990234375,0.0,0.0,0.0,0.0,0.0,0.0,0.0
0.0,0.0,0.9986772537231445,0.0,0.0,0.0,0.0,0.0,0.0,0.0
0.0,0.0,0.9986915588378906,0.0,0.0,0.0,0.0,0.0,0.0,0.0
0.0,0.0,0.9989080429077148,0.0,0.0,0.0,0.0,0.0,0.0,0.0
0.0,0.0,0.9978551864624023,0.0,0.0,0.0,0.0,0.0,0.0,0.0
0.0,0.0,0.9990701675415039,0.0,0.0,0.0,0.0,0.0,0.0,0.0
0.0,0.0,0.9990453720092773,0.0,0.0,0.0,0.0,0.0,0.0,0.0
0.0,0.0,0.9988498687744141,0.0,0.0,0.0,0.0,0.0,0.0,0.0
0.0,0.0,0.9997549057006836,0.0,0.0,0.0,0.0,0.0,0.0,0.0
0.0,0.0,0.9987707138061523,0.0,0.0,0.0,0.0,0.0,0.0,0.0
0.0,0.0,0.9990577697753906,0.0,0.0,0.0,0.0,0.0,0.0,0.0
0.0,0.0,0.9990053176879883,0.0,0.0,0.0,0.0,0.0,0.0,0.0
0.0,0.0,0.9989032745361328,0.0,0.0,0.0,0.0,0.0,0.0,0.0
0.0,0.0,0.9989261627197266,0.0,0.0,0.0,0.0,0.0,0.0,0.0
0.0,0.0,0.9987688064575195,0.0,0.0,0.0,0.0,0.0,0.0,0.0
0.0,0.0,0.9986896514892578,0.0,0.0,0.0,0.0,0.0,0.0,0.0
0.0,0.0,0.9989538192749023,0.0,0.0,0.0,0.0,0.0,0.0,0.0
0.0,0.0,0.9988508224487305,0.0,0.0,0.0,0.0,0.0,0.0,0.0
0.0,0.0,0.9989681243896484,0.0,0.0,0.0,0.0,0.0,0.0,0.0
0.0,0.0,0.9984464645385742,0.0,0.0,0.0,0.0,0.0,0.0,0.0
0.0,0.0,0.9980440139770508,0.0,0.0,0.0,0.0,0.0,0.0,0.0
0.0,0.0,0.9989776611328125,0.0,0.0,0.0,0.0,0.0,0.0,0.0
0.0,0.0,0.9985380172729492,0.0,0.0,0.0,0.0,0.0,0.0,0.0
0.0,0.0,0.9990577697753906,0.0,0.0,0.0,0.0,0.0,0.0,0.0
0.0,0.0,0.9995365142822266,0.0,0.0,0.0,0.0,0.0,0.0,0.0
0.0,0.0,0.9995250701904297,0.0,0.0,0.0,0.0,0.0,0.0,0.0
0.0,0.0,0.9989528656005859,0.0,0.0,0.0,0.0,0.0,0.0,0.0
0.0,0.0,0.99871826171875,0.0,0.0,0.0,0.0,0.0,0.0,0.0
0.0,0.0,0.9989700317382812,0.0,0.0,0.0,0.0,0.0,0.0,0.0
0.0,0.0,0.9983043670654297,0.0,0.0,0.0,0.0,0.0,0.0,0.0
0.0,0.0,0.9989547729492188,0.0,0.0,0.0,0.0,0.0,0.0,0.0
0.0,0.0,0.9994497299194336,0.0,0.0,0.0,0.0,0.0,0.0,0.0
0.0,0.0,0.9987001419067383,0.0,0.0,0.0,0.0,0.0,0.0,0.0
0.0,0.0,0.9985342025756836,0.0,0.0,0.0,0.0,0.0,0.0,0.0
0.0,0.0,0.9990921020507812,0.0,0.0,0.0,0.0,0.0,0.0,0.0
0.0,0.0,0.998927116394043,0.0,0.0,0.0,0.0,0.0,0.0,0.0
0.0,0.0,0.9980001449584961,0.0,0.0,0.0,0.0,0.0,0.0,0.0
0.0,0.0,0.9995851516723633,0.0,0.0,0.0,0.0,0.0,0.0,0.0
0.0,0.0,0.9988899230957031,0.0,0.0,0.0,0.0,0.0,0.0,0.0
0.0,0.0,0.9985866546630859,0.0,0.0,0.0,0.0,0.0,0.0,0.0
0.0,0.0,0.9990463256835938,0.0,0.0,0.0,0.0,0.0,0.0,0.0
0.0,0.0,0.9991006851196289,0.0,0.0,0.0,0.0,0.0,0.0,0.0
0.0,0.0,0.9989662170410156,0.0,0.0,0.0,0.0,0.0,0.0,0.0
0.0,0.0,0.9989185333251953,0.0,0.0,0.0,0.0,0.0,0.0,0.0
0.0,0.0,0.9991121292114258,0.0,0.0,0.0,0.0,0.0,0.0,0.0
0.0,0.0,0.9994773864746094,0.0,0.0,0.0,0.0,0.0,0.0,0.0
0.0,0.0,0.9994535446166992,0.0,0.0,0.0,0.0,0.0,0.0,0.0
0.0,0.0,0.9994668960571289,0.0,0.0,0.0,0.0,0.0,0.0,0.0
0.0,0.0,0.9995594024658203,0.0,0.0,0.0,0.0,0.0,0.0,0.0
0.0,0.0,0.998957633972168,0.0,0.0,0.0,0.0,0.0,0.0,0.0
0.0,0.0,0.9989795684814453,0.0,0.0,0.0,0.0,0.0,0.0,0.0
0.0,0.0,0.999481201171875,0.0,0.0,0.0,0.0,0.0,0.0,0.0
0.0,0.0,0.9990835189819336,0.0,0.0,0.0,0.0,0.0,0.0,0.0
0.0,0.0,0.9994583129882812,0.0,0.0,0.0,0.0,0.0,0.0,0.0
0.0,0.0,0.9995765686035156,0.0,0.0,0.0,0.0,0.0,0.0,0.0
0.0,0.0,0.9987268447875977,0.0,0.0,0.0,0.0,0.0,0.0,0.0
0.0,0.0,0.9991550445556641,0.0,0.0,0.0,0.0,0.0,0.0,0.0
0.0,0.0,0.9985952377319336,0.0,0.0,0.0,0.0,0.0,0.0,0.0
0.0,0.0,0.9988622665405273,0.0,0.0,0.0,0.0,0.0,0.0,0.0
0.0,0.0,0.9989118576049805,0.0,0.0,0.0,0.0,0.0,0.0,0.0
0.0,0.0,0.9910268783569336,0.0,0.0,0.0,0.0,0.0,0.0,0.0
0.0,0.0,0.9969921112060547,0.0,0.0,0.0,0.0,0.0,0.0,0.0
0.0,0.0,0.9853677749633789,0.0,0.0,0.0,0.0,0.0,0.0,0.0
0.0,0.0,0.9978408813476562,0.0,0.0,0.0,0.0,0.0,0.0,0.0
0.0,0.0,0.9941444396972656,0.0,0.0,0.0,0.0,0.0,0.0,0.0
0.0,0.0,0.96282958984375,0.0,0.0,0.0,0.0,0.0,0.0,0.0
0.0,0.0,0.9963054656982422,0.0,0.0,0.0,0.0,0.0,0.0,0.0
0.0,0.0,0.9809284210205078,0.0,0.0,0.0,0.0,0.0,0.0,0.0
0.0,0.0,0.9897747039794922,0.0,0.0,0.0,0.0,0.0,0.0,0.0
0.0,0.0,0.9993801116943359,0.0,0.0,0.0,0.0,0.0,0.0,0.0
0.0,0.0,0.9729175567626953,0.0,0.0,0.0,0.0,0.0,0.0,0.0
0.0,0.0,0.9950962066650391,0.0,0.0,0.0,0.0,0.0,0.0,0.0
0.0,0.0,0.9978866577148438,0.0,0.0,0.0,0.0,0.0,0.0,0.0
0.0,0.0,0.9992399215698242,0.0,0.0,0.0,0.0,0.0,0.0,0.0
0.0,0.0,0.9987306594848633,0.0,0.0,0.0,0.0,0.0,0.0,0.0
0.0,0.0,0.9984169006347656,0.0,0.0,0.0,0.0,0.0,0.0,0.0
0.0,0.0,0.9987630844116211,0.0,0.0,0.0,0.0,0.0,0.0,0.0
0.0,0.0,0.9992952346801758,0.0,0.0,0.0,0.0,0.0,0.0,0.0
0.0,0.0,0.9967021942138672,0.0,0.0,0.0,0.0,0.0,0.0,0.0
0.0,0.0,0.9986686706542969,0.0,0.0,0.0,0.0,0.0,0.0,0.0
0.0,0.0,0.9993019104003906,0.0,0.0,0.0,0.0,0.0,0.0,0.0
0.0,0.0,0.9993343353271484,0.0,0.0,0.0,0.0,0.0,0.0,0.0
0.0,0.0,0.9988632202148438,0.0,0.0,0.0,0.0,0.0,0.0,0.0
0.0,0.0,0.9986124038696289,0.0,0.0,0.0,0.0,0.0,0.0,0.0
0.0,0.0,0.9994192123413086,0.0,0.0,0.0,0.0,0.0,0.0,0.0
0.0,0.0,0.9993362426757812,0.0,0.0,0.0,0.0,0.0,0.0,0.0
0.0,0.0,0.9988212585449219,0.0,0.0,0.0,0.0,0.0,0.0,0.0
0.0,0.0,0.9985103607177734,0.0,0.0,0.0,0.0,0.0,0.0,0.0
0.0,0.0,0.999415397644043,0.0,0.0,0.0,0.0,0.0,0.0,0.0
0.0,0.0,0.9994220733642578,0.0,0.0,0.0,0.0,0.0,0.0,0.0
0.0,0.0,0.9992828369140625,0.0,0.0,0.0,0.0,0.0,0.0,0.0
0.0,0.0,0.9990091323852539,0.0,0.0,0.0,0.0,0.0,0.0,0.0
0.0,0.0,0.9993085861206055,0.0,0.0,0.0,0.0,0.0,0.0,0.0
0.0,0.0,0.9988470077514648,0.0,0.0,0.0,0.0,0.0,0.0,0.0
0.0,0.0,0.9990243911743164,0.0,0.0,0.0,0.0,0.0,0.0,0.0
0.0,0.0,0.9989309310913086,0.0,0.0,0.0,0.0,0.0,0.0,0.0
0.0,0.0,0.9992876052856445,0.0,0.0,0.0,0.0,0.0,0.0,0.0
0.0,0.0,0.9965581893920898,0.0,0.0,0.0,0.0,0.0,0.0,0.0
0.0,0.0,0.9988908767700195,0.0,0.0,0.0,0.0,0.0,0.0,0.0
0.0,0.0,0.9993667602539062,0.0,0.0,0.0,0.0,0.0,0.0,0.0
0.0,0.0,0.9987621307373047,0.0,0.0,0.0,0.0,0.0,0.0,0.0
0.0,0.0,0.9989395141601562,0.0,0.0,0.0,0.0,0.0,0.0,0.0
0.0,0.0,0.9994630813598633,0.0,0.0,0.0,0.0,0.0,0.0,0.0
0.0,0.0,0.999058723449707,0.0,0.0,0.0,0.0,0.0,0.0,0.0
0.0,0.0,0.9988307952880859,0.0,0.0,0.0,0.0,0.0,0.0,0.0
0.0,0.0,0.9994373321533203,0.0,0.0,0.0,0.0,0.0,0.0,0.0
0.0,0.0,0.9994449615478516,0.0,0.0,0.0,0.0,0.0,0.0,0.0
0.0,0.0,0.9992485046386719,0.0,0.0,0.0,0.0,0.0,0.0,0.0
0.0,0.0,0.9989156723022461,0.0,0.0,0.0,0.0,0.0,0.0,0.0
0.0,0.0,0.9986600875854492,0.0,0.0,0.0,0.0,0.0,0.0,0.0
0.0,0.0,0.9988431930541992,0.0,0.0,0.0,0.0,0.0,0.0,0.0
0.0,0.0,0.9985799789428711,0.0,0.0,0.0,0.0,0.0,0.0,0.0
0.0,0.0,0.9990997314453125,0.0,0.0,0.0,0.0,0.0,0.0,0.0
0.0,0.0,0.9992570877075195,0.0,0.0,0.0,0.0,0.0,0.0,0.0
0.0,0.0,0.9989652633666992,0.0,0.0,0.0,0.0,0.0,0.0,0.0
0.0,0.0,0.9988365173339844,0.0,0.0,0.0,0.0,0.0,0.0,0.0
0.0,0.0,0.9993906021118164,0.0,0.0,0.0,0.0,0.0,0.0,0.0
0.0,0.0,0.9987831115722656,0.0,0.0,0.0,0.0,0.0,0.0,0.0
0.0,0.0,0.9992685317993164,0.0,0.0,0.0,0.0,0.0,0.0,0.0
0.0,0.0,0.999119758605957,0.0,0.0,0.0,0.0,0.0,0.0,0.0
0.0,0.0,0.9993972778320312,0.0,0.0,0.0,0.0,0.0,0.0,0.0
0.0,0.0,0.9979181289672852,0.0,0.0,0.0,0.0,0.0,0.0,0.0
0.0,0.0,0.9992074966430664,0.0,0.0,0.0,0.0,0.0,0.0,0.0
0.0,0.0,0.9993486404418945,0.0,0.0,0.0,0.0,0.0,0.0,0.0
0.0,0.0,0.9992513656616211,0.0,0.0,0.0,0.0,0.0,0.0,0.0
0.0,0.0,0.9993982315063477,0.0,0.0,0.0,0.0,0.0,0.0,0.0
0.0,0.0,0.9993963241577148,0.0,0.0,0.0,0.0,0.0,0.0,0.0
0.0,0.0,0.9988250732421875,0.0,0.0,0.0,0.0,0.0,0.0,0.0
0.0,0.0,0.9987688064575195,0.0,0.0,0.0,0.0,0.0,0.0,0.0
0.0,0.0,0.9988183975219727,0.0,0.0,0.0,0.0,0.0,0.0,0.0
0.0,0.0,0.9987430572509766,0.0,0.0,0.0,0.0,0.0,0.0,0.0
0.0,0.0,0.998896598815918,0.0,0.0,0.0,0.0,0.0,0.0,0.0
0.0,0.0,0.999241828918457,0.0,0.0,0.0,0.0,0.0,0.0,0.0
0.0,0.0,0.9993648529052734,0.0,0.0,0.0,0.0,0.0,0.0,0.0
0.0,0.0,0.9992761611938477,0.0,0.0,0.0,0.0,0.0,0.0,0.0
0.0,0.0,0.9992885589599609,0.0,0.0,0.0,0.0,0.0,0.0,0.0
0.0,0.0,0.9992542266845703,0.0,0.0,0.0,0.0,0.0,0.0,0.0
0.0,0.0,0.9993124008178711,0.0,0.0,0.0,0.0,0.0,0.0,0.0
0.0,0.0,0.9993352890014648,0.0,0.0,0.0,0.0,0.0,0.0,0.0
0.0,0.0,0.9989118576049805,0.0,0.0,0.0,0.0,0.0,0.0,0.0
0.0,0.0,0.9986658096313477,0.0,0.0,0.0,0.0,0.0,0.0,0.0
0.0,0.0,0.9987707138061523,0.0,0.0,0.0,0.0,0.0,0.0,0.0
0.0,0.0,0.9993352890014648,0.0,0.0,0.0,0.0,0.0,0.0,0.0
0.0,0.0,0.9971675872802734,0.0,0.0,0.0,0.0,0.0,0.0,0.0
0.0,0.0,0.9992885589599609,0.0,0.0,0.0,0.0,0.0,0.0,0.0
0.0,0.0,0.9988956451416016,0.0,0.0,0.0,0.0,0.0,0.0,0.0
0.0,0.0,0.9987039566040039,0.0,0.0,0.0,0.0,0.0,0.0,0.0
0.0,0.0,0.9992904663085938,0.0,0.0,0.0,0.0,0.0,0.0,0.0
0.0,0.0,0.9924592971801758,0.0,0.0,0.0,0.0,0.0,0.0,0.0
0.0,0.0,0.9936103820800781,0.0,0.0,0.0,0.0,0.0,0.0,0.0
0.0,0.0,0.9922342300415039,0.0,0.0,0.0,0.0,0.0,0.0,0.0
0.0,0.0,0.9972677230834961,0.0,0.0,0.0,0.0,0.0,0.0,0.0
0.0,0.0,0.9981889724731445,0.0,0.0,0.0,0.0,0.0,0.0,0.0
0.0,0.0,0.9980754852294922,0.0,0.0,0.0,0.0,0.0,0.0,0.0
0.0,0.0,0.9970283508300781,0.0,0.0,0.0,0.0,0.0,0.0,0.0
0.0,0.0,0.9982585906982422,0.0,0.0,0.0,0.0,0.0,0.0,0.0
0.0,0.0,0.9986066818237305,0.0,0.0,0.0,0.0,0.0,0.0,0.0
0.0,0.0,0.9974451065063477,0.0,0.0,0.0,0.0,0.0,0.0,0.0
0.0,0.0,0.9945344924926758,0.0,0.0,0.0,0.0,0.0,0.0,0.0
0.0,0.0,0.998626708984375,0.0,0.0,0.0,0.0,0.0,0.0,0.0
0.0,0.0,0.9984121322631836,0.0,0.0,0.0,0.0,0.0,0.0,0.0
0.0,0.0,0.9983968734741211,0.0,0.0,0.0,0.0,0.0,0.0,0.0
0.0,0.0,0.9984149932861328,0.0,0.0,0.0,0.0,0.0,0.0,0.0
0.0,0.0,0.9986066818237305,0.0,0.0,0.0,0.0,0.0,0.0,0.0
0.0,0.0,0.9992532730102539,0.0,0.0,0.0,0.0,0.0,0.0,0.0
0.0,0.0,0.9984035491943359,0.0,0.0,0.0,0.0,0.0,0.0,0.0
0.0,0.0,0.9983100891113281,0.0,0.0,0.0,0.0,0.0,0.0,0.0
0.0,0.0,0.9984474182128906,0.0,0.0,0.0,0.0,0.0,0.0,0.0
0.0,0.0,0.9979820251464844,0.0,0.0,0.0,0.0,0.0,0.0,0.0
0.0,0.0,0.9994220733642578,0.0,0.0,0.0,0.0,0.0,0.0,0.0
0.0,0.0,0.9986543655395508,0.0,0.0,0.0,0.0,0.0,0.0,0.0
0.0,0.0,0.9986104965209961,0.0,0.0,0.0,0.0,0.0,0.0,0.0
0.0,0.0,0.9984874725341797,0.0,0.0,0.0,0.0,0.0,0.0,0.0
0.0,0.0,0.9994163513183594,0.0,0.0,0.0,0.0,0.0,0.0,0.0
0.0,0.0,0.998565673828125,0.0,0.0,0.0,0.0,0.0,0.0,0.0
0.0,0.0,0.9983739852905273,0.0,0.0,0.0,0.0,0.0,0.0,0.0
0.0,0.0,0.9982805252075195,0.0,0.0,0.0,0.0,0.0,0.0,0.0
0.0,0.0,0.9973974227905273,0.0,0.0,0.0,0.0,0.0,0.0,0.0
0.0,0.0,0.9986610412597656,0.0,0.0,0.0,0.0,0.0,0.0,0.0
0.0,0.0,0.9986562728881836,0.0,0.0,0.0,0.0,0.0,0.0,0.0
0.0,0.0,0.9993267059326172,0.0,0.0,0.0,0.0,0.0,0.0,0.0
0.0,0.0,0.9984922409057617,0.0,0.0,0.0,0.0,0.0,0.0,0.0
0.0,0.0,0.9983787536621094,0.0,0.0,0.0,0.0,0.0,0.0,0.0
0.0,0.0,0.9985904693603516,0.0,0.0,0.0,0.0,0.0,0.0,0.0
0.0,0.0,0.9987716674804688,0.0,0.0,0.0,0.0,0.0,0.0,0.0
0.0,0.0,0.9987459182739258,0.0,0.0,0.0,0.0,0.0,0.0,0.0
0.0,0.0,0.9992084503173828,0.0,0.0,0.0,0.0,0.0,0.0,0.0
0.0,0.0,0.9987220764160156,0.0,0.0,0.0,0.0,0.0,0.0,0.0
0.0,0.0,0.9985837936401367,0.0,0.0,0.0,0.0,0.0,0.0,0.0
0.0,0.0,0.9987907409667969,0.0,0.0,0.0,0.0,0.0,0.0,0.0
0.0,0.0,0.9984617233276367,0.0,0.0,0.0,0.0,0.0,0.0,0.0
0.0,0.0,0.9988603591918945,0.0,0.0,0.0,0.0,0.0,0.0,0.0
0.0,0.0,0.9987220764160156,0.0,0.0,0.0,0.0,0.0,0.0,0.0
0.0,0.0,0.9983186721801758,0.0,0.0,0.0,0.0,0.0,0.0,0.0
0.0,0.0,0.9986953735351562,0.0,0.0,0.0,0.0,0.0,0.0,0.0
0.0,0.0,0.9987306594848633,0.0,0.0,0.0,0.0,0.0,0.0,0.0
0.0,0.0,0.9964170455932617,0.0,0.0,0.0,0.0,0.0,0.0,0.0
0.0,0.0,0.9987564086914062,0.0,0.0,0.0,0.0,0.0,0.0,0.0
0.0,0.0,0.9986295700073242,0.0,0.0,0.0,0.0,0.0,0.0,0.0
0.0,0.0,0.9988594055175781,0.0,0.0,0.0,0.0,0.0,0.0,0.0
0.0,0.0,0.9992704391479492,0.0,0.0,0.0,0.0,0.0,0.0,0.0
0.0,0.0,0.9984617233276367,0.0,0.0,0.0,0.0,0.0,0.0,0.0
0.0,0.0,0.9989652633666992,0.0,0.0,0.0,0.0,0.0,0.0,0.0
0.0,0.0,0.9992866516113281,0.0,0.0,0.0,0.0,0.0,0.0,0.0
0.0,0.0,0.9988374710083008,0.0,0.0,0.0,0.0,0.0,0.0,0.0
0.0,0.0,0.9982872009277344,0.0,0.0,0.0,0.0,0.0,0.0,0.0
0.6910569105691057,0.8173076923076923,0.9998912811279297,0.7122905027932961,0.9586466165413534,0.6910569105691057,0.8173076923076923,0.7122905027932961,0.9586466165413534,1.0
0.0,0.0,0.9983243942260742,0.0,0.0,0.0,0.0,0.0,0.0,0.0
0.0,0.0,0.9932565689086914,0.0,0.0,0.0,0.0,0.0,0.0,0.0
0.0,0.0,0.9987821578979492,0.0,0.0,0.0,0.0,0.0,0.0,0.0
0.0,0.0,0.9985074996948242,0.0,0.0,0.0,0.0,0.0,0.0,0.0
0.0,0.0,0.9986705780029297,0.0,0.0,0.0,0.0,0.0,0.0,0.0
0.0,0.0,0.9984073638916016,0.0,0.0,0.0,0.0,0.0,0.0,0.0
0.0,0.0,0.9995765686035156,0.0,0.0,0.0,0.0,0.0,0.0,0.0
0.0,0.0,0.9993000030517578,0.0,0.0,0.0,0.0,0.0,0.0,0.0
0.0,0.0,0.9995517730712891,0.0,0.0,0.0,0.0,0.0,0.0,0.0
0.0,0.0,0.9992942810058594,0.0,0.0,0.0,0.0,0.0,0.0,0.0
0.0,0.0,0.9983758926391602,0.0,0.0,0.0,0.0,0.0,0.0,0.0
0.0,0.0,0.9992923736572266,0.0,0.0,0.0,0.0,0.0,0.0,0.0
0.0,0.0,0.9863910675048828,0.0,0.0,0.0,0.0,0.0,0.0,0.0
0.0,0.0,0.990875244140625,0.0,0.0,0.0,0.0,0.0,0.0,0.0
0.0,0.0,0.9911270141601562,0.0,0.0,0.0,0.0,0.0,0.0,0.0
0.0,0.0,0.9934682846069336,0.0,0.0,0.0,0.0,0.0,0.0,0.0
0.0,0.0,0.9988174438476562,0.0,0.0,0.0,0.0,0.0,0.0,0.0
0.0,0.0,0.998565673828125,0.0,0.0,0.0,0.0,0.0,0.0,0.0
0.0,0.0,0.9981260299682617,0.0,0.0,0.0,0.0,0.0,0.0,0.0
0.0,0.0,0.9983158111572266,0.0,0.0,0.0,0.0,0.0,0.0,0.0
0.0,0.0,0.9986248016357422,0.0,0.0,0.0,0.0,0.0,0.0,0.0
0.0,0.0,0.9982986450195312,0.0,0.0,0.0,0.0,0.0,0.0,0.0
0.0,0.0,0.9985113143920898,0.0,0.0,0.0,0.0,0.0,0.0,0.0
0.0,0.0,0.9979543685913086,0.0,0.0,0.0,0.0,0.0,0.0,0.0
0.0,0.0,0.9957971572875977,0.0,0.0,0.0,0.0,0.0,0.0,0.0
0.0,0.0,0.9985513687133789,0.0,0.0,0.0,0.0,0.0,0.0,0.0
0.0,0.0,0.9977636337280273,0.0,0.0,0.0,0.0,0.0,0.0,0.0
0.0,0.0,0.9979009628295898,0.0,0.0,0.0,0.0,0.0,0.0,0.0
0.0,0.0,0.9987039566040039,0.0,0.0,0.0,0.0,0.0,0.0,0.0
0.0,0.0,0.9982433319091797,0.0,0.0,0.0,0.0,0.0,0.0,0.0
0.0,0.0,0.9989852905273438,0.0,0.0,0.0,0.0,0.0,0.0,0.0
0.0,0.0,0.9974126815795898,0.0,0.0,0.0,0.0,0.0,0.0,0.0
0.0,0.0,0.9979715347290039,0.0,0.0,0.0,0.0,0.0,0.0,0.0
0.0,0.0,0.9983406066894531,0.0,0.0,0.0,0.0,0.0,0.0,0.0
0.0,0.0,0.9984912872314453,0.0,0.0,0.0,0.0,0.0,0.0,0.0
0.0,0.0,0.9982328414916992,0.0,0.0,0.0,0.0,0.0,0.0,0.0
0.0,0.0,0.9986066818237305,0.0,0.0,0.0,0.0,0.0,0.0,0.0
0.0,0.0,0.9981517791748047,0.0,0.0,0.0,0.0,0.0,0.0,0.0
0.0,0.0,0.9989919662475586,0.0,0.0,0.0,0.0,0.0,0.0,0.0
0.0,0.0,0.9983654022216797,0.0,0.0,0.0,0.0,0.0,0.0,0.0
0.0,0.0,0.9980411529541016,0.0,0.0,0.0,0.0,0.0,0.0,0.0
0.0,0.0,0.9982757568359375,0.0,0.0,0.0,0.0,0.0,0.0,0.0
0.0,0.0,0.9984321594238281,0.0,0.0,0.0,0.0,0.0,0.0,0.0
0.0,0.0,0.9977045059204102,0.0,0.0,0.0,0.0,0.0,0.0,0.0
0.0,0.0,0.999201774597168,0.0,0.0,0.0,0.0,0.0,0.0,0.0
0.0,0.0,0.9982309341430664,0.0,0.0,0.0,0.0,0.0,0.0,0.0
0.0,0.0,0.9981222152709961,0.0,0.0,0.0,0.0,0.0,0.0,0.0
0.0,0.0,0.9992961883544922,0.0,0.0,0.0,0.0,0.0,0.0,0.0
0.0,0.0,0.9978923797607422,0.0,0.0,0.0,0.0,0.0,0.0,0.0
0.0,0.0,0.998046875,0.0,0.0,0.0,0.0,0.0,0.0,0.0
0.0,0.0,0.9981241226196289,0.0,0.0,0.0,0.0,0.0,0.0,0.0
0.0,0.0,0.9991264343261719,0.0,0.0,0.0,0.0,0.0,0.0,0.0
0.0,0.0,0.9989404678344727,0.0,0.0,0.0,0.0,0.0,0.0,0.0
0.0,0.0,0.9982767105102539,0.0,0.0,0.0,0.0,0.0,0.0,0.0
0.0,0.0,0.9985485076904297,0.0,0.0,0.0,0.0,0.0,0.0,0.0
0.0,0.0,0.9988689422607422,0.0,0.0,0.0,0.0,0.0,0.0,0.0
0.0,0.0,0.9977807998657227,0.0,0.0,0.0,0.0,0.0,0.0,0.0
0.0,0.0,0.9967479705810547,0.0,0.0,0.0,0.0,0.0,0.0,0.0
0.0,0.0,0.998255729675293,0.0,0.0,0.0,0.0,0.0,0.0,0.0
0.0,0.0,0.9992809295654297,0.0,0.0,0.0,0.0,0.0,0.0,0.0
0.0,0.0,0.9977445602416992,0.0,0.0,0.0,0.0,0.0,0.0,0.0
0.0,0.0,0.9977025985717773,0.0,0.0,0.0,0.0,0.0,0.0,0.0
0.0,0.0,0.9980182647705078,0.0,0.0,0.0,0.0,0.0,0.0,0.0
0.0,0.0,0.9982929229736328,0.0,0.0,0.0,0.0,0.0,0.0,0.0
0.0,0.0,0.9983129501342773,0.0,0.0,0.0,0.0,0.0,0.0,0.0
0.0,0.0,0.9964275360107422,0.0,0.0,0.0,0.0,0.0,0.0,0.0
0.0,0.0,0.9914779663085938,0.0,0.0,0.0,0.0,0.0,0.0,0.0
0.0,0.0,0.9949655532836914,0.0,0.0,0.0,0.0,0.0,0.0,0.0
0.0,0.0,0.9947166442871094,0.0,0.0,0.0,0.0,0.0,0.0,0.0
0.0,0.0,0.9976873397827148,0.0,0.0,0.0,0.0,0.0,0.0,0.0
0.0,0.0,0.9975738525390625,0.0,0.0,0.0,0.0,0.0,0.0,0.0
0.0,0.0,0.9974565505981445,0.0,0.0,0.0,0.0,0.0,0.0,0.0
0.0,0.0,0.9954042434692383,0.0,0.0,0.0,0.0,0.0,0.0,0.0
0.0,0.0,0.9977426528930664,0.0,0.0,0.0,0.0,0.0,0.0,0.0
0.0,0.0,0.9977741241455078,0.0,0.0,0.0,0.0,0.0,0.0,0.0
0.0,0.0,0.9968700408935547,0.0,0.0,0.0,0.0,0.0,0.0,0.0
0.0,0.0,0.9981594085693359,0.0,0.0,0.0,0.0,0.0,0.0,0.0
0.0,0.0,0.9979238510131836,0.0,0.0,0.0,0.0,0.0,0.0,0.0
0.0,0.0,0.9874181747436523,0.0,0.0,0.0,0.0,0.0,0.0,0.0
0.0,0.0,0.9961700439453125,0.0,0.0,0.0,0.0,0.0,0.0,0.0
0.0,0.0,0.9975719451904297,0.0,0.0,0.0,0.0,0.0,0.0,0.0
0.0,0.0,0.9984445571899414,0.0,0.0,0.0,0.0,0.0,0.0,0.0
0.0,0.0,0.9982357025146484,0.0,0.0,0.0,0.0,0.0,0.0,0.0
0.0,0.0,0.9979953765869141,0.0,0.0,0.0,0.0,0.0,0.0,0.0
0.0,0.0,0.9975013732910156,0.0,0.0,0.0,0.0,0.0,0.0,0.0
0.0,0.0,0.9973335266113281,0.0,0.0,0.0,0.0,0.0,0.0,0.0
0.0,0.0,0.9984903335571289,0.0,0.0,0.0,0.0,0.0,0.0,0.0
0.0,0.0,0.9980907440185547,0.0,0.0,0.0,0.0,0.0,0.0,0.0
0.0,0.0,0.9976577758789062,0.0,0.0,0.0,0.0,0.0,0.0,0.0
0.0,0.0,0.9984312057495117,0.0,0.0,0.0,0.0,0.0,0.0,0.0
0.0,0.0,0.9981822967529297,0.0,0.0,0.0,0.0,0.0,0.0,0.0
0.0,0.0,0.9981746673583984,0.0,0.0,0.0,0.0,0.0,0.0,0.0
0.0,0.0,0.9982366561889648,0.0,0.0,0.0,0.0,0.0,0.0,0.0
0.0,0.0,0.9983043670654297,0.0,0.0,0.0,0.0,0.0,0.0,0.0
0.0,0.0,0.9982213973999023,0.0,0.0,0.0,0.0,0.0,0.0,0.0
0.0,0.0,0.9982490539550781,0.0,0.0,0.0,0.0,0.0,0.0,0.0
0.0,0.0,0.9982290267944336,0.0,0.0,0.0,0.0,0.0,0.0,0.0
0.0,0.0,0.9970636367797852,0.0,0.0,0.0,0.0,0.0,0.0,0.0
0.0,0.0,0.9975929260253906,0.0,0.0,0.0,0.0,0.0,0.0,0.0
0.0,0.0,0.9963874816894531,0.0,0.0,0.0,0.0,0.0,0.0,0.0
0.0,0.0,0.9988384246826172,0.0,0.0,0.0,0.0,0.0,0.0,0.0
0.0,0.0,0.9977760314941406,0.0,0.0,0.0,0.0,0.0,0.0,0.0
0.0,0.0,0.9978752136230469,0.0,0.0,0.0,0.0,0.0,0.0,0.0
0.0,0.0,0.9980688095092773,0.0,0.0,0.0,0.0,0.0,0.0,0.0
0.0,0.0,0.9984416961669922,0.0,0.0,0.0,0.0,0.0,0.0,0.0
0.0,0.0,0.9976844787597656,0.0,0.0,0.0,0.0,0.0,0.0,0.0
0.0,0.0,0.998204231262207,0.0,0.0,0.0,0.0,0.0,0.0,0.0
0.0,0.0,0.9992246627807617,0.0,0.0,0.0,0.0,0.0,0.0,0.0
0.0,0.0,0.9984407424926758,0.0,0.0,0.0,0.0,0.0,0.0,0.0
0.0,0.0,0.999119758605957,0.0,0.0,0.0,0.0,0.0,0.0,0.0
0.0,0.0,0.998957633972168,0.0,0.0,0.0,0.0,0.0,0.0,0.0
0.0,0.0,0.9977645874023438,0.0,0.0,0.0,0.0,0.0,0.0,0.0
0.0,0.0,0.9985170364379883,0.0,0.0,0.0,0.0,0.0,0.0,0.0
0.0,0.0,0.9983892440795898,0.0,0.0,0.0,0.0,0.0,0.0,0.0
0.0,0.0,0.9991292953491211,0.0,0.0,0.0,0.0,0.0,0.0,0.0
0.0,0.0,0.9981222152709961,0.0,0.0,0.0,0.0,0.0,0.0,0.0
0.0,0.0,0.9979391098022461,0.0,0.0,0.0,0.0,0.0,0.0,0.0
0.0,0.0,0.9983797073364258,0.0,0.0,0.0,0.0,0.0,0.0,0.0
0.0,0.0,0.9984960556030273,0.0,0.0,0.0,0.0,0.0,0.0,0.0
0.0,0.0,0.9991788864135742,0.0,0.0,0.0,0.0,0.0,0.0,0.0
0.0,0.0,0.9985189437866211,0.0,0.0,0.0,0.0,0.0,0.0,0.0
0.0,0.0,0.9983453750610352,0.0,0.0,0.0,0.0,0.0,0.0,0.0
0.0,0.0,0.9984683990478516,0.0,0.0,0.0,0.0,0.0,0.0,0.0
0.0,0.0,0.9984054565429688,0.0,0.0,0.0,0.0,0.0,0.0,0.0
0.0,0.0,0.9991731643676758,0.0,0.0,0.0,0.0,0.0,0.0,0.0
0.0,0.0,0.9980506896972656,0.0,0.0,0.0,0.0,0.0,0.0,0.0
0.0,0.0,0.9992389678955078,0.0,0.0,0.0,0.0,0.0,0.0,0.0
0.0,0.0,0.9984531402587891,0.0,0.0,0.0,0.0,0.0,0.0,0.0
0.0,0.0,0.9920721054077148,0.0,0.0,0.0,0.0,0.0,0.0,0.0
0.0,0.0,0.9987573623657227,0.0,0.0,0.0,0.0,0.0,0.0,0.0
0.0,0.0,0.9986248016357422,0.0,0.0,0.0,0.0,0.0,0.0,0.0
0.0,0.0,0.9992780685424805,0.0,0.0,0.0,0.0,0.0,0.0,0.0
0.0,0.0,0.9981012344360352,0.0,0.0,0.0,0.0,0.0,0.0,0.0
0.0,0.0,0.9971561431884766,0.0,0.0,0.0,0.0,0.0,0.0,0.0
0.0,0.0,0.9984102249145508,0.0,0.0,0.0,0.0,0.0,0.0,0.0
0.0,0.0,0.9779653549194336,0.0,0.0,0.0,0.0,0.0,0.0,0.0
0.0,0.0,0.9865865707397461,0.0,0.0,0.0,0.0,0.0,0.0,0.0
0.0,0.0,0.9926939010620117,0.0,0.0,0.0,0.0,0.0,0.0,0.0
0.0,0.0,0.9946775436401367,0.0,0.0,0.0,0.0,0.0,0.0,0.0
0.0,0.0,0.9948940277099609,0.0,0.0,0.0,0.0,0.0,0.0,0.0
0.0,0.0,0.9813499450683594,0.0,0.0,0.0,0.0,0.0,0.0,0.0
0.0,0.0,0.9971380233764648,0.0,0.0,0.0,0.0,0.0,0.0,0.0
0.0,0.0,0.9951963424682617,0.0,0.0,0.0,0.0,0.0,0.0,0.0
0.0,0.0,0.9981403350830078,0.0,0.0,0.0,0.0,0.0,0.0,0.0
0.0,0.0,0.9988040924072266,0.0,0.0,0.0,0.0,0.0,0.0,0.0
0.0,0.0,0.9986581802368164,0.0,0.0,0.0,0.0,0.0,0.0,0.0
0.0,0.0,0.9956150054931641,0.0,0.0,0.0,0.0,0.0,0.0,0.0
0.0,0.0,0.9977817535400391,0.0,0.0,0.0,0.0,0.0,0.0,0.0
0.0,0.0,0.9983835220336914,0.0,0.0,0.0,0.0,0.0,0.0,0.0
0.0,0.0,0.9982767105102539,0.0,0.0,0.0,0.0,0.0,0.0,0.0
0.0,0.0,0.998682975769043,0.0,0.0,0.0,0.0,0.0,0.0,0.0
0.0,0.0,0.9971218109130859,0.0,0.0,0.0,0.0,0.0,0.0,0.0
0.0,0.0,0.9984712600708008,0.0,0.0,0.0,0.0,0.0,0.0,0.0
0.0,0.0,0.9987163543701172,0.0,0.0,0.0,0.0,0.0,0.0,0.0
0.0,0.0,0.9994039535522461,0.0,0.0,0.0,0.0,0.0,0.0,0.0
0.0,0.0,0.9987468719482422,0.0,0.0,0.0,0.0,0.0,0.0,0.0
0.0,0.0,0.9985170364379883,0.0,0.0,0.0,0.0,0.0,0.0,0.0
0.0,0.0,0.9986810684204102,0.0,0.0,0.0,0.0,0.0,0.0,0.0
0.0,0.0,0.9985570907592773,0.0,0.0,0.0,0.0,0.0,0.0,0.0
0.0,0.0,0.9986410140991211,0.0,0.0,0.0,0.0,0.0,0.0,0.0
0.0,0.0,0.9985685348510742,0.0,0.0,0.0,0.0,0.0,0.0,0.0
0.0,0.0,0.9984846115112305,0.0,0.0,0.0,0.0,0.0,0.0,0.0
0.0,0.0,0.9987058639526367,0.0,0.0,0.0,0.0,0.0,0.0,0.0
0.0,0.0,0.998438835144043,0.0,0.0,0.0,0.0,0.0,0.0,0.0
0.0,0.0,0.9986429214477539,0.0,0.0,0.0,0.0,0.0,0.0,0.0
0.0,0.0,0.9982213973999023,0.0,0.0,0.0,0.0,0.0,0.0,0.0
0.0,0.0,0.9985876083374023,0.0,0.0,0.0,0.0,0.0,0.0,0.0
0.0,0.0,0.9984560012817383,0.0,0.0,0.0,0.0,0.0,0.0,0.0
0.0,0.0,0.9988126754760742,0.0,0.0,0.0,0.0,0.0,0.0,0.0
0.0,0.0,0.9997005462646484,0.0,0.0,0.0,0.0,0.0,0.0,0.0
0.0,0.0,0.9987277984619141,0.0,0.0,0.0,0.0,0.0,0.0,0.0
0.0,0.0,0.9987611770629883,0.0,0.0,0.0,0.0,0.0,0.0,0.0
0.0,0.0,0.9982624053955078,0.0,0.0,0.0,0.0,0.0,0.0,0.0
0.0,0.0,0.9987277984619141,0.0,0.0,0.0,0.0,0.0,0.0,0.0
0.0,0.0,0.9994382858276367,0.0,0.0,0.0,0.0,0.0,0.0,0.0
0.0,0.0,0.9985342025756836,0.0,0.0,0.0,0.0,0.0,0.0,0.0
0.0,0.0,0.9988002777099609,0.0,0.0,0.0,0.0,0.0,0.0,0.0
0.0,0.0,0.9988327026367188,0.0,0.0,0.0,0.0,0.0,0.0,0.0
0.0,0.0,0.9983930587768555,0.0,0.0,0.0,0.0,0.0,0.0,0.0
0.0,0.0,0.9986772537231445,0.0,0.0,0.0,0.0,0.0,0.0,0.0
0.0,0.0,0.9985790252685547,0.0,0.0,0.0,0.0,0.0,0.0,0.0
0.0,0.0,0.9984054565429688,0.0,0.0,0.0,0.0,0.0,0.0,0.0
0.0,0.0,0.9988727569580078,0.0,0.0,0.0,0.0,0.0,0.0,0.0
0.0,0.0,0.9988117218017578,0.0,0.0,0.0,0.0,0.0,0.0,0.0
0.0,0.0,0.9994163513183594,0.0,0.0,0.0,0.0,0.0,0.0,0.0
0.0,0.0,0.9994096755981445,0.0,0.0,0.0,0.0,0.0,0.0,0.0
0.0,0.0,0.9987859725952148,0.0,0.0,0.0,0.0,0.0,0.0,0.0
0.0,0.0,0.9986639022827148,0.0,0.0,0.0,0.0,0.0,0.0,0.0
0.0,0.0,0.9997138977050781,0.0,0.0,0.0,0.0,0.0,0.0,0.0
0.0,0.0,0.9979896545410156,0.0,0.0,0.0,0.0,0.0,0.0,0.0
0.0,0.0,0.9988059997558594,0.0,0.0,0.0,0.0,0.0,0.0,0.0
0.0,0.0,0.9984960556030273,0.0,0.0,0.0,0.0,0.0,0.0,0.0
0.0,0.0,0.9986534118652344,0.0,0.0,0.0,0.0,0.0,0.0,0.0
0.0,0.0,0.9993782043457031,0.0,0.0,0.0,0.0,0.0,0.0,0.0
0.0,0.0,0.9987392425537109,0.0,0.0,0.0,0.0,0.0,0.0,0.0
0.0,0.0,0.9989442825317383,0.0,0.0,0.0,0.0,0.0,0.0,0.0
0.0,0.0,0.9986581802368164,0.0,0.0,0.0,0.0,0.0,0.0,0.0
0.0,0.0,0.9985923767089844,0.0,0.0,0.0,0.0,0.0,0.0,0.0
0.0,0.0,0.9988689422607422,0.0,0.0,0.0,0.0,0.0,0.0,0.0
0.0,0.0,0.9987697601318359,0.0,0.0,0.0,0.0,0.0,0.0,0.0
0.0,0.0,0.9988651275634766,0.0,0.0,0.0,0.0,0.0,0.0,0.0
0.0,0.0,0.9988641738891602,0.0,0.0,0.0,0.0,0.0,0.0,0.0
0.0,0.0,0.99951171875,0.0,0.0,0.0,0.0,0.0,0.0,0.0
0.0,0.0,0.9995746612548828,0.0,0.0,0.0,0.0,0.0,0.0,0.0
0.0,0.0,0.9995393753051758,0.0,0.0,0.0,0.0,0.0,0.0,0.0
0.0,0.0,0.999567985534668,0.0,0.0,0.0,0.0,0.0,0.0,0.0
0.0,0.0,0.9985675811767578,0.0,0.0,0.0,0.0,0.0,0.0,0.0
0.0,0.0,0.9985227584838867,0.0,0.0,0.0,0.0,0.0,0.0,0.0
0.0,0.0,0.9978752136230469,0.0,0.0,0.0,0.0,0.0,0.0,0.0
0.0,0.0,0.9994716644287109,0.0,0.0,0.0,0.0,0.0,0.0,0.0
0.0,0.0,0.9995403289794922,0.0,0.0,0.0,0.0,0.0,0.0,0.0
0.0,0.0,0.999415397644043,0.0,0.0,0.0,0.0,0.0,0.0,0.0
0.0,0.0,0.9990806579589844,0.0,0.0,0.0,0.0,0.0,0.0,0.0
0.0,0.0,0.9995231628417969,0.0,0.0,0.0,0.0,0.0,0.0,0.0
0.0,0.0,0.9711160659790039,0.0,0.0,0.0,0.0,0.0,0.0,0.0
0.7501738473167044,0.857256378806986,0.9921197891235352,0.8279774418527046,0.8886819484240688,0.7501738473167044,0.857256378806986,0.8279774418527046,0.8886819484240688,1.0
0.0,0.0,0.9715709686279297,0.0,0.0,0.0,0.0,0.0,0.0,0.0
0.0,0.0,0.9718236923217773,0.0,0.0,0.0,0.0,0.0,0.0,0.0
0.0,0.0,0.971796989440918,0.0,0.0,0.0,0.0,0.0,0.0,0.0
0.0,0.0,0.9719038009643555,0.0,0.0,0.0,0.0,0.0,0.0,0.0
0.0,0.0,0.9718017578125,0.0,0.0,0.0,0.0,0.0,0.0,0.0
0.0,0.0,0.9715757369995117,0.0,0.0,0.0,0.0,0.0,0.0,0.0
0.0,0.0,0.9719486236572266,0.0,0.0,0.0,0.0,0.0,0.0,0.0
0.0,0.0,0.9415283203125,0.0,0.0,0.0,0.0,0.0,0.0,0.0
0.0,0.0,0.9719266891479492,0.0,0.0,0.0,0.0,0.0,0.0,0.0
0.0,0.0,0.9718799591064453,0.0,0.0,0.0,0.0,0.0,0.0,0.0
0.0,0.0,0.9722862243652344,0.0,0.0,0.0,0.0,0.0,0.0,0.0
0.0,0.0,0.972050666809082,0.0,0.0,0.0,0.0,0.0,0.0,0.0
0.0,0.0,0.9720897674560547,0.0,0.0,0.0,0.0,0.0,0.0,0.0
0.0,0.0,0.9722385406494141,0.0,0.0,0.0,0.0,0.0,0.0,0.0
0.0,0.0,0.9722633361816406,0.0,0.0,0.0,0.0,0.0,0.0,0.0
0.0,0.0,0.9724254608154297,0.0,0.0,0.0,0.0,0.0,0.0,0.0
0.0,0.0,0.9719200134277344,0.0,0.0,0.0,0.0,0.0,0.0,0.0
0.0,0.0,0.9722633361816406,0.0,0.0,0.0,0.0,0.0,0.0,0.0
0.0,0.0,0.9717636108398438,0.0,0.0,0.0,0.0,0.0,0.0,0.0
0.0,0.0,0.9718151092529297,0.0,0.0,0.0,0.0,0.0,0.0,0.0
0.0,0.0,0.9714870452880859,0.0,0.0,0.0,0.0,0.0,0.0,0.0
0.0,0.0,0.9720439910888672,0.0,0.0,0.0,0.0,0.0,0.0,0.0
0.0,0.0,0.9718732833862305,0.0,0.0,0.0,0.0,0.0,0.0,0.0
0.0,0.0,0.9729127883911133,0.0,0.0,0.0,0.0,0.0,0.0,0.0
0.0,0.0,0.9722528457641602,0.0,0.0,0.0,0.0,0.0,0.0,0.0
0.0,0.0,0.971980094909668,0.0,0.0,0.0,0.0,0.0,0.0,0.0
0.0,0.0,0.9724159240722656,0.0,0.0,0.0,0.0,0.0,0.0,0.0
0.0,0.0,0.9722194671630859,0.0,0.0,0.0,0.0,0.0,0.0,0.0
0.0,0.0,0.9729404449462891,0.0,0.0,0.0,0.0,0.0,0.0,0.0
0.0,0.0,0.9727268218994141,0.0,0.0,0.0,0.0,0.0,0.0,0.0
0.0,0.0,0.9725189208984375,0.0,0.0,0.0,0.0,0.0,0.0,0.0
0.0,0.0,0.9720134735107422,0.0,0.0,0.0,0.0,0.0,0.0,0.0
0.0,0.0,0.972076416015625,0.0,0.0,0.0,0.0,0.0,0.0,0.0
0.0,0.0,0.9722824096679688,0.0,0.0,0.0,0.0,0.0,0.0,0.0
0.0,0.0,0.9729709625244141,0.0,0.0,0.0,0.0,0.0,0.0,0.0
0.0,0.0,0.9722518920898438,0.0,0.0,0.0,0.0,0.0,0.0,0.0
0.0,0.0,0.9720926284790039,0.0,0.0,0.0,0.0,0.0,0.0,0.0
0.0,0.0,0.9723148345947266,0.0,0.0,0.0,0.0,0.0,0.0,0.0
0.0,0.0,0.9723434448242188,0.0,0.0,0.0,0.0,0.0,0.0,0.0
0.0,0.0,0.9729108810424805,0.0,0.0,0.0,0.0,0.0,0.0,0.0
0.0,0.0,0.9728507995605469,0.0,0.0,0.0,0.0,0.0,0.0,0.0
0.0,0.0,0.9728498458862305,0.0,0.0,0.0,0.0,0.0,0.0,0.0
0.0,0.0,0.9730405807495117,0.0,0.0,0.0,0.0,0.0,0.0,0.0
0.0,0.0,0.9729957580566406,0.0,0.0,0.0,0.0,0.0,0.0,0.0
0.0,0.0,0.9728164672851562,0.0,0.0,0.0,0.0,0.0,0.0,0.0
0.0,0.0,0.972773551940918,0.0,0.0,0.0,0.0,0.0,0.0,0.0
0.0,0.0,0.9722661972045898,0.0,0.0,0.0,0.0,0.0,0.0,0.0
0.0,0.0,0.9727354049682617,0.0,0.0,0.0,0.0,0.0,0.0,0.0
0.0,0.0,0.9720258712768555,0.0,0.0,0.0,0.0,0.0,0.0,0.0
0.0,0.0,0.9728221893310547,0.0,0.0,0.0,0.0,0.0,0.0,0.0
0.0,0.0,0.9720392227172852,0.0,0.0,0.0,0.0,0.0,0.0,0.0
0.0,0.0,0.9718570709228516,0.0,0.0,0.0,0.0,0.0,0.0,0.0
0.0,0.0,0.9729032516479492,0.0,0.0,0.0,0.0,0.0,0.0,0.0
0.0,0.0,0.9894990921020508,0.0,0.0,0.0,0.0,0.0,0.0,0.0
0.0,0.0,0.9862394332885742,0.0,0.0,0.0,0.0,0.0,0.0,0.0
0.0,0.0,0.9800596237182617,0.0,0.0,0.0,0.0,0.0,0.0,0.0
0.0,0.0,0.9918594360351562,0.0,0.0,0.0,0.0,0.0,0.0,0.0
0.8319083052179138,0.9082422988621742,0.9965314865112305,0.9487666034155597,0.8710379869344302,0.8319083052179138,0.9082422988621742,0.9487666034155597,0.8710379869344302,1.0
0.0,0.0,0.9779539108276367,0.0,0.0,0.0,0.0,0.0,0.0,0.0
0.0,0.0,0.9769906997680664,0.0,0.0,0.0,0.0,0.0,0.0,0.0
0.0,0.0,0.9780912399291992,0.0,0.0,0.0,0.0,0.0,0.0,0.0
0.0,0.0,0.9783296585083008,0.0,0.0,0.0,0.0,0.0,0.0,0.0
0.0,0.0,0.9800653457641602,0.0,0.0,0.0,0.0,0.0,0.0,0.0
0.0,0.0,0.9793415069580078,0.0,0.0,0.0,0.0,0.0,0.0,0.0
0.0,0.0,0.9797477722167969,0.0,0.0,0.0,0.0,0.0,0.0,0.0
0.0,0.0,0.9795455932617188,0.0,0.0,0.0,0.0,0.0,0.0,0.0
0.0,0.0,0.9800577163696289,0.0,0.0,0.0,0.0,0.0,0.0,0.0
0.0,0.0,0.9788446426391602,0.0,0.0,0.0,0.0,0.0,0.0,0.0
0.0,0.0,0.9796829223632812,0.0,0.0,0.0,0.0,0.0,0.0,0.0
0.0,0.0,0.9781284332275391,0.0,0.0,0.0,0.0,0.0,0.0,0.0
0.0,0.0,0.9863471984863281,0.0,0.0,0.0,0.0,0.0,0.0,0.0
0.0,0.0,0.9845943450927734,0.0,0.0,0.0,0.0,0.0,0.0,0.0
0.0,0.0,0.9617118835449219,0.0,0.0,0.0,0.0,0.0,0.0,0.0
0.0,0.0,0.9931812286376953,0.0,0.0,0.0,0.0,0.0,0.0,0.0
0.0,0.0,0.9950351715087891,0.0,0.0,0.0,0.0,0.0,0.0,0.0
0.0,0.0,0.9659366607666016,0.0,0.0,0.0,0.0,0.0,0.0,0.0
0.0,0.0,0.9603910446166992,0.0,0.0,0.0,0.0,0.0,0.0,0.0
0.0,0.0,0.9821138381958008,0.0,0.0,0.0,0.0,0.0,0.0,0.0
0.0,0.0,0.9734354019165039,0.0,0.0,0.0,0.0,0.0,0.0,0.0
0.9050175161035146,0.9501408868456177,0.9983968734741211,0.9532793715033925,0.9470230000591261,0.9050175161035146,0.9501408868456177,0.9532793715033925,0.9470230000591261,1.0
0.0,0.0,0.9521389007568359,0.0,0.0,0.0,0.0,0.0,0.0,0.0
0.0,0.0,0.9528875350952148,0.0,0.0,0.0,0.0,0.0,0.0,0.0
0.0,0.0,0.9803457260131836,0.0,0.0,0.0,0.0,0.0,0.0,0.0
0.0,0.0,0.9790430068969727,0.0,0.0,0.0,0.0,0.0,0.0,0.0
0.0,0.0,0.9791936874389648,0.0,0.0,0.0,0.0,0.0,0.0,0.0
0.0,0.0,0.9793500900268555,0.0,0.0,0.0,0.0,0.0,0.0,0.0
0.0,0.0,0.9808988571166992,0.0,0.0,0.0,0.0,0.0,0.0,0.0
0.0,0.0,0.9832277297973633,0.0,0.0,0.0,0.0,0.0,0.0,0.0
0.0,0.0,0.9814662933349609,0.0,0.0,0.0,0.0,0.0,0.0,0.0
0.0,0.0,0.9811563491821289,0.0,0.0,0.0,0.0,0.0,0.0,0.0
0.0,0.0,0.9800424575805664,0.0,0.0,0.0,0.0,0.0,0.0,0.0
0.0,0.0,0.9831104278564453,0.0,0.0,0.0,0.0,0.0,0.0,0.0
0.0,0.0,0.9743824005126953,0.0,0.0,0.0,0.0,0.0,0.0,0.0
0.8707292396295432,0.9308981986104755,0.9984159469604492,0.9337339342346853,0.9280796350062215,0.8707292396295432,0.9308981986104755,0.9337339342346853,0.9280796350062215,1.0
0.0,0.0,0.9416971206665039,0.0,0.0,0.0,0.0,0.0,0.0,0.0
0.0,0.0,0.9869070053100586,0.0,0.0,0.0,0.0,0.0,0.0,0.0
0.0,0.0,0.9860038757324219,0.0,0.0,0.0,0.0,0.0,0.0,0.0
0.0,0.0,0.9876117706298828,0.0,0.0,0.0,0.0,0.0,0.0,0.0
0.0,0.0,0.9820995330810547,0.0,0.0,0.0,0.0,0.0,0.0,0.0
0.0,0.0,0.9878406524658203,0.0,0.0,0.0,0.0,0.0,0.0,0.0
0.0,0.0,0.9872465133666992,0.0,0.0,0.0,0.0,0.0,0.0,0.0
0.0,0.0,0.9874849319458008,0.0,0.0,0.0,0.0,0.0,0.0,0.0
0.0,0.0,0.9869012832641602,0.0,0.0,0.0,0.0,0.0,0.0,0.0
0.0,0.0,0.9875822067260742,0.0,0.0,0.0,0.0,0.0,0.0,0.0
0.0,0.0,0.9874858856201172,0.0,0.0,0.0,0.0,0.0,0.0,0.0
0.0,0.0,0.9881954193115234,0.0,0.0,0.0,0.0,0.0,0.0,0.0
0.0,0.0,0.9878330230712891,0.0,0.0,0.0,0.0,0.0,0.0,0.0
0.0,0.0,0.9877700805664062,0.0,0.0,0.0,0.0,0.0,0.0,0.0
0.0,0.0,0.9970502853393555,0.0,0.0,0.0,0.0,0.0,0.0,0.0
0.0,0.0,0.9970788955688477,0.0,0.0,0.0,0.0,0.0,0.0,0.0
0.0,0.0,0.9977092742919922,0.0,0.0,0.0,0.0,0.0,0.0,0.0
0.0,0.0,0.9882173538208008,0.0,0.0,0.0,0.0,0.0,0.0,0.0
0.0,0.0,0.9956674575805664,0.0,0.0,0.0,0.0,0.0,0.0,0.0
0.0,0.0,0.9968223571777344,0.0,0.0,0.0,0.0,0.0,0.0,0.0
0.0,0.0,0.9925746917724609,0.0,0.0,0.0,0.0,0.0,0.0,0.0
0.0,0.0,0.9969720840454102,0.0,0.0,0.0,0.0,0.0,0.0,0.0
0.0,0.0,0.9972915649414062,0.0,0.0,0.0,0.0,0.0,0.0,0.0
0.0,0.0,0.9953098297119141,0.0,0.0,0.0,0.0,0.0,0.0,0.0
0.0,0.0,0.997467041015625,0.0,0.0,0.0,0.0,0.0,0.0,0.0
0.0,0.0,0.9963722229003906,0.0,0.0,0.0,0.0,0.0,0.0,0.0
0.0,0.0,0.9984302520751953,0.0,0.0,0.0,0.0,0.0,0.0,0.0
0.0,0.0,0.995697021484375,0.0,0.0,0.0,0.0,0.0,0.0,0.0
0.0,0.0,0.9981050491333008,0.0,0.0,0.0,0.0,0.0,0.0,0.0
0.0,0.0,0.9975204467773438,0.0,0.0,0.0,0.0,0.0,0.0,0.0
0.0,0.0,0.997838020324707,0.0,0.0,0.0,0.0,0.0,0.0,0.0
0.0,0.0,0.9978485107421875,0.0,0.0,0.0,0.0,0.0,0.0,0.0
0.0,0.0,0.9979572296142578,0.0,0.0,0.0,0.0,0.0,0.0,0.0
0.0,0.0,0.9981107711791992,0.0,0.0,0.0,0.0,0.0,0.0,0.0
0.0,0.0,0.9972257614135742,0.0,0.0,0.0,0.0,0.0,0.0,0.0
0.0,0.0,0.9969892501831055,0.0,0.0,0.0,0.0,0.0,0.0,0.0
0.0,0.0,0.9982109069824219,0.0,0.0,0.0,0.0,0.0,0.0,0.0
0.0,0.0,0.9987869262695312,0.0,0.0,0.0,0.0,0.0,0.0,0.0
0.0,0.0,0.9985103607177734,0.0,0.0,0.0,0.0,0.0,0.0,0.0
0.0,0.0,0.9979782104492188,0.0,0.0,0.0,0.0,0.0,0.0,0.0
0.0,0.0,0.9985065460205078,0.0,0.0,0.0,0.0,0.0,0.0,0.0
0.0,0.0,0.9983339309692383,0.0,0.0,0.0,0.0,0.0,0.0,0.0
0.0,0.0,0.998992919921875,0.0,0.0,0.0,0.0,0.0,0.0,0.0
0.0,0.0,0.9987106323242188,0.0,0.0,0.0,0.0,0.0,0.0,0.0
0.0,0.0,0.9983940124511719,0.0,0.0,0.0,0.0,0.0,0.0,0.0
0.0,0.0,0.9986143112182617,0.0,0.0,0.0,0.0,0.0,0.0,0.0
0.0,0.0,0.9975004196166992,0.0,0.0,0.0,0.0,0.0,0.0,0.0
0.0,0.0,0.9984827041625977,0.0,0.0,0.0,0.0,0.0,0.0,0.0
0.0,0.0,0.9985637664794922,0.0,0.0,0.0,0.0,0.0,0.0,0.0
0.0,0.0,0.99884033203125,0.0,0.0,0.0,0.0,0.0,0.0,0.0
0.0,0.0,0.99859619140625,0.0,0.0,0.0,0.0,0.0,0.0,0.0
0.0,0.0,0.998438835144043,0.0,0.0,0.0,0.0,0.0,0.0,0.0
0.0,0.0,0.9989156723022461,0.0,0.0,0.0,0.0,0.0,0.0,0.0
0.0,0.0,0.9952325820922852,0.0,0.0,0.0,0.0,0.0,0.0,0.0
0.0,0.0,0.9963483810424805,0.0,0.0,0.0,0.0,0.0,0.0,0.0
0.0,0.0,0.9959478378295898,0.0,0.0,0.0,0.0,0.0,0.0,0.0
0.8285057471264368,0.906210711591652,0.9996442794799805,0.8925210500247648,0.9203268641470889,0.8285057471264368,0.906210711591652,0.8925210500247648,0.9203268641470889,1.0
0.0,0.0,0.9972953796386719,0.0,0.0,0.0,0.0,0.0,0.0,0.0
0.0,0.0,0.9976491928100586,0.0,0.0,0.0,0.0,0.0,0.0,0.0
0.0,0.0,0.9452104568481445,0.0,0.0,0.0,0.0,0.0,0.0,0.0
0.7787209960384833,0.8755965637925549,0.9992542266845703,0.9615653389238294,0.8037383177570093,0.7787209960384833,0.8755965637925549,0.9615653389238294,0.8037383177570093,1.0
0.0,0.0,0.9932546615600586,0.0,0.0,0.0,0.0,0.0,0.0,0.0
0.0,0.0,0.9930868148803711,0.0,0.0,0.0,0.0,0.0,0.0,0.0
0.0,0.0,0.9936733245849609,0.0,0.0,0.0,0.0,0.0,0.0,0.0
0.0,0.0,0.9939441680908203,0.0,0.0,0.0,0.0,0.0,0.0,0.0
0.9061867266591676,0.9507848459813525,0.9996023178100586,0.9308990062398891,0.9715388326097444,0.9061867266591676,0.9507848459813525,0.9308990062398891,0.9715388326097444,1.0
0.0,0.0,0.9922513961791992,0.0,0.0,0.0,0.0,0.0,0.0,0.0
0.0,0.0,0.9942951202392578,0.0,0.0,0.0,0.0,0.0,0.0,0.0
0.0,0.0,0.9954776763916016,0.0,0.0,0.0,0.0,0.0,0.0,0.0
0.0,0.0,0.9944648742675781,0.0,0.0,0.0,0.0,0.0,0.0,0.0
0.0,0.0,0.995417594909668,0.0,0.0,0.0,0.0,0.0,0.0,0.0
0.0,0.0,0.9955863952636719,0.0,0.0,0.0,0.0,0.0,0.0,0.0
0.0,0.0,0.9942169189453125,0.0,0.0,0.0,0.0,0.0,0.0,0.0
0.0,0.0,0.9949522018432617,0.0,0.0,0.0,0.0,0.0,0.0,0.0
0.0,0.0,0.9959793090820312,0.0,0.0,0.0,0.0,0.0,0.0,0.0
0.0,0.0,0.9957265853881836,0.0,0.0,0.0,0.0,0.0,0.0,0.0
0.0,0.0,0.9948434829711914,0.0,0.0,0.0,0.0,0.0,0.0,0.0
0.0,0.0,0.9958734512329102,0.0,0.0,0.0,0.0,0.0,0.0,0.0
0.0,0.0,0.9958715438842773,0.0,0.0,0.0,0.0,0.0,0.0,0.0
0.8237012987012987,0.9033291792771942,0.9994821548461914,0.8323490813648294,0.9875437913585052,0.8237012987012987,0.9033291792771942,0.8323490813648294,0.9875437913585052,1.0
0.0,0.0,0.9942846298217773,0.0,0.0,0.0,0.0,0.0,0.0,0.0
0.0,0.0,0.9944343566894531,0.0,0.0,0.0,0.0,0.0,0.0,0.0
0.0,0.0,0.9959983825683594,0.0,0.0,0.0,0.0,0.0,0.0,0.0
0.0,0.0,0.9970111846923828,0.0,0.0,0.0,0.0,0.0,0.0,0.0
0.0,0.0,0.9964141845703125,0.0,0.0,0.0,0.0,0.0,0.0,0.0
0.0,0.0,0.9957265853881836,0.0,0.0,0.0,0.0,0.0,0.0,0.0
0.0,0.0,0.9952983856201172,0.0,0.0,0.0,0.0,0.0,0.0,0.0
0.0,0.0,0.9951982498168945,0.0,0.0,0.0,0.0,0.0,0.0,0.0
0.0,0.0,0.9953346252441406,0.0,0.0,0.0,0.0,0.0,0.0,0.0
0.0,0.0,0.9971914291381836,0.0,0.0,0.0,0.0,0.0,0.0,0.0
0.0,0.0,0.9966859817504883,0.0,0.0,0.0,0.0,0.0,0.0,0.0
0.0,0.0,0.9971132278442383,0.0,0.0,0.0,0.0,0.0,0.0,0.0
0.0,0.0,0.9969072341918945,0.0,0.0,0.0,0.0,0.0,0.0,0.0
0.0,0.0,0.9974517822265625,0.0,0.0,0.0,0.0,0.0,0.0,0.0
0.0,0.0,0.9960203170776367,0.0,0.0,0.0,0.0,0.0,0.0,0.0
0.0,0.0,0.9972219467163086,0.0,0.0,0.0,0.0,0.0,0.0,0.0
0.0,0.0,0.9973649978637695,0.0,0.0,0.0,0.0,0.0,0.0,0.0
0.0,0.0,0.9973888397216797,0.0,0.0,0.0,0.0,0.0,0.0,0.0
0.0,0.0,0.9945793151855469,0.0,0.0,0.0,0.0,0.0,0.0,0.0
0.875155022736668,0.9334215167548501,0.9997119903564453,1.0,0.875155022736668,0.875155022736668,0.9334215167548501,1.0,0.875155022736668,1.0
0.0,0.0,0.994959831237793,0.0,0.0,0.0,0.0,0.0,0.0,0.0
0.0,0.0,0.9950962066650391,0.0,0.0,0.0,0.0,0.0,0.0,0.0
0.0,0.0,0.9949846267700195,0.0,0.0,0.0,0.0,0.0,0.0,0.0
0.0,0.0,0.995875358581543,0.0,0.0,0.0,0.0,0.0,0.0,0.0
0.0,0.0,0.9957542419433594,0.0,0.0,0.0,0.0,0.0,0.0,0.0
0.0,0.0,0.9961042404174805,0.0,0.0,0.0,0.0,0.0,0.0,0.0
0.0,0.0,0.9963817596435547,0.0,0.0,0.0,0.0,0.0,0.0,0.0
0.0,0.0,0.9957637786865234,0.0,0.0,0.0,0.0,0.0,0.0,0.0
0.0,0.0,0.9960451126098633,0.0,0.0,0.0,0.0,0.0,0.0,0.0
0.0,0.0,0.9964685440063477,0.0,0.0,0.0,0.0,0.0,0.0,0.0
0.0,0.0,0.9970340728759766,0.0,0.0,0.0,0.0,0.0,0.0,0.0
0.0,0.0,0.9972591400146484,0.0,0.0,0.0,0.0,0.0,0.0,0.0
0.0,0.0,0.9973287582397461,0.0,0.0,0.0,0.0,0.0,0.0,0.0
0.0,0.0,0.997410774230957,0.0,0.0,0.0,0.0,0.0,0.0,0.0
0.0,0.0,0.9975461959838867,0.0,0.0,0.0,0.0,0.0,0.0,0.0
0.0,0.0,0.9974117279052734,0.0,0.0,0.0,0.0,0.0,0.0,0.0
0.0,0.0,0.9974231719970703,0.0,0.0,0.0,0.0,0.0,0.0,0.0
0.0,0.0,0.9975337982177734,0.0,0.0,0.0,0.0,0.0,0.0,0.0
0.0,0.0,0.9942378997802734,0.0,0.0,0.0,0.0,0.0,0.0,0.0
0.0,0.0,0.9941425323486328,0.0,0.0,0.0,0.0,0.0,0.0,0.0
0.0,0.0,0.9950199127197266,0.0,0.0,0.0,0.0,0.0,0.0,0.0
0.0,0.0,0.9951906204223633,0.0,0.0,0.0,0.0,0.0,0.0,0.0
0.0,0.0,0.9945898056030273,0.0,0.0,0.0,0.0,0.0,0.0,0.0
0.0,0.0,0.9942464828491211,0.0,0.0,0.0,0.0,0.0,0.0,0.0
0.0,0.0,0.9940872192382812,0.0,0.0,0.0,0.0,0.0,0.0,0.0
0.0,0.0,0.9949207305908203,0.0,0.0,0.0,0.0,0.0,0.0,0.0
0.0,0.0,0.9954729080200195,0.0,0.0,0.0,0.0,0.0,0.0,0.0
0.0,0.0,0.9953117370605469,0.0,0.0,0.0,0.0,0.0,0.0,0.0
0.6781085814360771,0.8081820079315383,0.9991235733032227,0.9762985375693394,0.6894586894586895,0.6781085814360771,0.8081820079315383,0.9762985375693394,0.6894586894586895,1.0
0.0,0.0,0.9968805313110352,0.0,0.0,0.0,0.0,0.0,0.0,0.0
0.0,0.0,0.9971504211425781,0.0,0.0,0.0,0.0,0.0,0.0,0.0
0.0,0.0,0.9965333938598633,0.0,0.0,0.0,0.0,0.0,0.0,0.0
0.0,0.0,0.9962863922119141,0.0,0.0,0.0,0.0,0.0,0.0,0.0
0.0,0.0,0.9658737182617188,0.0,0.0,0.0,0.0,0.0,0.0,0.0
0.0,0.0,0.9881076812744141,0.0,0.0,0.0,0.0,0.0,0.0,0.0
0.0,0.0,0.9876890182495117,0.0,0.0,0.0,0.0,0.0,0.0,0.0
0.0,0.0,0.9892435073852539,0.0,0.0,0.0,0.0,0.0,0.0,0.0
0.0,0.0,0.9941034317016602,0.0,0.0,0.0,0.0,0.0,0.0,0.0
0.9149242970439798,0.9555722891566265,0.9997749328613281,0.962457337883959,0.948785046728972,0.9149242970439798,0.9555722891566265,0.962457337883959,0.948785046728972,1.0
0.0,0.0,0.9951000213623047,0.0,0.0,0.0,0.0,0.0,0.0,0.0
0.0,0.0,0.9955272674560547,0.0,0.0,0.0,0.0,0.0,0.0,0.0
0.0,0.0,0.9964618682861328,0.0,0.0,0.0,0.0,0.0,0.0,0.0
0.0,0.0,0.9943351745605469,0.0,0.0,0.0,0.0,0.0,0.0,0.0
0.0,0.0,0.9962015151977539,0.0,0.0,0.0,0.0,0.0,0.0,0.0
0.0,0.0,0.9965124130249023,0.0,0.0,0.0,0.0,0.0,0.0,0.0
0.0,0.0,0.9972658157348633,0.0,0.0,0.0,0.0,0.0,0.0,0.0
0.0,0.0,0.9967002868652344,0.0,0.0,0.0,0.0,0.0,0.0,0.0
0.0,0.0,0.9971475601196289,0.0,0.0,0.0,0.0,0.0,0.0,0.0
0.0,0.0,0.9940977096557617,0.0,0.0,0.0,0.0,0.0,0.0,0.0
0.0,0.0,0.9942293167114258,0.0,0.0,0.0,0.0,0.0,0.0,0.0
0.0,0.0,0.9923152923583984,0.0,0.0,0.0,0.0,0.0,0.0,0.0
0.752035944959281,0.8584709087994871,0.9991579055786133,0.994060876020787,0.7554301833568406,0.752035944959281,0.8584709087994871,0.994060876020787,0.7554301833568406,1.0
0.0,0.0,0.9945096969604492,0.0,0.0,0.0,0.0,0.0,0.0,0.0
0.0,0.0,0.9930572509765625,0.0,0.0,0.0,0.0,0.0,0.0,0.0
0.0,0.0,0.9958639144897461,0.0,0.0,0.0,0.0,0.0,0.0,0.0
0.0,0.0,0.9952487945556641,0.0,0.0,0.0,0.0,0.0,0.0,0.0
0.0,0.0,0.9954051971435547,0.0,0.0,0.0,0.0,0.0,0.0,0.0
0.0,0.0,0.9961748123168945,0.0,0.0,0.0,0.0,0.0,0.0,0.0
0.0,0.0,0.9960708618164062,0.0,0.0,0.0,0.0,0.0,0.0,0.0
0.0,0.0,0.9963788986206055,0.0,0.0,0.0,0.0,0.0,0.0,0.0
0.0,0.0,0.9943075180053711,0.0,0.0,0.0,0.0,0.0,0.0,0.0
0.0,0.0,0.9964513778686523,0.0,0.0,0.0,0.0,0.0,0.0,0.0
0.0,0.0,0.9958162307739258,0.0,0.0,0.0,0.0,0.0,0.0,0.0
0.0,0.0,0.9978046417236328,0.0,0.0,0.0,0.0,0.0,0.0,0.0
0.0,0.0,0.9972095489501953,0.0,0.0,0.0,0.0,0.0,0.0,0.0
0.0,0.0,0.9973831176757812,0.0,0.0,0.0,0.0,0.0,0.0,0.0
0.0,0.0,0.9973831176757812,0.0,0.0,0.0,0.0,0.0,0.0,0.0
0.0,0.0,0.9972610473632812,0.0,0.0,0.0,0.0,0.0,0.0,0.0
0.0,0.0,0.9973011016845703,0.0,0.0,0.0,0.0,0.0,0.0,0.0
0.0,0.0,0.9968929290771484,0.0,0.0,0.0,0.0,0.0,0.0,0.0
0.0,0.0,0.9976558685302734,0.0,0.0,0.0,0.0,0.0,0.0,0.0
0.0,0.0,0.9976692199707031,0.0,0.0,0.0,0.0,0.0,0.0,0.0
0.0,0.0,0.9967136383056641,0.0,0.0,0.0,0.0,0.0,0.0,0.0
0.0,0.0,0.9982576370239258,0.0,0.0,0.0,0.0,0.0,0.0,0.0
0.0,0.0,0.9974184036254883,0.0,0.0,0.0,0.0,0.0,0.0,0.0
0.0,0.0,0.9976663589477539,0.0,0.0,0.0,0.0,0.0,0.0,0.0
0.0,0.0,0.9982786178588867,0.0,0.0,0.0,0.0,0.0,0.0,0.0
0.5609602021478206,0.7187373532982598,0.9993371963500977,0.7172859450726979,0.7201946472019465,0.5609602021478206,0.7187373532982598,0.7172859450726979,0.7201946472019465,1.0
0.0,0.0,0.9983654022216797,0.0,0.0,0.0,0.0,0.0,0.0,0.0
0.0,0.0,0.9980363845825195,0.0,0.0,0.0,0.0,0.0,0.0,0.0
0.0,0.0,0.9983186721801758,0.0,0.0,0.0,0.0,0.0,0.0,0.0
0.0,0.0,0.9984054565429688,0.0,0.0,0.0,0.0,0.0,0.0,0.0
0.0,0.0,0.9986095428466797,0.0,0.0,0.0,0.0,0.0,0.0,0.0
0.0,0.0,0.9987192153930664,0.0,0.0,0.0,0.0,0.0,0.0,0.0
0.0,0.0,0.9986724853515625,0.0,0.0,0.0,0.0,0.0,0.0,0.0
0.0,0.0,0.9985065460205078,0.0,0.0,0.0,0.0,0.0,0.0,0.0
0.0,0.0,0.9902009963989258,0.0,0.0,0.0,0.0,0.0,0.0,0.0
0.0,0.0,0.9907722473144531,0.0,0.0,0.0,0.0,0.0,0.0,0.0
0.0,0.0,0.9976615905761719,0.0,0.0,0.0,0.0,0.0,0.0,0.0
0.6254036598493004,0.7695364238410596,0.9996681213378906,0.6724537037037037,0.8993808049535603,0.6254036598493004,0.7695364238410596,0.6724537037037037,0.8993808049535603,1.0
0.0,0.0,0.9986715316772461,0.0,0.0,0.0,0.0,0.0,0.0,0.0
0.0,0.0,0.9975643157958984,0.0,0.0,0.0,0.0,0.0,0.0,0.0
0.0,0.0,0.9982080459594727,0.0,0.0,0.0,0.0,0.0,0.0,0.0
0.0,0.0,0.9983482360839844,0.0,0.0,0.0,0.0,0.0,0.0,0.0
0.0,0.0,0.99920654296875,0.0,0.0,0.0,0.0,0.0,0.0,0.0
0.0,0.0,0.9990739822387695,0.0,0.0,0.0,0.0,0.0,0.0,0.0
0.0,0.0,0.9994792938232422,0.0,0.0,0.0,0.0,0.0,0.0,0.0
0.0,0.0,0.9982538223266602,0.0,0.0,0.0,0.0,0.0,0.0,0.0
0.0,0.0,0.9974422454833984,0.0,0.0,0.0,0.0,0.0,0.0,0.0
0.0,0.0,0.9979753494262695,0.0,0.0,0.0,0.0,0.0,0.0,0.0
0.9022265246853823,0.9486005089058525,0.999903678894043,0.9366834170854271,0.9608247422680413,0.9022265246853823,0.9486005089058525,0.9366834170854271,0.9608247422680413,1.0
0.0,0.0,0.9954299926757812,0.0,0.0,0.0,0.0,0.0,0.0,0.0
0.0,0.0,0.9553546905517578,0.0,0.0,0.0,0.0,0.0,0.0,0.0
0.0,0.0,0.9801826477050781,0.0,0.0,0.0,0.0,0.0,0.0,0.0
0.0,0.0,0.9821634292602539,0.0,0.0,0.0,0.0,0.0,0.0,0.0
0.0,0.0,0.979039192199707,0.0,0.0,0.0,0.0,0.0,0.0,0.0
0.8347836043050149,0.9099531981279251,0.9972476959228516,0.9606060606060606,0.8643746295198578,0.8347836043050149,0.9099531981279251,0.9606060606060606,0.8643746295198578,1.0
0.0,0.0,0.9820022583007812,0.0,0.0,0.0,0.0,0.0,0.0,0.0
0.0,0.0,0.982356071472168,0.0,0.0,0.0,0.0,0.0,0.0,0.0
0.0,0.0,0.9800214767456055,0.0,0.0,0.0,0.0,0.0,0.0,0.0
0.0,0.0,0.9813556671142578,0.0,0.0,0.0,0.0,0.0,0.0,0.0
0.0,0.0,0.9814252853393555,0.0,0.0,0.0,0.0,0.0,0.0,0.0
0.0,0.0,0.9824295043945312,0.0,0.0,0.0,0.0,0.0,0.0,0.0
0.0,0.0,0.9824943542480469,0.0,0.0,0.0,0.0,0.0,0.0,0.0
0.0,0.0,0.9824047088623047,0.0,0.0,0.0,0.0,0.0,0.0,0.0
0.0,0.0,0.9817514419555664,0.0,0.0,0.0,0.0,0.0,0.0,0.0
0.0,0.0,0.9822196960449219,0.0,0.0,0.0,0.0,0.0,0.0,0.0
0.0,0.0,0.9814567565917969,0.0,0.0,0.0,0.0,0.0,0.0,0.0
0.0,0.0,0.9820137023925781,0.0,0.0,0.0,0.0,0.0,0.0,0.0
0.0,0.0,0.9824457168579102,0.0,0.0,0.0,0.0,0.0,0.0,0.0
0.0,0.0,0.9826326370239258,0.0,0.0,0.0,0.0,0.0,0.0,0.0
0.0,0.0,0.9815893173217773,0.0,0.0,0.0,0.0,0.0,0.0,0.0
0.0,0.0,0.9824762344360352,0.0,0.0,0.0,0.0,0.0,0.0,0.0
0.0,0.0,0.9824905395507812,0.0,0.0,0.0,0.0,0.0,0.0,0.0
0.0,0.0,0.9823551177978516,0.0,0.0,0.0,0.0,0.0,0.0,0.0
0.0,0.0,0.9828834533691406,0.0,0.0,0.0,0.0,0.0,0.0,0.0
0.0,0.0,0.9826059341430664,0.0,0.0,0.0,0.0,0.0,0.0,0.0
0.0,0.0,0.9827632904052734,0.0,0.0,0.0,0.0,0.0,0.0,0.0
0.0,0.0,0.9821958541870117,0.0,0.0,0.0,0.0,0.0,0.0,0.0
0.0,0.0,0.9827508926391602,0.0,0.0,0.0,0.0,0.0,0.0,0.0
0.0,0.0,0.9825096130371094,0.0,0.0,0.0,0.0,0.0,0.0,0.0
0.0,0.0,0.9829206466674805,0.0,0.0,0.0,0.0,0.0,0.0,0.0
0.0,0.0,0.9826078414916992,0.0,0.0,0.0,0.0,0.0,0.0,0.0
0.0,0.0,0.982569694519043,0.0,0.0,0.0,0.0,0.0,0.0,0.0
0.0,0.0,0.9837427139282227,0.0,0.0,0.0,0.0,0.0,0.0,0.0
0.0,0.0,0.9827566146850586,0.0,0.0,0.0,0.0,0.0,0.0,0.0
0.0,0.0,0.9827671051025391,0.0,0.0,0.0,0.0,0.0,0.0,0.0
0.0,0.0,0.9833574295043945,0.0,0.0,0.0,0.0,0.0,0.0,0.0
0.0,0.0,0.9829673767089844,0.0,0.0,0.0,0.0,0.0,0.0,0.0
0.0,0.0,0.9832620620727539,0.0,0.0,0.0,0.0,0.0,0.0,0.0
0.0,0.0,0.9834737777709961,0.0,0.0,0.0,0.0,0.0,0.0,0.0
0.0,0.0,0.9834880828857422,0.0,0.0,0.0,0.0,0.0,0.0,0.0
0.0,0.0,0.9827547073364258,0.0,0.0,0.0,0.0,0.0,0.0,0.0
0.0,0.0,0.9836082458496094,0.0,0.0,0.0,0.0,0.0,0.0,0.0
0.0,0.0,0.9985952377319336,0.0,0.0,0.0,0.0,0.0,0.0,0.0
0.0,0.0,0.9975805282592773,0.0,0.0,0.0,0.0,0.0,0.0,0.0
0.0,0.0,0.9976444244384766,0.0,0.0,0.0,0.0,0.0,0.0,0.0
0.0,0.0,0.9979515075683594,0.0,0.0,0.0,0.0,0.0,0.0,0.0
0.0,0.0,0.9981937408447266,0.0,0.0,0.0,0.0,0.0,0.0,0.0
0.0,0.0,0.9984540939331055,0.0,0.0,0.0,0.0,0.0,0.0,0.0
0.0,0.0,0.9986820220947266,0.0,0.0,0.0,0.0,0.0,0.0,0.0
0.0,0.0,0.9984607696533203,0.0,0.0,0.0,0.0,0.0,0.0,0.0
0.0,0.0,0.997920036315918,0.0,0.0,0.0,0.0,0.0,0.0,0.0
0.0,0.0,0.9983358383178711,0.0,0.0,0.0,0.0,0.0,0.0,0.0
0.0,0.0,0.9982576370239258,0.0,0.0,0.0,0.0,0.0,0.0,0.0
0.0,0.0,0.9990949630737305,0.0,0.0,0.0,0.0,0.0,0.0,0.0
0.0,0.0,0.9985418319702148,0.0,0.0,0.0,0.0,0.0,0.0,0.0
0.0,0.0,0.9983816146850586,0.0,0.0,0.0,0.0,0.0,0.0,0.0
0.0,0.0,0.9981231689453125,0.0,0.0,0.0,0.0,0.0,0.0,0.0
0.0,0.0,0.9986505508422852,0.0,0.0,0.0,0.0,0.0,0.0,0.0
0.0,0.0,0.998112678527832,0.0,0.0,0.0,0.0,0.0,0.0,0.0
0.0,0.0,0.9988384246826172,0.0,0.0,0.0,0.0,0.0,0.0,0.0
0.0,0.0,0.9979696273803711,0.0,0.0,0.0,0.0,0.0,0.0,0.0
0.0,0.0,0.9990711212158203,0.0,0.0,0.0,0.0,0.0,0.0,0.0
0.0,0.0,0.998443603515625,0.0,0.0,0.0,0.0,0.0,0.0,0.0
0.0,0.0,0.9979381561279297,0.0,0.0,0.0,0.0,0.0,0.0,0.0
0.0,0.0,0.9985618591308594,0.0,0.0,0.0,0.0,0.0,0.0,0.0
0.0,0.0,0.9978904724121094,0.0,0.0,0.0,0.0,0.0,0.0,0.0
0.0,0.0,0.9986381530761719,0.0,0.0,0.0,0.0,0.0,0.0,0.0
0.0,0.0,0.9986553192138672,0.0,0.0,0.0,0.0,0.0,0.0,0.0
0.0,0.0,0.9981908798217773,0.0,0.0,0.0,0.0,0.0,0.0,0.0
0.0,0.0,0.9989871978759766,0.0,0.0,0.0,0.0,0.0,0.0,0.0
0.0,0.0,0.9979009628295898,0.0,0.0,0.0,0.0,0.0,0.0,0.0
0.0,0.0,0.99896240234375,0.0,0.0,0.0,0.0,0.0,0.0,0.0
0.0,0.0,0.9984703063964844,0.0,0.0,0.0,0.0,0.0,0.0,0.0
0.0,0.0,0.9994716644287109,0.0,0.0,0.0,0.0,0.0,0.0,0.0
0.0,0.0,0.9979829788208008,0.0,0.0,0.0,0.0,0.0,0.0,0.0
0.0,0.0,0.9991579055786133,0.0,0.0,0.0,0.0,0.0,0.0,0.0
0.0,0.0,0.9990015029907227,0.0,0.0,0.0,0.0,0.0,0.0,0.0
0.0,0.0,0.9982805252075195,0.0,0.0,0.0,0.0,0.0,0.0,0.0
0.0,0.0,0.9991579055786133,0.0,0.0,0.0,0.0,0.0,0.0,0.0
0.0,0.0,0.9978370666503906,0.0,0.0,0.0,0.0,0.0,0.0,0.0
0.0,0.0,0.9991340637207031,0.0,0.0,0.0,0.0,0.0,0.0,0.0
0.0,0.0,0.9988431930541992,0.0,0.0,0.0,0.0,0.0,0.0,0.0
0.0,0.0,0.9990119934082031,0.0,0.0,0.0,0.0,0.0,0.0,0.0
0.0,0.0,0.9985418319702148,0.0,0.0,0.0,0.0,0.0,0.0,0.0
0.0,0.0,0.9987297058105469,0.0,0.0,0.0,0.0,0.0,0.0,0.0
0.0,0.0,0.9988870620727539,0.0,0.0,0.0,0.0,0.0,0.0,0.0
0.0,0.0,0.9988317489624023,0.0,0.0,0.0,0.0,0.0,0.0,0.0
0.0,0.0,0.9982976913452148,0.0,0.0,0.0,0.0,0.0,0.0,0.0
0.0,0.0,0.9985160827636719,0.0,0.0,0.0,0.0,0.0,0.0,0.0
0.0,0.0,0.9985237121582031,0.0,0.0,0.0,0.0,0.0,0.0,0.0
0.0,0.0,0.9992218017578125,0.0,0.0,0.0,0.0,0.0,0.0,0.0
0.0,0.0,0.9991006851196289,0.0,0.0,0.0,0.0,0.0,0.0,0.0
0.0,0.0,0.9994306564331055,0.0,0.0,0.0,0.0,0.0,0.0,0.0
0.0,0.0,0.9984598159790039,0.0,0.0,0.0,0.0,0.0,0.0,0.0
0.0,0.0,0.998326301574707,0.0,0.0,0.0,0.0,0.0,0.0,0.0
0.0,0.0,0.9985523223876953,0.0,0.0,0.0,0.0,0.0,0.0,0.0
0.0,0.0,0.9985446929931641,0.0,0.0,0.0,0.0,0.0,0.0,0.0
0.0,0.0,0.9987297058105469,0.0,0.0,0.0,0.0,0.0,0.0,0.0
0.0,0.0,0.9987621307373047,0.0,0.0,0.0,0.0,0.0,0.0,0.0
0.0,0.0,0.9989356994628906,0.0,0.0,0.0,0.0,0.0,0.0,0.0
0.0,0.0,0.9986743927001953,0.0,0.0,0.0,0.0,0.0,0.0,0.0
0.0,0.0,0.9990549087524414,0.0,0.0,0.0,0.0,0.0,0.0,0.0
0.0,0.0,0.9988594055175781,0.0,0.0,0.0,0.0,0.0,0.0,0.0
0.0,0.0,0.9989147186279297,0.0,0.0,0.0,0.0,0.0,0.0,0.0
0.0,0.0,0.9987916946411133,0.0,0.0,0.0,0.0,0.0,0.0,0.0
0.0,0.0,0.9990129470825195,0.0,0.0,0.0,0.0,0.0,0.0,0.0
0.0,0.0,0.9984636306762695,0.0,0.0,0.0,0.0,0.0,0.0,0.0
0.0,0.0,0.9989948272705078,0.0,0.0,0.0,0.0,0.0,0.0,0.0
0.0,0.0,0.9993724822998047,0.0,0.0,0.0,0.0,0.0,0.0,0.0
0.0,0.0,0.9986705780029297,0.0,0.0,0.0,0.0,0.0,0.0,0.0
0.0,0.0,0.9986848831176758,0.0,0.0,0.0,0.0,0.0,0.0,0.0
0.0,0.0,0.99859619140625,0.0,0.0,0.0,0.0,0.0,0.0,0.0
0.0,0.0,0.9991216659545898,0.0,0.0,0.0,0.0,0.0,0.0,0.0
0.0,0.0,0.9994421005249023,0.0,0.0,0.0,0.0,0.0,0.0,0.0
0.0,0.0,0.9987754821777344,0.0,0.0,0.0,0.0,0.0,0.0,0.0
0.0,0.0,0.9990673065185547,0.0,0.0,0.0,0.0,0.0,0.0,0.0
0.0,0.0,0.9989290237426758,0.0,0.0,0.0,0.0,0.0,0.0,0.0
0.0,0.0,0.9994583129882812,0.0,0.0,0.0,0.0,0.0,0.0,0.0
0.0,0.0,0.9995355606079102,0.0,0.0,0.0,0.0,0.0,0.0,0.0
0.0,0.0,0.9998149871826172,0.0,0.0,0.0,0.0,0.0,0.0,0.0
0.0,0.0,0.9855546951293945,0.0,0.0,0.0,0.0,0.0,0.0,0.0
0.0,0.0,0.9875288009643555,0.0,0.0,0.0,0.0,0.0,0.0,0.0
0.0,0.0,0.9548349380493164,0.0,0.0,0.0,0.0,0.0,0.0,0.0
0.0,0.0,0.997807502746582,0.0,0.0,0.0,0.0,0.0,0.0,0.0
0.0,0.0,0.9967899322509766,0.0,0.0,0.0,0.0,0.0,0.0,0.0
0.0,0.0,0.9976644515991211,0.0,0.0,0.0,0.0,0.0,0.0,0.0
0.0,0.0,0.9985771179199219,0.0,0.0,0.0,0.0,0.0,0.0,0.0
0.0,0.0,0.9988260269165039,0.0,0.0,0.0,0.0,0.0,0.0,0.0
0.0,0.0,0.9981985092163086,0.0,0.0,0.0,0.0,0.0,0.0,0.0
0.0,0.0,0.997467041015625,0.0,0.0,0.0,0.0,0.0,0.0,0.0
0.0,0.0,0.9988183975219727,0.0,0.0,0.0,0.0,0.0,0.0,0.0
0.5648148148148148,0.7218934911242604,0.9997758865356445,0.9744408945686901,0.5733082706766918,0.5648148148148148,0.7218934911242604,0.9744408945686901,0.5733082706766918,1.0
0.0,0.0,0.9967174530029297,0.0,0.0,0.0,0.0,0.0,0.0,0.0
0.0,0.0,0.9960241317749023,0.0,0.0,0.0,0.0,0.0,0.0,0.0
0.0,0.0,0.9970769882202148,0.0,0.0,0.0,0.0,0.0,0.0,0.0
0.0,0.0,0.9972248077392578,0.0,0.0,0.0,0.0,0.0,0.0,0.0
0.0,0.0,0.9968166351318359,0.0,0.0,0.0,0.0,0.0,0.0,0.0
0.0,0.0,0.9980077743530273,0.0,0.0,0.0,0.0,0.0,0.0,0.0
0.0,0.0,0.9976692199707031,0.0,0.0,0.0,0.0,0.0,0.0,0.0
0.0,0.0,0.997736930847168,0.0,0.0,0.0,0.0,0.0,0.0,0.0
0.0,0.0,0.997950553894043,0.0,0.0,0.0,0.0,0.0,0.0,0.0
0.0,0.0,0.9976844787597656,0.0,0.0,0.0,0.0,0.0,0.0,0.0
0.0,0.0,0.9983224868774414,0.0,0.0,0.0,0.0,0.0,0.0,0.0
0.0,0.0,0.9973011016845703,0.0,0.0,0.0,0.0,0.0,0.0,0.0
0.0,0.0,0.9982051849365234,0.0,0.0,0.0,0.0,0.0,0.0,0.0
0.0,0.0,0.9984531402587891,0.0,0.0,0.0,0.0,0.0,0.0,0.0
0.0,0.0,0.9983606338500977,0.0,0.0,0.0,0.0,0.0,0.0,0.0
0.0,0.0,0.9983797073364258,0.0,0.0,0.0,0.0,0.0,0.0,0.0
0.0,0.0,0.9982500076293945,0.0,0.0,0.0,0.0,0.0,0.0,0.0
0.0,0.0,0.9987325668334961,0.0,0.0,0.0,0.0,0.0,0.0,0.0
0.0,0.0,0.9986171722412109,0.0,0.0,0.0,0.0,0.0,0.0,0.0
0.0,0.0,0.998600959777832,0.0,0.0,0.0,0.0,0.0,0.0,0.0
0.0,0.0,0.9988441467285156,0.0,0.0,0.0,0.0,0.0,0.0,0.0
0.0,0.0,0.9989461898803711,0.0,0.0,0.0,0.0,0.0,0.0,0.0
0.0,0.0,0.9988040924072266,0.0,0.0,0.0,0.0,0.0,0.0,0.0
0.0,0.0,0.9991044998168945,0.0,0.0,0.0,0.0,0.0,0.0,0.0
0.0,0.0,0.9988784790039062,0.0,0.0,0.0,0.0,0.0,0.0,0.0
0.0,0.0,0.9985771179199219,0.0,0.0,0.0,0.0,0.0,0.0,0.0
0.0,0.0,0.9988307952880859,0.0,0.0,0.0,0.0,0.0,0.0,0.0
0.0,0.0,0.9991436004638672,0.0,0.0,0.0,0.0,0.0,0.0,0.0
0.0,0.0,0.9992027282714844,0.0,0.0,0.0,0.0,0.0,0.0,0.0
0.0,0.0,0.999171257019043,0.0,0.0,0.0,0.0,0.0,0.0,0.0
0.0,0.0,0.997859001159668,0.0,0.0,0.0,0.0,0.0,0.0,0.0
0.0,0.0,0.9995317459106445,0.0,0.0,0.0,0.0,0.0,0.0,0.0
0.0,0.0,0.9983539581298828,0.0,0.0,0.0,0.0,0.0,0.0,0.0
0.0,0.0,0.9765024185180664,0.0,0.0,0.0,0.0,0.0,0.0,0.0
0.0,0.0,0.9981174468994141,0.0,0.0,0.0,0.0,0.0,0.0,0.0
0.0,0.0,0.983546257019043,0.0,0.0,0.0,0.0,0.0,0.0,0.0
0.0,0.0,0.9979343414306641,0.0,0.0,0.0,0.0,0.0,0.0,0.0
0.0,0.0,0.9978713989257812,0.0,0.0,0.0,0.0,0.0,0.0,0.0
0.0,0.0,0.9976701736450195,0.0,0.0,0.0,0.0,0.0,0.0,0.0
0.0,0.0,0.998225212097168,0.0,0.0,0.0,0.0,0.0,0.0,0.0
0.0,0.0,0.9979076385498047,0.0,0.0,0.0,0.0,0.0,0.0,0.0
0.0,0.0,0.99713134765625,0.0,0.0,0.0,0.0,0.0,0.0,0.0
0.0,0.0,0.9983978271484375,0.0,0.0,0.0,0.0,0.0,0.0,0.0
0.0,0.0,0.9985113143920898,0.0,0.0,0.0,0.0,0.0,0.0,0.0
0.0,0.0,0.9983863830566406,0.0,0.0,0.0,0.0,0.0,0.0,0.0
0.0,0.0,0.9980983734130859,0.0,0.0,0.0,0.0,0.0,0.0,0.0
0.0,0.0,0.998631477355957,0.0,0.0,0.0,0.0,0.0,0.0,0.0
0.0,0.0,0.9982519149780273,0.0,0.0,0.0,0.0,0.0,0.0,0.0
0.0,0.0,0.9983253479003906,0.0,0.0,0.0,0.0,0.0,0.0,0.0
0.0,0.0,0.9983234405517578,0.0,0.0,0.0,0.0,0.0,0.0,0.0
0.0,0.0,0.9988498687744141,0.0,0.0,0.0,0.0,0.0,0.0,0.0
0.0,0.0,0.996211051940918,0.0,0.0,0.0,0.0,0.0,0.0,0.0
0.0,0.0,0.9985456466674805,0.0,0.0,0.0,0.0,0.0,0.0,0.0
0.0,0.0,0.9980659484863281,0.0,0.0,0.0,0.0,0.0,0.0,0.0
0.0,0.0,0.9983329772949219,0.0,0.0,0.0,0.0,0.0,0.0,0.0
0.0,0.0,0.9976634979248047,0.0,0.0,0.0,0.0,0.0,0.0,0.0
0.0,0.0,0.9986810684204102,0.0,0.0,0.0,0.0,0.0,0.0,0.0
0.0,0.0,0.9992828369140625,0.0,0.0,0.0,0.0,0.0,0.0,0.0
0.0,0.0,0.9994020462036133,0.0,0.0,0.0,0.0,0.0,0.0,0.0
0.0,0.0,0.9990043640136719,0.0,0.0,0.0,0.0,0.0,0.0,0.0
0.0,0.0,0.9992685317993164,0.0,0.0,0.0,0.0,0.0,0.0,0.0
0.0,0.0,0.9979515075683594,0.0,0.0,0.0,0.0,0.0,0.0,0.0
0.0,0.0,0.9987716674804688,0.0,0.0,0.0,0.0,0.0,0.0,0.0
0.0,0.0,0.9995555877685547,0.0,0.0,0.0,0.0,0.0,0.0,0.0
0.0,0.0,0.9985227584838867,0.0,0.0,0.0,0.0,0.0,0.0,0.0
0.0,0.0,0.9953546524047852,0.0,0.0,0.0,0.0,0.0,0.0,0.0
0.6707946336429309,0.8029647930821495,0.9990873336791992,0.823132123258759,0.7837620578778135,0.6707946336429309,0.8029647930821495,0.823132123258759,0.7837620578778135,1.0
0.0,0.0,0.9941329956054688,0.0,0.0,0.0,0.0,0.0,0.0,0.0
0.0,0.0,0.9950952529907227,0.0,0.0,0.0,0.0,0.0,0.0,0.0
0.0,0.0,0.9930210113525391,0.0,0.0,0.0,0.0,0.0,0.0,0.0
0.0,0.0,0.9961023330688477,0.0,0.0,0.0,0.0,0.0,0.0,0.0
0.0,0.0,0.9959077835083008,0.0,0.0,0.0,0.0,0.0,0.0,0.0
0.0,0.0,0.9963932037353516,0.0,0.0,0.0,0.0,0.0,0.0,0.0
0.0,0.0,0.9963846206665039,0.0,0.0,0.0,0.0,0.0,0.0,0.0
0.0,0.0,0.9957065582275391,0.0,0.0,0.0,0.0,0.0,0.0,0.0
0.0,0.0,0.9959383010864258,0.0,0.0,0.0,0.0,0.0,0.0,0.0
0.0,0.0,0.9964485168457031,0.0,0.0,0.0,0.0,0.0,0.0,0.0
0.0,0.0,0.9962024688720703,0.0,0.0,0.0,0.0,0.0,0.0,0.0
0.0,0.0,0.9961128234863281,0.0,0.0,0.0,0.0,0.0,0.0,0.0
0.0,0.0,0.9961986541748047,0.0,0.0,0.0,0.0,0.0,0.0,0.0
0.0,0.0,0.9963884353637695,0.0,0.0,0.0,0.0,0.0,0.0,0.0
0.0,0.0,0.9952840805053711,0.0,0.0,0.0,0.0,0.0,0.0,0.0
0.0,0.0,0.9965591430664062,0.0,0.0,0.0,0.0,0.0,0.0,0.0
0.0,0.0,0.996302604675293,0.0,0.0,0.0,0.0,0.0,0.0,0.0
0.0,0.0,0.9965982437133789,0.0,0.0,0.0,0.0,0.0,0.0,0.0
0.0,0.0,0.9963169097900391,0.0,0.0,0.0,0.0,0.0,0.0,0.0
0.0,0.0,0.9964151382446289,0.0,0.0,0.0,0.0,0.0,0.0,0.0
0.0,0.0,0.9963178634643555,0.0,0.0,0.0,0.0,0.0,0.0,0.0
0.0,0.0,0.9966888427734375,0.0,0.0,0.0,0.0,0.0,0.0,0.0
0.0,0.0,0.9963407516479492,0.0,0.0,0.0,0.0,0.0,0.0,0.0
0.0,0.0,0.9966144561767578,0.0,0.0,0.0,0.0,0.0,0.0,0.0
0.0,0.0,0.9968090057373047,0.0,0.0,0.0,0.0,0.0,0.0,0.0
0.0,0.0,0.9967317581176758,0.0,0.0,0.0,0.0,0.0,0.0,0.0
0.0,0.0,0.9961128234863281,0.0,0.0,0.0,0.0,0.0,0.0,0.0
0.0,0.0,0.9967184066772461,0.0,0.0,0.0,0.0,0.0,0.0,0.0
0.0,0.0,0.9968366622924805,0.0,0.0,0.0,0.0,0.0,0.0,0.0
0.0,0.0,0.9957876205444336,0.0,0.0,0.0,0.0,0.0,0.0,0.0
0.0,0.0,0.9961471557617188,0.0,0.0,0.0,0.0,0.0,0.0,0.0
0.0,0.0,0.9971084594726562,0.0,0.0,0.0,0.0,0.0,0.0,0.0
0.0,0.0,0.9969873428344727,0.0,0.0,0.0,0.0,0.0,0.0,0.0
0.0,0.0,0.9963083267211914,0.0,0.0,0.0,0.0,0.0,0.0,0.0
0.0,0.0,0.9962911605834961,0.0,0.0,0.0,0.0,0.0,0.0,0.0
0.0,0.0,0.9964714050292969,0.0,0.0,0.0,0.0,0.0,0.0,0.0
0.0,0.0,0.9972267150878906,0.0,0.0,0.0,0.0,0.0,0.0,0.0
0.0,0.0,0.9960899353027344,0.0,0.0,0.0,0.0,0.0,0.0,0.0
0.0,0.0,0.996739387512207,0.0,0.0,0.0,0.0,0.0,0.0,0.0
0.0,0.0,0.9970779418945312,0.0,0.0,0.0,0.0,0.0,0.0,0.0
0.0,0.0,0.995976448059082,0.0,0.0,0.0,0.0,0.0,0.0,0.0
0.0,0.0,0.9959859848022461,0.0,0.0,0.0,0.0,0.0,0.0,0.0
0.0,0.0,0.9967126846313477,0.0,0.0,0.0,0.0,0.0,0.0,0.0
0.0,0.0,0.9973611831665039,0.0,0.0,0.0,0.0,0.0,0.0,0.0
0.0,0.0,0.9966201782226562,0.0,0.0,0.0,0.0,0.0,0.0,0.0
0.0,0.0,0.9958925247192383,0.0,0.0,0.0,0.0,0.0,0.0,0.0
0.0,0.0,0.9971227645874023,0.0,0.0,0.0,0.0,0.0,0.0,0.0
0.0,0.0,0.9970817565917969,0.0,0.0,0.0,0.0,0.0,0.0,0.0
0.0,0.0,0.9962825775146484,0.0,0.0,0.0,0.0,0.0,0.0,0.0
0.7650375939849624,0.8668796592119276,0.9997615814208984,0.8400412796697626,0.8954895489548955,0.7650375939849624,0.8668796592119276,0.8400412796697626,0.8954895489548955,1.0
0.0,0.0,0.9971189498901367,0.0,0.0,0.0,0.0,0.0,0.0,0.0
0.0,0.0,0.9980230331420898,0.0,0.0,0.0,0.0,0.0,0.0,0.0
0.0,0.0,0.998591423034668,0.0,0.0,0.0,0.0,0.0,0.0,0.0
0.0,0.0,0.9985189437866211,0.0,0.0,0.0,0.0,0.0,0.0,0.0
0.0,0.0,0.9987640380859375,0.0,0.0,0.0,0.0,0.0,0.0,0.0
0.0,0.0,0.9956293106079102,0.0,0.0,0.0,0.0,0.0,0.0,0.0
0.0,0.0,0.9977550506591797,0.0,0.0,0.0,0.0,0.0,0.0,0.0
0.0,0.0,0.9982118606567383,0.0,0.0,0.0,0.0,0.0,0.0,0.0
0.0,0.0,0.9990301132202148,0.0,0.0,0.0,0.0,0.0,0.0,0.0
0.0,0.0,0.9991445541381836,0.0,0.0,0.0,0.0,0.0,0.0,0.0
0.0,0.0,0.9974136352539062,0.0,0.0,0.0,0.0,0.0,0.0,0.0
0.0,0.0,0.9990968704223633,0.0,0.0,0.0,0.0,0.0,0.0,0.0
0.0,0.0,0.9949913024902344,0.0,0.0,0.0,0.0,0.0,0.0,0.0
0.0,0.0,0.9942293167114258,0.0,0.0,0.0,0.0,0.0,0.0,0.0
0.0,0.0,0.9950122833251953,0.0,0.0,0.0,0.0,0.0,0.0,0.0
0.0,0.0,0.9957952499389648,0.0,0.0,0.0,0.0,0.0,0.0,0.0
0.0,0.0,0.9974784851074219,0.0,0.0,0.0,0.0,0.0,0.0,0.0
0.0,0.0,0.9982929229736328,0.0,0.0,0.0,0.0,0.0,0.0,0.0
0.0,0.0,0.997920036315918,0.0,0.0,0.0,0.0,0.0,0.0,0.0
0.0,0.0,0.9970407485961914,0.0,0.0,0.0,0.0,0.0,0.0,0.0
0.0,0.0,0.9971504211425781,0.0,0.0,0.0,0.0,0.0,0.0,0.0
0.0,0.0,0.9980430603027344,0.0,0.0,0.0,0.0,0.0,0.0,0.0
0.0,0.0,0.996861457824707,0.0,0.0,0.0,0.0,0.0,0.0,0.0
0.0,0.0,0.9965887069702148,0.0,0.0,0.0,0.0,0.0,0.0,0.0
0.0,0.0,0.9950799942016602,0.0,0.0,0.0,0.0,0.0,0.0,0.0
0.8001443001443002,0.8889779559118236,0.9997358322143555,0.8879103282626101,0.8900481540930979,0.8001443001443002,0.8889779559118236,0.8879103282626101,0.8900481540930979,1.0
0.0,0.0,0.9985771179199219,0.0,0.0,0.0,0.0,0.0,0.0,0.0
0.0,0.0,0.9984579086303711,0.0,0.0,0.0,0.0,0.0,0.0,0.0
0.0,0.0,0.9981613159179688,0.0,0.0,0.0,0.0,0.0,0.0,0.0
0.0,0.0,0.9984045028686523,0.0,0.0,0.0,0.0,0.0,0.0,0.0
0.0,0.0,0.9986438751220703,0.0,0.0,0.0,0.0,0.0,0.0,0.0
0.0,0.0,0.9970922470092773,0.0,0.0,0.0,0.0,0.0,0.0,0.0
0.0,0.0,0.9968843460083008,0.0,0.0,0.0,0.0,0.0,0.0,0.0
0.0,0.0,0.9982061386108398,0.0,0.0,0.0,0.0,0.0,0.0,0.0
0.0,0.0,0.9976158142089844,0.0,0.0,0.0,0.0,0.0,0.0,0.0
0.0,0.0,0.9982814788818359,0.0,0.0,0.0,0.0,0.0,0.0,0.0
0.0,0.0,0.9959831237792969,0.0,0.0,0.0,0.0,0.0,0.0,0.0
0.0,0.0,0.9972600936889648,0.0,0.0,0.0,0.0,0.0,0.0,0.0
0.0,0.0,0.997004508972168,0.0,0.0,0.0,0.0,0.0,0.0,0.0
0.0,0.0,0.9968662261962891,0.0,0.0,0.0,0.0,0.0,0.0,0.0
0.0,0.0,0.9967002868652344,0.0,0.0,0.0,0.0,0.0,0.0,0.0
0.0,0.0,0.9980411529541016,0.0,0.0,0.0,0.0,0.0,0.0,0.0
0.0,0.0,0.99749755859375,0.0,0.0,0.0,0.0,0.0,0.0,0.0
0.0,0.0,0.9975194931030273,0.0,0.0,0.0,0.0,0.0,0.0,0.0
0.0,0.0,0.9800729751586914,0.0,0.0,0.0,0.0,0.0,0.0,0.0
0.0,0.0,0.9970560073852539,0.0,0.0,0.0,0.0,0.0,0.0,0.0
0.0,0.0,0.9974470138549805,0.0,0.0,0.0,0.0,0.0,0.0,0.0
0.0,0.0,0.997981071472168,0.0,0.0,0.0,0.0,0.0,0.0,0.0
0.0,0.0,0.9970874786376953,0.0,0.0,0.0,0.0,0.0,0.0,0.0
0.0,0.0,0.998143196105957,0.0,0.0,0.0,0.0,0.0,0.0,0.0
0.6759167492566898,0.8066232998225902,0.9996881484985352,0.9592123769338959,0.6959183673469388,0.6759167492566898,0.8066232998225902,0.9592123769338959,0.6959183673469388,1.0
0.0,0.0,0.99749755859375,0.0,0.0,0.0,0.0,0.0,0.0,0.0
0.0,0.0,0.9973297119140625,0.0,0.0,0.0,0.0,0.0,0.0,0.0
0.0,0.0,0.9975118637084961,0.0,0.0,0.0,0.0,0.0,0.0,0.0
0.0,0.0,0.9971981048583984,0.0,0.0,0.0,0.0,0.0,0.0,0.0
0.0,0.0,0.9984912872314453,0.0,0.0,0.0,0.0,0.0,0.0,0.0
0.0,0.0,0.9974174499511719,0.0,0.0,0.0,0.0,0.0,0.0,0.0
0.0,0.0,0.9979171752929688,0.0,0.0,0.0,0.0,0.0,0.0,0.0
0.0,0.0,0.9973068237304688,0.0,0.0,0.0,0.0,0.0,0.0,0.0
0.0,0.0,0.997004508972168,0.0,0.0,0.0,0.0,0.0,0.0,0.0
0.0,0.0,0.9979391098022461,0.0,0.0,0.0,0.0,0.0,0.0,0.0
0.0,0.0,0.9975776672363281,0.0,0.0,0.0,0.0,0.0,0.0,0.0
0.0,0.0,0.9980754852294922,0.0,0.0,0.0,0.0,0.0,0.0,0.0
0.0,0.0,0.9966011047363281,0.0,0.0,0.0,0.0,0.0,0.0,0.0
0.0,0.0,0.9975700378417969,0.0,0.0,0.0,0.0,0.0,0.0,0.0
0.0,0.0,0.9988231658935547,0.0,0.0,0.0,0.0,0.0,0.0,0.0
0.0,0.0,0.9985170364379883,0.0,0.0,0.0,0.0,0.0,0.0,0.0
0.0,0.0,0.9986104965209961,0.0,0.0,0.0,0.0,0.0,0.0,0.0
0.0,0.0,0.9986486434936523,0.0,0.0,0.0,0.0,0.0,0.0,0.0
0.0,0.0,0.9984636306762695,0.0,0.0,0.0,0.0,0.0,0.0,0.0
0.0,0.0,0.9942750930786133,0.0,0.0,0.0,0.0,0.0,0.0,0.0
0.0,0.0,0.9950628280639648,0.0,0.0,0.0,0.0,0.0,0.0,0.0
0.0,0.0,0.9954919815063477,0.0,0.0,0.0,0.0,0.0,0.0,0.0
0.0,0.0,0.9955215454101562,0.0,0.0,0.0,0.0,0.0,0.0,0.0
0.0,0.0,0.9963464736938477,0.0,0.0,0.0,0.0,0.0,0.0,0.0
0.0,0.0,0.9953393936157227,0.0,0.0,0.0,0.0,0.0,0.0,0.0
0.0,0.0,0.995762825012207,0.0,0.0,0.0,0.0,0.0,0.0,0.0
0.0,0.0,0.9966516494750977,0.0,0.0,0.0,0.0,0.0,0.0,0.0
0.0,0.0,0.9944076538085938,0.0,0.0,0.0,0.0,0.0,0.0,0.0
0.0,0.0,0.9946937561035156,0.0,0.0,0.0,0.0,0.0,0.0,0.0
0.0,0.0,0.9945602416992188,0.0,0.0,0.0,0.0,0.0,0.0,0.0
0.0,0.0,0.9967164993286133,0.0,0.0,0.0,0.0,0.0,0.0,0.0
0.0,0.0,0.9969196319580078,0.0,0.0,0.0,0.0,0.0,0.0,0.0
0.0,0.0,0.9972143173217773,0.0,0.0,0.0,0.0,0.0,0.0,0.0
0.0,0.0,0.9982843399047852,0.0,0.0,0.0,0.0,0.0,0.0,0.0
0.0,0.0,0.9983997344970703,0.0,0.0,0.0,0.0,0.0,0.0,0.0
0.0,0.0,0.9979257583618164,0.0,0.0,0.0,0.0,0.0,0.0,0.0
0.0,0.0,0.9994382858276367,0.0,0.0,0.0,0.0,0.0,0.0,0.0
0.0,0.0,0.9994173049926758,0.0,0.0,0.0,0.0,0.0,0.0,0.0
0.0,0.0,0.9993991851806641,0.0,0.0,0.0,0.0,0.0,0.0,0.0
0.0,0.0,0.9959011077880859,0.0,0.0,0.0,0.0,0.0,0.0,0.0
0.0,0.0,0.9976816177368164,0.0,0.0,0.0,0.0,0.0,0.0,0.0
0.0,0.0,0.9982805252075195,0.0,0.0,0.0,0.0,0.0,0.0,0.0
0.0,0.0,0.9972686767578125,0.0,0.0,0.0,0.0,0.0,0.0,0.0
0.0,0.0,0.9972000122070312,0.0,0.0,0.0,0.0,0.0,0.0,0.0
0.0,0.0,0.9977588653564453,0.0,0.0,0.0,0.0,0.0,0.0,0.0
0.8545706371191135,0.9215832710978342,0.9998998641967773,0.9195230998509687,0.9236526946107785,0.8545706371191135,0.9215832710978342,0.9195230998509687,0.9236526946107785,1.0
0.0,0.0,0.9984903335571289,0.0,0.0,0.0,0.0,0.0,0.0,0.0
0.0,0.0,0.9973535537719727,0.0,0.0,0.0,0.0,0.0,0.0,0.0
0.0,0.0,0.9983406066894531,0.0,0.0,0.0,0.0,0.0,0.0,0.0
0.0,0.0,0.9982748031616211,0.0,0.0,0.0,0.0,0.0,0.0,0.0
0.0,0.0,0.9986286163330078,0.0,0.0,0.0,0.0,0.0,0.0,0.0
0.0,0.0,0.9992275238037109,0.0,0.0,0.0,0.0,0.0,0.0,0.0
0.0,0.0,0.9992704391479492,0.0,0.0,0.0,0.0,0.0,0.0,0.0
0.0,0.0,0.9977550506591797,0.0,0.0,0.0,0.0,0.0,0.0,0.0
0.0,0.0,0.9945592880249023,0.0,0.0,0.0,0.0,0.0,0.0,0.0
0.0,0.0,0.9956808090209961,0.0,0.0,0.0,0.0,0.0,0.0,0.0
0.0,0.0,0.9959468841552734,0.0,0.0,0.0,0.0,0.0,0.0,0.0
0.0,0.0,0.9970645904541016,0.0,0.0,0.0,0.0,0.0,0.0,0.0
0.6650563607085346,0.7988394584139265,0.9994049072265625,0.909024211298606,0.7124784358826912,0.6650563607085346,0.7988394584139265,0.909024211298606,0.7124784358826912,1.0
0.0,0.0,0.9980878829956055,0.0,0.0,0.0,0.0,0.0,0.0,0.0
0.0,0.0,0.9980583190917969,0.0,0.0,0.0,0.0,0.0,0.0,0.0
0.0,0.0,0.9962301254272461,0.0,0.0,0.0,0.0,0.0,0.0,0.0
0.0,0.0,0.9982128143310547,0.0,0.0,0.0,0.0,0.0,0.0,0.0
0.0,0.0,0.997776985168457,0.0,0.0,0.0,0.0,0.0,0.0,0.0
0.0,0.0,0.9922819137573242,0.0,0.0,0.0,0.0,0.0,0.0,0.0
0.0,0.0,0.9944696426391602,0.0,0.0,0.0,0.0,0.0,0.0,0.0
0.0,0.0,0.9975471496582031,0.0,0.0,0.0,0.0,0.0,0.0,0.0
0.0,0.0,0.9962186813354492,0.0,0.0,0.0,0.0,0.0,0.0,0.0
0.0,0.0,0.9972629547119141,0.0,0.0,0.0,0.0,0.0,0.0,0.0
0.0,0.0,0.9974851608276367,0.0,0.0,0.0,0.0,0.0,0.0,0.0
0.0,0.0,0.9981832504272461,0.0,0.0,0.0,0.0,0.0,0.0,0.0
0.0,0.0,0.9973983764648438,0.0,0.0,0.0,0.0,0.0,0.0,0.0
0.0,0.0,0.9978199005126953,0.0,0.0,0.0,0.0,0.0,0.0,0.0
0.0,0.0,0.9982643127441406,0.0,0.0,0.0,0.0,0.0,0.0,0.0
0.0,0.0,0.9984273910522461,0.0,0.0,0.0,0.0,0.0,0.0,0.0
0.0,0.0,0.9975996017456055,0.0,0.0,0.0,0.0,0.0,0.0,0.0
0.0,0.0,0.9986076354980469,0.0,0.0,0.0,0.0,0.0,0.0,0.0
0.0,0.0,0.9981260299682617,0.0,0.0,0.0,0.0,0.0,0.0,0.0
0.0,0.0,0.9987878799438477,0.0,0.0,0.0,0.0,0.0,0.0,0.0
0.0,0.0,0.9986467361450195,0.0,0.0,0.0,0.0,0.0,0.0,0.0
0.0,0.0,0.9991369247436523,0.0,0.0,0.0,0.0,0.0,0.0,0.0
0.0,0.0,0.9988861083984375,0.0,0.0,0.0,0.0,0.0,0.0,0.0
0.0,0.0,0.9988899230957031,0.0,0.0,0.0,0.0,0.0,0.0,0.0
0.0,0.0,0.9913406372070312,0.0,0.0,0.0,0.0,0.0,0.0,0.0
0.0,0.0,0.9986972808837891,0.0,0.0,0.0,0.0,0.0,0.0,0.0
0.0,0.0,0.9956398010253906,0.0,0.0,0.0,0.0,0.0,0.0,0.0
0.0,0.0,0.9953107833862305,0.0,0.0,0.0,0.0,0.0,0.0,0.0
0.0,0.0,0.9961538314819336,0.0,0.0,0.0,0.0,0.0,0.0,0.0
0.0,0.0,0.9962558746337891,0.0,0.0,0.0,0.0,0.0,0.0,0.0
0.7964519140989729,0.8866943866943867,0.9995841979980469,0.8517224163754369,0.9246612466124661,0.7964519140989729,0.8866943866943867,0.8517224163754369,0.9246612466124661,1.0
0.0,0.0,0.9980840682983398,0.0,0.0,0.0,0.0,0.0,0.0,0.0
0.0,0.0,0.9975957870483398,0.0,0.0,0.0,0.0,0.0,0.0,0.0
0.0,0.0,0.9970073699951172,0.0,0.0,0.0,0.0,0.0,0.0,0.0
0.0,0.0,0.9981622695922852,0.0,0.0,0.0,0.0,0.0,0.0,0.0
0.0,0.0,0.9914884567260742,0.0,0.0,0.0,0.0,0.0,0.0,0.0
0.0,0.0,0.9961719512939453,0.0,0.0,0.0,0.0,0.0,0.0,0.0
0.0,0.0,0.9972143173217773,0.0,0.0,0.0,0.0,0.0,0.0,0.0
0.0,0.0,0.9967679977416992,0.0,0.0,0.0,0.0,0.0,0.0,0.0
0.8102389078498293,0.8951734539969834,0.9997348785400391,0.9737489745693191,0.8283321702721563,0.8102389078498293,0.8951734539969834,0.9737489745693191,0.8283321702721563,1.0
0.0,0.0,0.9979391098022461,0.0,0.0,0.0,0.0,0.0,0.0,0.0
0.0,0.0,0.9973649978637695,0.0,0.0,0.0,0.0,0.0,0.0,0.0
0.0,0.0,0.9970235824584961,0.0,0.0,0.0,0.0,0.0,0.0,0.0
0.0,0.0,0.9969110488891602,0.0,0.0,0.0,0.0,0.0,0.0,0.0
0.0,0.0,0.9968290328979492,0.0,0.0,0.0,0.0,0.0,0.0,0.0
0.0,0.0,0.997218132019043,0.0,0.0,0.0,0.0,0.0,0.0,0.0
0.0,0.0,0.9975681304931641,0.0,0.0,0.0,0.0,0.0,0.0,0.0
0.0,0.0,0.9952526092529297,0.0,0.0,0.0,0.0,0.0,0.0,0.0
0.0,0.0,0.9982213973999023,0.0,0.0,0.0,0.0,0.0,0.0,0.0
0.0,0.0,0.9978771209716797,0.0,0.0,0.0,0.0,0.0,0.0,0.0
0.9175652173913044,0.9570107019771449,0.9993219375610352,0.977037037037037,0.9377888375399929,0.9175652173913044,0.9570107019771449,0.977037037037037,0.9377888375399929,1.0
0.0,0.0,0.9825973510742188,0.0,0.0,0.0,0.0,0.0,0.0,0.0
0.0,0.0,0.9884500503540039,0.0,0.0,0.0,0.0,0.0,0.0,0.0
0.0,0.0,0.9897928237915039,0.0,0.0,0.0,0.0,0.0,0.0,0.0
0.0,0.0,0.9904203414916992,0.0,0.0,0.0,0.0,0.0,0.0,0.0
0.0,0.0,0.9902429580688477,0.0,0.0,0.0,0.0,0.0,0.0,0.0
0.0,0.0,0.9966945648193359,0.0,0.0,0.0,0.0,0.0,0.0,0.0
0.0,0.0,0.9964838027954102,0.0,0.0,0.0,0.0,0.0,0.0,0.0
0.0,0.0,0.9974126815795898,0.0,0.0,0.0,0.0,0.0,0.0,0.0
0.0,0.0,0.9973850250244141,0.0,0.0,0.0,0.0,0.0,0.0,0.0
0.0,0.0,0.9974746704101562,0.0,0.0,0.0,0.0,0.0,0.0,0.0
0.0,0.0,0.9979953765869141,0.0,0.0,0.0,0.0,0.0,0.0,0.0
0.0,0.0,0.9976034164428711,0.0,0.0,0.0,0.0,0.0,0.0,0.0
0.0,0.0,0.9979066848754883,0.0,0.0,0.0,0.0,0.0,0.0,0.0
0.0,0.0,0.9970760345458984,0.0,0.0,0.0,0.0,0.0,0.0,0.0
0.6903820816864296,0.8168355416991426,0.9997758865356445,0.721763085399449,0.940754039497307,0.6903820816864296,0.8168355416991426,0.721763085399449,0.940754039497307,1.0
0.0,0.0,0.9979438781738281,0.0,0.0,0.0,0.0,0.0,0.0,0.0
0.0,0.0,0.9979743957519531,0.0,0.0,0.0,0.0,0.0,0.0,0.0
0.0,0.0,0.9987554550170898,0.0,0.0,0.0,0.0,0.0,0.0,0.0
0.0,0.0,0.9942722320556641,0.0,0.0,0.0,0.0,0.0,0.0,0.0
0.0,0.0,0.9935522079467773,0.0,0.0,0.0,0.0,0.0,0.0,0.0
0.0,0.0,0.9953203201293945,0.0,0.0,0.0,0.0,0.0,0.0,0.0
0.0,0.0,0.9937353134155273,0.0,0.0,0.0,0.0,0.0,0.0,0.0
0.0,0.0,0.9937753677368164,0.0,0.0,0.0,0.0,0.0,0.0,0.0
0.0,0.0,0.995305061340332,0.0,0.0,0.0,0.0,0.0,0.0,0.0
0.0,0.0,0.9949464797973633,0.0,0.0,0.0,0.0,0.0,0.0,0.0
0.0,0.0,0.9960098266601562,0.0,0.0,0.0,0.0,0.0,0.0,0.0
0.0,0.0,0.9934148788452148,0.0,0.0,0.0,0.0,0.0,0.0,0.0
0.0,0.0,0.9931564331054688,0.0,0.0,0.0,0.0,0.0,0.0,0.0
0.0,0.0,0.9955024719238281,0.0,0.0,0.0,0.0,0.0,0.0,0.0
0.0,0.0,0.9934902191162109,0.0,0.0,0.0,0.0,0.0,0.0,0.0
0.0,0.0,0.9936418533325195,0.0,0.0,0.0,0.0,0.0,0.0,0.0
0.8269049858889934,0.9052523171987642,0.9996490478515625,0.9643444871091608,0.8529839883551674,0.8269049858889934,0.9052523171987642,0.9643444871091608,0.8529839883551674,1.0
0.0,0.0,0.9974489212036133,0.0,0.0,0.0,0.0,0.0,0.0,0.0
0.0,0.0,0.9967279434204102,0.0,0.0,0.0,0.0,0.0,0.0,0.0
0.0,0.0,0.9958934783935547,0.0,0.0,0.0,0.0,0.0,0.0,0.0
0.0,0.0,0.9967823028564453,0.0,0.0,0.0,0.0,0.0,0.0,0.0
0.0,0.0,0.9955816268920898,0.0,0.0,0.0,0.0,0.0,0.0,0.0
0.0,0.0,0.9970226287841797,0.0,0.0,0.0,0.0,0.0,0.0,0.0
0.0,0.0,0.9954137802124023,0.0,0.0,0.0,0.0,0.0,0.0,0.0
0.0,0.0,0.9951152801513672,0.0,0.0,0.0,0.0,0.0,0.0,0.0
0.0,0.0,0.9969758987426758,0.0,0.0,0.0,0.0,0.0,0.0,0.0
0.0,0.0,0.9963016510009766,0.0,0.0,0.0,0.0,0.0,0.0,0.0
0.0,0.0,0.997283935546875,0.0,0.0,0.0,0.0,0.0,0.0,0.0
0.0,0.0,0.9974508285522461,0.0,0.0,0.0,0.0,0.0,0.0,0.0
0.0,0.0,0.9958038330078125,0.0,0.0,0.0,0.0,0.0,0.0,0.0
0.0,0.0,0.9966325759887695,0.0,0.0,0.0,0.0,0.0,0.0,0.0
0.0,0.0,0.9972429275512695,0.0,0.0,0.0,0.0,0.0,0.0,0.0
0.0,0.0,0.9974708557128906,0.0,0.0,0.0,0.0,0.0,0.0,0.0
0.0,0.0,0.9973640441894531,0.0,0.0,0.0,0.0,0.0,0.0,0.0
0.0,0.0,0.9971275329589844,0.0,0.0,0.0,0.0,0.0,0.0,0.0
0.0,0.0,0.9972400665283203,0.0,0.0,0.0,0.0,0.0,0.0,0.0
0.0,0.0,0.997227668762207,0.0,0.0,0.0,0.0,0.0,0.0,0.0
0.0,0.0,0.9971256256103516,0.0,0.0,0.0,0.0,0.0,0.0,0.0
0.0,0.0,0.9974613189697266,0.0,0.0,0.0,0.0,0.0,0.0,0.0
0.0,0.0,0.9974336624145508,0.0,0.0,0.0,0.0,0.0,0.0,0.0
0.0,0.0,0.9973239898681641,0.0,0.0,0.0,0.0,0.0,0.0,0.0
0.0,0.0,0.9972009658813477,0.0,0.0,0.0,0.0,0.0,0.0,0.0
0.0,0.0,0.9974699020385742,0.0,0.0,0.0,0.0,0.0,0.0,0.0
0.0,0.0,0.997319221496582,0.0,0.0,0.0,0.0,0.0,0.0,0.0
0.0,0.0,0.9973163604736328,0.0,0.0,0.0,0.0,0.0,0.0,0.0
0.0,0.0,0.9970283508300781,0.0,0.0,0.0,0.0,0.0,0.0,0.0
0.0,0.0,0.9974098205566406,0.0,0.0,0.0,0.0,0.0,0.0,0.0
0.0,0.0,0.9974184036254883,0.0,0.0,0.0,0.0,0.0,0.0,0.0
0.0,0.0,0.9974184036254883,0.0,0.0,0.0,0.0,0.0,0.0,0.0
0.0,0.0,0.9978208541870117,0.0,0.0,0.0,0.0,0.0,0.0,0.0
0.0,0.0,0.9971389770507812,0.0,0.0,0.0,0.0,0.0,0.0,0.0
0.0,0.0,0.9973611831665039,0.0,0.0,0.0,0.0,0.0,0.0,0.0
0.0,0.0,0.9972763061523438,0.0,0.0,0.0,0.0,0.0,0.0,0.0
0.0,0.0,0.9974822998046875,0.0,0.0,0.0,0.0,0.0,0.0,0.0
0.0,0.0,0.9967441558837891,0.0,0.0,0.0,0.0,0.0,0.0,0.0
0.0,0.0,0.9939775466918945,0.0,0.0,0.0,0.0,0.0,0.0,0.0
0.0,0.0,0.994537353515625,0.0,0.0,0.0,0.0,0.0,0.0,0.0
0.666867107636801,0.8001443001443002,0.9994716644287109,0.8900481540930979,0.7267365661861075,0.666867107636801,0.8001443001443002,0.8900481540930979,0.7267365661861075,1.0
0.0,0.0,0.998225212097168,0.0,0.0,0.0,0.0,0.0,0.0,0.0
0.0,0.0,0.9981517791748047,0.0,0.0,0.0,0.0,0.0,0.0,0.0
0.0,0.0,0.9974918365478516,0.0,0.0,0.0,0.0,0.0,0.0,0.0
0.0,0.0,0.9975337982177734,0.0,0.0,0.0,0.0,0.0,0.0,0.0
0.0,0.0,0.9978618621826172,0.0,0.0,0.0,0.0,0.0,0.0,0.0
0.0,0.0,0.9981193542480469,0.0,0.0,0.0,0.0,0.0,0.0,0.0
0.0,0.0,0.9982585906982422,0.0,0.0,0.0,0.0,0.0,0.0,0.0
0.0,0.0,0.9983701705932617,0.0,0.0,0.0,0.0,0.0,0.0,0.0
0.0,0.0,0.9982318878173828,0.0,0.0,0.0,0.0,0.0,0.0,0.0
0.0,0.0,0.9971981048583984,0.0,0.0,0.0,0.0,0.0,0.0,0.0
0.0,0.0,0.9986362457275391,0.0,0.0,0.0,0.0,0.0,0.0,0.0
0.0,0.0,0.9985857009887695,0.0,0.0,0.0,0.0,0.0,0.0,0.0
0.0,0.0,0.9982414245605469,0.0,0.0,0.0,0.0,0.0,0.0,0.0
0.0,0.0,0.9985151290893555,0.0,0.0,0.0,0.0,0.0,0.0,0.0
0.0,0.0,0.9982261657714844,0.0,0.0,0.0,0.0,0.0,0.0,0.0
0.0,0.0,0.9987382888793945,0.0,0.0,0.0,0.0,0.0,0.0,0.0
0.0,0.0,0.9984455108642578,0.0,0.0,0.0,0.0,0.0,0.0,0.0
0.0,0.0,0.9988012313842773,0.0,0.0,0.0,0.0,0.0,0.0,0.0
0.0,0.0,0.9989185333251953,0.0,0.0,0.0,0.0,0.0,0.0,0.0
0.0,0.0,0.9991016387939453,0.0,0.0,0.0,0.0,0.0,0.0,0.0
0.0,0.0,0.9988059997558594,0.0,0.0,0.0,0.0,0.0,0.0,0.0
0.0,0.0,0.9979181289672852,0.0,0.0,0.0,0.0,0.0,0.0,0.0
0.0,0.0,0.9993419647216797,0.0,0.0,0.0,0.0,0.0,0.0,0.0
0.0,0.0,0.9957065582275391,0.0,0.0,0.0,0.0,0.0,0.0,0.0
0.0,0.0,0.996098518371582,0.0,0.0,0.0,0.0,0.0,0.0,0.0
0.0,0.0,0.9950313568115234,0.0,0.0,0.0,0.0,0.0,0.0,0.0
0.0,0.0,0.9964456558227539,0.0,0.0,0.0,0.0,0.0,0.0,0.0
0.0,0.0,0.9978246688842773,0.0,0.0,0.0,0.0,0.0,0.0,0.0
0.5260252365930599,0.689405684754522,0.9994268417358398,0.6737373737373737,0.7058201058201058,0.5260252365930599,0.689405684754522,0.6737373737373737,0.7058201058201058,1.0
0.0,0.0,0.9335117340087891,0.0,0.0,0.0,0.0,0.0,0.0,0.0
0.0,0.0,0.9708623886108398,0.0,0.0,0.0,0.0,0.0,0.0,0.0
0.0,0.0,0.9790840148925781,0.0,0.0,0.0,0.0,0.0,0.0,0.0
0.0,0.0,0.9795999526977539,0.0,0.0,0.0,0.0,0.0,0.0,0.0
0.0,0.0,0.9794178009033203,0.0,0.0,0.0,0.0,0.0,0.0,0.0
0.0,0.0,0.9800348281860352,0.0,0.0,0.0,0.0,0.0,0.0,0.0
0.0,0.0,0.9795122146606445,0.0,0.0,0.0,0.0,0.0,0.0,0.0
0.0,0.0,0.9791069030761719,0.0,0.0,0.0,0.0,0.0,0.0,0.0
0.0,0.0,0.9797906875610352,0.0,0.0,0.0,0.0,0.0,0.0,0.0
0.0,0.0,0.9791688919067383,0.0,0.0,0.0,0.0,0.0,0.0,0.0
0.0,0.0,0.9794197082519531,0.0,0.0,0.0,0.0,0.0,0.0,0.0
0.0,0.0,0.9795608520507812,0.0,0.0,0.0,0.0,0.0,0.0,0.0
0.0,0.0,0.9796848297119141,0.0,0.0,0.0,0.0,0.0,0.0,0.0
0.0,0.0,0.9796857833862305,0.0,0.0,0.0,0.0,0.0,0.0,0.0
0.0,0.0,0.9746513366699219,0.0,0.0,0.0,0.0,0.0,0.0,0.0
0.0,0.0,0.9789905548095703,0.0,0.0,0.0,0.0,0.0,0.0,0.0
0.0,0.0,0.9793691635131836,0.0,0.0,0.0,0.0,0.0,0.0,0.0
0.0,0.0,0.9796161651611328,0.0,0.0,0.0,0.0,0.0,0.0,0.0
0.0,0.0,0.9796133041381836,0.0,0.0,0.0,0.0,0.0,0.0,0.0
0.0,0.0,0.9795379638671875,0.0,0.0,0.0,0.0,0.0,0.0,0.0
0.0,0.0,0.9791460037231445,0.0,0.0,0.0,0.0,0.0,0.0,0.0
0.0,0.0,0.9794759750366211,0.0,0.0,0.0,0.0,0.0,0.0,0.0
0.0,0.0,0.9797220230102539,0.0,0.0,0.0,0.0,0.0,0.0,0.0
0.0,0.0,0.9796724319458008,0.0,0.0,0.0,0.0,0.0,0.0,0.0
0.0,0.0,0.9796571731567383,0.0,0.0,0.0,0.0,0.0,0.0,0.0
0.0,0.0,0.9792089462280273,0.0,0.0,0.0,0.0,0.0,0.0,0.0
0.0,0.0,0.9796524047851562,0.0,0.0,0.0,0.0,0.0,0.0,0.0
0.0,0.0,0.9800739288330078,0.0,0.0,0.0,0.0,0.0,0.0,0.0
0.0,0.0,0.9794940948486328,0.0,0.0,0.0,0.0,0.0,0.0,0.0
0.8075006443852565,0.8934997029114676,0.9957265853881836,0.8645876454624902,0.9244123143503492,0.8075006443852565,0.8934997029114676,0.8645876454624902,0.9244123143503492,1.0
0.0,0.0,0.9796438217163086,0.0,0.0,0.0,0.0,0.0,0.0,0.0
0.0,0.0,0.9796552658081055,0.0,0.0,0.0,0.0,0.0,0.0,0.0
0.0,0.0,0.9791536331176758,0.0,0.0,0.0,0.0,0.0,0.0,0.0
0.0,0.0,0.9795169830322266,0.0,0.0,0.0,0.0,0.0,0.0,0.0
0.0,0.0,0.9793567657470703,0.0,0.0,0.0,0.0,0.0,0.0,0.0
0.0,0.0,0.9793624877929688,0.0,0.0,0.0,0.0,0.0,0.0,0.0
0.0,0.0,0.9799585342407227,0.0,0.0,0.0,0.0,0.0,0.0,0.0
0.0,0.0,0.9794797897338867,0.0,0.0,0.0,0.0,0.0,0.0,0.0
0.0,0.0,0.968592643737793,0.0,0.0,0.0,0.0,0.0,0.0,0.0
0.0,0.0,0.9801206588745117,0.0,0.0,0.0,0.0,0.0,0.0,0.0
0.0,0.0,0.9796276092529297,0.0,0.0,0.0,0.0,0.0,0.0,0.0
0.0,0.0,0.9797573089599609,0.0,0.0,0.0,0.0,0.0,0.0,0.0
0.0,0.0,0.9803323745727539,0.0,0.0,0.0,0.0,0.0,0.0,0.0
0.0,0.0,0.9801664352416992,0.0,0.0,0.0,0.0,0.0,0.0,0.0
0.0,0.0,0.9796648025512695,0.0,0.0,0.0,0.0,0.0,0.0,0.0
0.0,0.0,0.9798955917358398,0.0,0.0,0.0,0.0,0.0,0.0,0.0
0.0,0.0,0.9970703125,0.0,0.0,0.0,0.0,0.0,0.0,0.0
0.9456282145481264,0.9720543806646526,0.9999294281005859,0.9633233532934131,0.9809451219512195,0.9456282145481264,0.9720543806646526,0.9633233532934131,0.9809451219512195,1.0
0.0,0.0,0.9977083206176758,0.0,0.0,0.0,0.0,0.0,0.0,0.0
0.0,0.0,0.997838020324707,0.0,0.0,0.0,0.0,0.0,0.0,0.0
0.0,0.0,0.9971761703491211,0.0,0.0,0.0,0.0,0.0,0.0,0.0
0.0,0.0,0.9986381530761719,0.0,0.0,0.0,0.0,0.0,0.0,0.0
0.0,0.0,0.997502326965332,0.0,0.0,0.0,0.0,0.0,0.0,0.0
0.0,0.0,0.9975099563598633,0.0,0.0,0.0,0.0,0.0,0.0,0.0
0.0,0.0,0.9978723526000977,0.0,0.0,0.0,0.0,0.0,0.0,0.0
0.0,0.0,0.9978227615356445,0.0,0.0,0.0,0.0,0.0,0.0,0.0
0.0,0.0,0.9987421035766602,0.0,0.0,0.0,0.0,0.0,0.0,0.0
0.0,0.0,0.9984054565429688,0.0,0.0,0.0,0.0,0.0,0.0,0.0
0.0,0.0,0.9954776763916016,0.0,0.0,0.0,0.0,0.0,0.0,0.0
0.0,0.0,0.9960289001464844,0.0,0.0,0.0,0.0,0.0,0.0,0.0
0.0,0.0,0.9957790374755859,0.0,0.0,0.0,0.0,0.0,0.0,0.0
0.0,0.0,0.9952058792114258,0.0,0.0,0.0,0.0,0.0,0.0,0.0
0.0,0.0,0.9954109191894531,0.0,0.0,0.0,0.0,0.0,0.0,0.0
0.0,0.0,0.9953517913818359,0.0,0.0,0.0,0.0,0.0,0.0,0.0
0.0,0.0,0.9967765808105469,0.0,0.0,0.0,0.0,0.0,0.0,0.0
0.8587030716723549,0.9239809034153507,0.9998025894165039,0.9142441860465116,0.9339272457312546,0.8587030716723549,0.9239809034153507,0.9142441860465116,0.9339272457312546,1.0
0.0,0.0,0.9973974227905273,0.0,0.0,0.0,0.0,0.0,0.0,0.0
0.0,0.0,0.9979686737060547,0.0,0.0,0.0,0.0,0.0,0.0,0.0
0.0,0.0,0.9958286285400391,0.0,0.0,0.0,0.0,0.0,0.0,0.0
0.0,0.0,0.9978342056274414,0.0,0.0,0.0,0.0,0.0,0.0,0.0
0.0,0.0,0.9962596893310547,0.0,0.0,0.0,0.0,0.0,0.0,0.0
0.0,0.0,0.9978170394897461,0.0,0.0,0.0,0.0,0.0,0.0,0.0
0.0,0.0,0.9969244003295898,0.0,0.0,0.0,0.0,0.0,0.0,0.0
0.0,0.0,0.9968471527099609,0.0,0.0,0.0,0.0,0.0,0.0,0.0
0.0,0.0,0.9985771179199219,0.0,0.0,0.0,0.0,0.0,0.0,0.0
0.0,0.0,0.9977035522460938,0.0,0.0,0.0,0.0,0.0,0.0,0.0
0.0,0.0,0.9981565475463867,0.0,0.0,0.0,0.0,0.0,0.0,0.0
0.0,0.0,0.9980411529541016,0.0,0.0,0.0,0.0,0.0,0.0,0.0
0.0,0.0,0.9977207183837891,0.0,0.0,0.0,0.0,0.0,0.0,0.0
0.0,0.0,0.9981307983398438,0.0,0.0,0.0,0.0,0.0,0.0,0.0
0.0,0.0,0.9982109069824219,0.0,0.0,0.0,0.0,0.0,0.0,0.0
0.0,0.0,0.9982595443725586,0.0,0.0,0.0,0.0,0.0,0.0,0.0
0.0,0.0,0.9985523223876953,0.0,0.0,0.0,0.0,0.0,0.0,0.0
0.0,0.0,0.9989509582519531,0.0,0.0,0.0,0.0,0.0,0.0,0.0
0.7288135593220338,0.8431372549019608,0.9999237060546875,0.7818181818181819,0.9148936170212766,0.7288135593220338,0.8431372549019608,0.7818181818181819,0.9148936170212766,1.0
0.0,0.0,0.9959993362426758,0.0,0.0,0.0,0.0,0.0,0.0,0.0
0.0,0.0,0.9978504180908203,0.0,0.0,0.0,0.0,0.0,0.0,0.0
0.0,0.0,0.9981441497802734,0.0,0.0,0.0,0.0,0.0,0.0,0.0
0.0,0.0,0.9979238510131836,0.0,0.0,0.0,0.0,0.0,0.0,0.0
0.0,0.0,0.9970207214355469,0.0,0.0,0.0,0.0,0.0,0.0,0.0
0.0,0.0,0.9983396530151367,0.0,0.0,0.0,0.0,0.0,0.0,0.0
0.0,0.0,0.9977960586547852,0.0,0.0,0.0,0.0,0.0,0.0,0.0
0.0,0.0,0.9972114562988281,0.0,0.0,0.0,0.0,0.0,0.0,0.0
0.0,0.0,0.9981718063354492,0.0,0.0,0.0,0.0,0.0,0.0,0.0
0.0,0.0,0.9980449676513672,0.0,0.0,0.0,0.0,0.0,0.0,0.0
0.0,0.0,0.9977350234985352,0.0,0.0,0.0,0.0,0.0,0.0,0.0
0.0,0.0,0.9977855682373047,0.0,0.0,0.0,0.0,0.0,0.0,0.0
0.0,0.0,0.999567985534668,0.0,0.0,0.0,0.0,0.0,0.0,0.0
0.0,0.0,0.9994850158691406,0.0,0.0,0.0,0.0,0.0,0.0,0.0
0.0,0.0,0.9985742568969727,0.0,0.0,0.0,0.0,0.0,0.0,0.0
0.0,0.0,0.9981040954589844,0.0,0.0,0.0,0.0,0.0,0.0,0.0
0.0,0.0,0.9978599548339844,0.0,0.0,0.0,0.0,0.0,0.0,0.0
0.0,0.0,0.9995508193969727,0.0,0.0,0.0,0.0,0.0,0.0,0.0
0.0,0.0,0.9981136322021484,0.0,0.0,0.0,0.0,0.0,0.0,0.0
0.0,0.0,0.999608039855957,0.0,0.0,0.0,0.0,0.0,0.0,0.0
0.0,0.0,0.9992876052856445,0.0,0.0,0.0,0.0,0.0,0.0,0.0
0.0,0.0,0.9989442825317383,0.0,0.0,0.0,0.0,0.0,0.0,0.0
0.713216957605985,0.8326055312954876,0.9998903274536133,0.9662162162162162,0.731457800511509,0.713216957605985,0.8326055312954876,0.9662162162162162,0.731457800511509,1.0
0.0,0.0,0.9974288940429688,0.0,0.0,0.0,0.0,0.0,0.0,0.0
0.0,0.0,0.9971103668212891,0.0,0.0,0.0,0.0,0.0,0.0,0.0
0.0,0.0,0.9979314804077148,0.0,0.0,0.0,0.0,0.0,0.0,0.0
0.0,0.0,0.9979448318481445,0.0,0.0,0.0,0.0,0.0,0.0,0.0
0.0,0.0,0.9988679885864258,0.0,0.0,0.0,0.0,0.0,0.0,0.0
0.0,0.0,0.9966850280761719,0.0,0.0,0.0,0.0,0.0,0.0,0.0
0.0,0.0,0.9982852935791016,0.0,0.0,0.0,0.0,0.0,0.0,0.0
0.0,0.0,0.997950553894043,0.0,0.0,0.0,0.0,0.0,0.0,0.0
0.0,0.0,0.99835205078125,0.0,0.0,0.0,0.0,0.0,0.0,0.0
0.839622641509434,0.9128205128205128,0.9999351501464844,0.8877805486284289,0.9393139841688655,0.839622641509434,0.9128205128205128,0.8877805486284289,0.9393139841688655,1.0
0.0,0.0,0.9948101043701172,0.0,0.0,0.0,0.0,0.0,0.0,0.0
0.0,0.0,0.9944257736206055,0.0,0.0,0.0,0.0,0.0,0.0,0.0
0.0,0.0,0.9953727722167969,0.0,0.0,0.0,0.0,0.0,0.0,0.0
0.0,0.0,0.9950895309448242,0.0,0.0,0.0,0.0,0.0,0.0,0.0
0.0,0.0,0.9948158264160156,0.0,0.0,0.0,0.0,0.0,0.0,0.0
0.0,0.0,0.9952592849731445,0.0,0.0,0.0,0.0,0.0,0.0,0.0
0.0,0.0,0.9963045120239258,0.0,0.0,0.0,0.0,0.0,0.0,0.0
0.0,0.0,0.9958267211914062,0.0,0.0,0.0,0.0,0.0,0.0,0.0
0.0,0.0,0.9968376159667969,0.0,0.0,0.0,0.0,0.0,0.0,0.0
0.723404255319149,0.8395061728395061,0.9992313385009766,0.9768303985171455,0.7360335195530726,0.723404255319149,0.8395061728395061,0.9768303985171455,0.7360335195530726,1.0
0.0,0.0,0.9966878890991211,0.0,0.0,0.0,0.0,0.0,0.0,0.0
0.0,0.0,0.9948091506958008,0.0,0.0,0.0,0.0,0.0,0.0,0.0
0.0,0.0,0.9953298568725586,0.0,0.0,0.0,0.0,0.0,0.0,0.0
0.0,0.0,0.9968280792236328,0.0,0.0,0.0,0.0,0.0,0.0,0.0
0.0,0.0,0.9966344833374023,0.0,0.0,0.0,0.0,0.0,0.0,0.0
0.0,0.0,0.9971237182617188,0.0,0.0,0.0,0.0,0.0,0.0,0.0
0.0,0.0,0.9968986511230469,0.0,0.0,0.0,0.0,0.0,0.0,0.0
0.0,0.0,0.9966497421264648,0.0,0.0,0.0,0.0,0.0,0.0,0.0
0.0,0.0,0.996795654296875,0.0,0.0,0.0,0.0,0.0,0.0,0.0
0.0,0.0,0.9953241348266602,0.0,0.0,0.0,0.0,0.0,0.0,0.0
0.0,0.0,0.9962491989135742,0.0,0.0,0.0,0.0,0.0,0.0,0.0
0.0,0.0,0.9955062866210938,0.0,0.0,0.0,0.0,0.0,0.0,0.0
0.0,0.0,0.9971351623535156,0.0,0.0,0.0,0.0,0.0,0.0,0.0
0.0,0.0,0.9972829818725586,0.0,0.0,0.0,0.0,0.0,0.0,0.0
0.0,0.0,0.9969902038574219,0.0,0.0,0.0,0.0,0.0,0.0,0.0
0.0,0.0,0.9970684051513672,0.0,0.0,0.0,0.0,0.0,0.0,0.0
0.0,0.0,0.9985542297363281,0.0,0.0,0.0,0.0,0.0,0.0,0.0
0.0,0.0,0.9979286193847656,0.0,0.0,0.0,0.0,0.0,0.0,0.0
0.0,0.0,0.9970493316650391,0.0,0.0,0.0,0.0,0.0,0.0,0.0
0.0,0.0,0.997654914855957,0.0,0.0,0.0,0.0,0.0,0.0,0.0
0.8157335223245925,0.8985167837626854,0.9997520446777344,0.9334955393349554,0.8660647103085026,0.8157335223245925,0.8985167837626854,0.9334955393349554,0.8660647103085026,1.0
0.0,0.0,0.9985847473144531,0.0,0.0,0.0,0.0,0.0,0.0,0.0
0.0,0.0,0.9985055923461914,0.0,0.0,0.0,0.0,0.0,0.0,0.0
0.0,0.0,0.9984474182128906,0.0,0.0,0.0,0.0,0.0,0.0,0.0
0.0,0.0,0.997838020324707,0.0,0.0,0.0,0.0,0.0,0.0,0.0
0.0,0.0,0.9969978332519531,0.0,0.0,0.0,0.0,0.0,0.0,0.0
0.0,0.0,0.9971351623535156,0.0,0.0,0.0,0.0,0.0,0.0,0.0
0.0,0.0,0.9906597137451172,0.0,0.0,0.0,0.0,0.0,0.0,0.0
0.0,0.0,0.9983654022216797,0.0,0.0,0.0,0.0,0.0,0.0,0.0
0.0,0.0,0.997950553894043,0.0,0.0,0.0,0.0,0.0,0.0,0.0
0.0,0.0,0.9974508285522461,0.0,0.0,0.0,0.0,0.0,0.0,0.0
0.0,0.0,0.9970741271972656,0.0,0.0,0.0,0.0,0.0,0.0,0.0
0.0,0.0,0.9990959167480469,0.0,0.0,0.0,0.0,0.0,0.0,0.0
0.0,0.0,0.9974298477172852,0.0,0.0,0.0,0.0,0.0,0.0,0.0
0.0,0.0,0.9962120056152344,0.0,0.0,0.0,0.0,0.0,0.0,0.0
0.0,0.0,0.9973592758178711,0.0,0.0,0.0,0.0,0.0,0.0,0.0
0.0,0.0,0.9985284805297852,0.0,0.0,0.0,0.0,0.0,0.0,0.0
0.0,0.0,0.9987678527832031,0.0,0.0,0.0,0.0,0.0,0.0,0.0
0.0,0.0,0.9972410202026367,0.0,0.0,0.0,0.0,0.0,0.0,0.0
0.714975845410628,0.8338028169014085,0.999943733215332,0.7589743589743589,0.925,0.714975845410628,0.8338028169014085,0.7589743589743589,0.925,1.0
0.0,0.0,0.9952316284179688,0.0,0.0,0.0,0.0,0.0,0.0,0.0
0.0,0.0,0.9981098175048828,0.0,0.0,0.0,0.0,0.0,0.0,0.0
0.0,0.0,0.9975671768188477,0.0,0.0,0.0,0.0,0.0,0.0,0.0
0.0,0.0,0.9978570938110352,0.0,0.0,0.0,0.0,0.0,0.0,0.0
0.0,0.0,0.9940195083618164,0.0,0.0,0.0,0.0,0.0,0.0,0.0
0.0,0.0,0.9978961944580078,0.0,0.0,0.0,0.0,0.0,0.0,0.0
0.0,0.0,0.9980478286743164,0.0,0.0,0.0,0.0,0.0,0.0,0.0
0.0,0.0,0.9981279373168945,0.0,0.0,0.0,0.0,0.0,0.0,0.0
0.0,0.0,0.9980201721191406,0.0,0.0,0.0,0.0,0.0,0.0,0.0
0.0,0.0,0.9981107711791992,0.0,0.0,0.0,0.0,0.0,0.0,0.0
0.0,0.0,0.9982137680053711,0.0,0.0,0.0,0.0,0.0,0.0,0.0
0.0,0.0,0.999629020690918,0.0,0.0,0.0,0.0,0.0,0.0,0.0
0.0,0.0,0.9981422424316406,0.0,0.0,0.0,0.0,0.0,0.0,0.0
0.0,0.0,0.9979782104492188,0.0,0.0,0.0,0.0,0.0,0.0,0.0
0.0,0.0,0.9974813461303711,0.0,0.0,0.0,0.0,0.0,0.0,0.0
0.0,0.0,0.9980754852294922,0.0,0.0,0.0,0.0,0.0,0.0,0.0
0.0,0.0,0.9976596832275391,0.0,0.0,0.0,0.0,0.0,0.0,0.0
0.0,0.0,0.9982681274414062,0.0,0.0,0.0,0.0,0.0,0.0,0.0
0.0,0.0,0.9982194900512695,0.0,0.0,0.0,0.0,0.0,0.0,0.0
0.0,0.0,0.9982290267944336,0.0,0.0,0.0,0.0,0.0,0.0,0.0
0.0,0.0,0.9983034133911133,0.0,0.0,0.0,0.0,0.0,0.0,0.0
0.0,0.0,0.9980459213256836,0.0,0.0,0.0,0.0,0.0,0.0,0.0
0.0,0.0,0.9980106353759766,0.0,0.0,0.0,0.0,0.0,0.0,0.0
0.0,0.0,0.997838020324707,0.0,0.0,0.0,0.0,0.0,0.0,0.0
0.0,0.0,0.9981708526611328,0.0,0.0,0.0,0.0,0.0,0.0,0.0
0.0,0.0,0.9978733062744141,0.0,0.0,0.0,0.0,0.0,0.0,0.0
0.0,0.0,0.9973869323730469,0.0,0.0,0.0,0.0,0.0,0.0,0.0
0.0,0.0,0.9981908798217773,0.0,0.0,0.0,0.0,0.0,0.0,0.0
0.0,0.0,0.9979457855224609,0.0,0.0,0.0,0.0,0.0,0.0,0.0
0.0,0.0,0.9982223510742188,0.0,0.0,0.0,0.0,0.0,0.0,0.0
0.0,0.0,0.9987545013427734,0.0,0.0,0.0,0.0,0.0,0.0,0.0
0.0,0.0,0.9983243942260742,0.0,0.0,0.0,0.0,0.0,0.0,0.0
0.0,0.0,0.9985713958740234,0.0,0.0,0.0,0.0,0.0,0.0,0.0
0.0,0.0,0.9984512329101562,0.0,0.0,0.0,0.0,0.0,0.0,0.0
0.0,0.0,0.9984045028686523,0.0,0.0,0.0,0.0,0.0,0.0,0.0
0.0,0.0,0.9985179901123047,0.0,0.0,0.0,0.0,0.0,0.0,0.0
0.0,0.0,0.9983901977539062,0.0,0.0,0.0,0.0,0.0,0.0,0.0
0.0,0.0,0.9985780715942383,0.0,0.0,0.0,0.0,0.0,0.0,0.0
0.0,0.0,0.9984016418457031,0.0,0.0,0.0,0.0,0.0,0.0,0.0
0.0,0.0,0.9975433349609375,0.0,0.0,0.0,0.0,0.0,0.0,0.0
0.0,0.0,0.9981346130371094,0.0,0.0,0.0,0.0,0.0,0.0,0.0
0.0,0.0,0.9982223510742188,0.0,0.0,0.0,0.0,0.0,0.0,0.0
0.0,0.0,0.9997768402099609,0.0,0.0,0.0,0.0,0.0,0.0,0.0
0.0,0.0,0.9978389739990234,0.0,0.0,0.0,0.0,0.0,0.0,0.0
0.0,0.0,0.9987392425537109,0.0,0.0,0.0,0.0,0.0,0.0,0.0
0.0,0.0,0.9982013702392578,0.0,0.0,0.0,0.0,0.0,0.0,0.0
0.0,0.0,0.9979019165039062,0.0,0.0,0.0,0.0,0.0,0.0,0.0
0.0,0.0,0.9975824356079102,0.0,0.0,0.0,0.0,0.0,0.0,0.0
0.0,0.0,0.9982967376708984,0.0,0.0,0.0,0.0,0.0,0.0,0.0
0.0,0.0,0.9987821578979492,0.0,0.0,0.0,0.0,0.0,0.0,0.0
0.0,0.0,0.9991607666015625,0.0,0.0,0.0,0.0,0.0,0.0,0.0
0.0,0.0,0.9983921051025391,0.0,0.0,0.0,0.0,0.0,0.0,0.0
0.0,0.0,0.9996147155761719,0.0,0.0,0.0,0.0,0.0,0.0,0.0
0.0,0.0,0.999384880065918,0.0,0.0,0.0,0.0,0.0,0.0,0.0
0.0,0.0,0.9995965957641602,0.0,0.0,0.0,0.0,0.0,0.0,0.0
0.0,0.0,0.9996805191040039,0.0,0.0,0.0,0.0,0.0,0.0,0.0
0.0,0.0,0.9979000091552734,0.0,0.0,0.0,0.0,0.0,0.0,0.0
0.0,0.0,0.9995412826538086,0.0,0.0,0.0,0.0,0.0,0.0,0.0
0.0,0.0,0.9998245239257812,0.0,0.0,0.0,0.0,0.0,0.0,0.0
0.0,0.0,0.9990262985229492,0.0,0.0,0.0,0.0,0.0,0.0,0.0
0.0,0.0,0.9989070892333984,0.0,0.0,0.0,0.0,0.0,0.0,0.0
0.0,0.0,0.9988107681274414,0.0,0.0,0.0,0.0,0.0,0.0,0.0
0.0,0.0,0.9986991882324219,0.0,0.0,0.0,0.0,0.0,0.0,0.0
0.0,0.0,0.9997215270996094,0.0,0.0,0.0,0.0,0.0,0.0,0.0
0.0,0.0,0.9981412887573242,0.0,0.0,0.0,0.0,0.0,0.0,0.0
0.0,0.0,0.9998245239257812,0.0,0.0,0.0,0.0,0.0,0.0,0.0
0.0,0.0,0.9990034103393555,0.0,0.0,0.0,0.0,0.0,0.0,0.0
0.0,0.0,0.9962444305419922,0.0,0.0,0.0,0.0,0.0,0.0,0.0
0.0,0.0,0.9970521926879883,0.0,0.0,0.0,0.0,0.0,0.0,0.0
0.0,0.0,0.995265007019043,0.0,0.0,0.0,0.0,0.0,0.0,0.0
0.0,0.0,0.9972801208496094,0.0,0.0,0.0,0.0,0.0,0.0,0.0
0.0,0.0,0.9974269866943359,0.0,0.0,0.0,0.0,0.0,0.0,0.0
0.0,0.0,0.9973516464233398,0.0,0.0,0.0,0.0,0.0,0.0,0.0
0.0,0.0,0.997314453125,0.0,0.0,0.0,0.0,0.0,0.0,0.0
0.7756788665879575,0.8736702127659575,0.9998188018798828,1.0,0.7756788665879575,0.7756788665879575,0.8736702127659575,1.0,0.7756788665879575,1.0
0.0,0.0,0.9972658157348633,0.0,0.0,0.0,0.0,0.0,0.0,0.0
0.0,0.0,0.9971799850463867,0.0,0.0,0.0,0.0,0.0,0.0,0.0
0.0,0.0,0.9974985122680664,0.0,0.0,0.0,0.0,0.0,0.0,0.0
0.0,0.0,0.9963655471801758,0.0,0.0,0.0,0.0,0.0,0.0,0.0
0.0,0.0,0.9974279403686523,0.0,0.0,0.0,0.0,0.0,0.0,0.0
0.0,0.0,0.9990015029907227,0.0,0.0,0.0,0.0,0.0,0.0,0.0
0.0,0.0,0.9990062713623047,0.0,0.0,0.0,0.0,0.0,0.0,0.0
0.0,0.0,0.9836816787719727,0.0,0.0,0.0,0.0,0.0,0.0,0.0
0.0,0.0,0.9989719390869141,0.0,0.0,0.0,0.0,0.0,0.0,0.0
0.0,0.0,0.9991044998168945,0.0,0.0,0.0,0.0,0.0,0.0,0.0
0.0,0.0,0.9990816116333008,0.0,0.0,0.0,0.0,0.0,0.0,0.0
0.0,0.0,0.998936653137207,0.0,0.0,0.0,0.0,0.0,0.0,0.0
0.0,0.0,0.9976959228515625,0.0,0.0,0.0,0.0,0.0,0.0,0.0
0.0,0.0,0.9977712631225586,0.0,0.0,0.0,0.0,0.0,0.0,0.0
0.0,0.0,0.9970245361328125,0.0,0.0,0.0,0.0,0.0,0.0,0.0
0.0,0.0,0.9998273849487305,0.0,0.0,0.0,0.0,0.0,0.0,0.0
0.0,0.0,0.9980230331420898,0.0,0.0,0.0,0.0,0.0,0.0,0.0
0.0,0.0,0.9973230361938477,0.0,0.0,0.0,0.0,0.0,0.0,0.0
0.0,0.0,0.9981298446655273,0.0,0.0,0.0,0.0,0.0,0.0,0.0
0.0,0.0,0.9988536834716797,0.0,0.0,0.0,0.0,0.0,0.0,0.0
0.0,0.0,0.9954347610473633,0.0,0.0,0.0,0.0,0.0,0.0,0.0
0.0,0.0,0.9952507019042969,0.0,0.0,0.0,0.0,0.0,0.0,0.0
0.0,0.0,0.9950456619262695,0.0,0.0,0.0,0.0,0.0,0.0,0.0
0.0,0.0,0.9945926666259766,0.0,0.0,0.0,0.0,0.0,0.0,0.0
0.0,0.0,0.9946985244750977,0.0,0.0,0.0,0.0,0.0,0.0,0.0
0.0,0.0,0.9953775405883789,0.0,0.0,0.0,0.0,0.0,0.0,0.0
0.0,0.0,0.9954977035522461,0.0,0.0,0.0,0.0,0.0,0.0,0.0
0.0,0.0,0.9952363967895508,0.0,0.0,0.0,0.0,0.0,0.0,0.0
0.0,0.0,0.995574951171875,0.0,0.0,0.0,0.0,0.0,0.0,0.0
0.0,0.0,0.9952449798583984,0.0,0.0,0.0,0.0,0.0,0.0,0.0
0.0,0.0,0.9954299926757812,0.0,0.0,0.0,0.0,0.0,0.0,0.0
0.0,0.0,0.9953117370605469,0.0,0.0,0.0,0.0,0.0,0.0,0.0
0.0,0.0,0.9943990707397461,0.0,0.0,0.0,0.0,0.0,0.0,0.0
0.0,0.0,0.995635986328125,0.0,0.0,0.0,0.0,0.0,0.0,0.0
0.0,0.0,0.9940586090087891,0.0,0.0,0.0,0.0,0.0,0.0,0.0
0.0,0.0,0.995396614074707,0.0,0.0,0.0,0.0,0.0,0.0,0.0
0.0,0.0,0.9943485260009766,0.0,0.0,0.0,0.0,0.0,0.0,0.0
0.0,0.0,0.995234489440918,0.0,0.0,0.0,0.0,0.0,0.0,0.0
0.0,0.0,0.9952154159545898,0.0,0.0,0.0,0.0,0.0,0.0,0.0
0.0,0.0,0.9958715438842773,0.0,0.0,0.0,0.0,0.0,0.0,0.0
0.0,0.0,0.9975624084472656,0.0,0.0,0.0,0.0,0.0,0.0,0.0
0.0,0.0,0.9951915740966797,0.0,0.0,0.0,0.0,0.0,0.0,0.0
0.0,0.0,0.9955310821533203,0.0,0.0,0.0,0.0,0.0,0.0,0.0
0.754035683942226,0.8597723419714216,0.9994478225708008,0.9822910902047592,0.76442721791559,0.754035683942226,0.8597723419714216,0.9822910902047592,0.76442721791559,1.0
0.0,0.0,0.9952125549316406,0.0,0.0,0.0,0.0,0.0,0.0,0.0
0.0,0.0,0.9968109130859375,0.0,0.0,0.0,0.0,0.0,0.0,0.0
0.0,0.0,0.9961261749267578,0.0,0.0,0.0,0.0,0.0,0.0,0.0
0.0,0.0,0.9976644515991211,0.0,0.0,0.0,0.0,0.0,0.0,0.0
0.0,0.0,0.9973049163818359,0.0,0.0,0.0,0.0,0.0,0.0,0.0
0.0,0.0,0.9976787567138672,0.0,0.0,0.0,0.0,0.0,0.0,0.0
0.0,0.0,0.995849609375,0.0,0.0,0.0,0.0,0.0,0.0,0.0
0.0,0.0,0.996790885925293,0.0,0.0,0.0,0.0,0.0,0.0,0.0
0.0,0.0,0.997401237487793,0.0,0.0,0.0,0.0,0.0,0.0,0.0
0.0,0.0,0.9976024627685547,0.0,0.0,0.0,0.0,0.0,0.0,0.0
0.0,0.0,0.9973182678222656,0.0,0.0,0.0,0.0,0.0,0.0,0.0
0.0,0.0,0.9974679946899414,0.0,0.0,0.0,0.0,0.0,0.0,0.0
0.0,0.0,0.9971427917480469,0.0,0.0,0.0,0.0,0.0,0.0,0.0
0.0,0.0,0.9971647262573242,0.0,0.0,0.0,0.0,0.0,0.0,0.0
0.0,0.0,0.9972753524780273,0.0,0.0,0.0,0.0,0.0,0.0,0.0
0.0,0.0,0.9968776702880859,0.0,0.0,0.0,0.0,0.0,0.0,0.0
0.0,0.0,0.9971065521240234,0.0,0.0,0.0,0.0,0.0,0.0,0.0
0.0,0.0,0.9971485137939453,0.0,0.0,0.0,0.0,0.0,0.0,0.0
0.0,0.0,0.996922492980957,0.0,0.0,0.0,0.0,0.0,0.0,0.0
0.0,0.0,0.9972848892211914,0.0,0.0,0.0,0.0,0.0,0.0,0.0
0.0,0.0,0.997471809387207,0.0,0.0,0.0,0.0,0.0,0.0,0.0
0.0,0.0,0.997563362121582,0.0,0.0,0.0,0.0,0.0,0.0,0.0
0.0,0.0,0.997166633605957,0.0,0.0,0.0,0.0,0.0,0.0,0.0
0.0,0.0,0.9975852966308594,0.0,0.0,0.0,0.0,0.0,0.0,0.0
0.0,0.0,0.9971923828125,0.0,0.0,0.0,0.0,0.0,0.0,0.0
0.0,0.0,0.9995803833007812,0.0,0.0,0.0,0.0,0.0,0.0,0.0
0.0,0.0,0.9997005462646484,0.0,0.0,0.0,0.0,0.0,0.0,0.0
0.6495327102803738,0.7875354107648725,0.9999284744262695,0.879746835443038,0.7128205128205128,0.6495327102803738,0.7875354107648725,0.879746835443038,0.7128205128205128,1.0
0.0,0.0,0.998143196105957,0.0,0.0,0.0,0.0,0.0,0.0,0.0
0.0,0.0,0.9993524551391602,0.0,0.0,0.0,0.0,0.0,0.0,0.0
0.0,0.0,0.9960603713989258,0.0,0.0,0.0,0.0,0.0,0.0,0.0
0.0,0.0,0.9965133666992188,0.0,0.0,0.0,0.0,0.0,0.0,0.0
0.0,0.0,0.9975852966308594,0.0,0.0,0.0,0.0,0.0,0.0,0.0
0.0,0.0,0.9974575042724609,0.0,0.0,0.0,0.0,0.0,0.0,0.0
0.0,0.0,0.9973764419555664,0.0,0.0,0.0,0.0,0.0,0.0,0.0
0.0,0.0,0.9971752166748047,0.0,0.0,0.0,0.0,0.0,0.0,0.0
0.0,0.0,0.9971370697021484,0.0,0.0,0.0,0.0,0.0,0.0,0.0
0.0,0.0,0.9978828430175781,0.0,0.0,0.0,0.0,0.0,0.0,0.0
0.0,0.0,0.9972410202026367,0.0,0.0,0.0,0.0,0.0,0.0,0.0
0.0,0.0,0.9993610382080078,0.0,0.0,0.0,0.0,0.0,0.0,0.0
0.0,0.0,0.9991302490234375,0.0,0.0,0.0,0.0,0.0,0.0,0.0
0.0,0.0,0.9981069564819336,0.0,0.0,0.0,0.0,0.0,0.0,0.0
0.0,0.0,0.997528076171875,0.0,0.0,0.0,0.0,0.0,0.0,0.0
0.0,0.0,0.9969778060913086,0.0,0.0,0.0,0.0,0.0,0.0,0.0
0.0,0.0,0.9975223541259766,0.0,0.0,0.0,0.0,0.0,0.0,0.0
0.0,0.0,0.9969367980957031,0.0,0.0,0.0,0.0,0.0,0.0,0.0
0.0,0.0,0.9966049194335938,0.0,0.0,0.0,0.0,0.0,0.0,0.0
0.0,0.0,0.9991073608398438,0.0,0.0,0.0,0.0,0.0,0.0,0.0
0.0,0.0,0.999110221862793,0.0,0.0,0.0,0.0,0.0,0.0,0.0
0.0,0.0,0.9989109039306641,0.0,0.0,0.0,0.0,0.0,0.0,0.0
0.0,0.0,0.9993610382080078,0.0,0.0,0.0,0.0,0.0,0.0,0.0
0.0,0.0,0.9983663558959961,0.0,0.0,0.0,0.0,0.0,0.0,0.0
0.0,0.0,0.9993314743041992,0.0,0.0,0.0,0.0,0.0,0.0,0.0
0.0,0.0,0.9991626739501953,0.0,0.0,0.0,0.0,0.0,0.0,0.0
0.0,0.0,0.9992275238037109,0.0,0.0,0.0,0.0,0.0,0.0,0.0
0.0,0.0,0.9946861267089844,0.0,0.0,0.0,0.0,0.0,0.0,0.0
0.0,0.0,0.9948291778564453,0.0,0.0,0.0,0.0,0.0,0.0,0.0
0.0,0.0,0.9944725036621094,0.0,0.0,0.0,0.0,0.0,0.0,0.0
0.0,0.0,0.9956760406494141,0.0,0.0,0.0,0.0,0.0,0.0,0.0
0.0,0.0,0.9957895278930664,0.0,0.0,0.0,0.0,0.0,0.0,0.0
0.0,0.0,0.9948492050170898,0.0,0.0,0.0,0.0,0.0,0.0,0.0
0.0,0.0,0.9958152770996094,0.0,0.0,0.0,0.0,0.0,0.0,0.0
0.0,0.0,0.9951419830322266,0.0,0.0,0.0,0.0,0.0,0.0,0.0
0.0,0.0,0.9960298538208008,0.0,0.0,0.0,0.0,0.0,0.0,0.0
0.7580152671755725,0.8623534520191055,0.9993953704833984,0.9448144624167459,0.7931309904153354,0.7580152671755725,0.8623534520191055,0.9448144624167459,0.7931309904153354,1.0
0.0,0.0,0.9958515167236328,0.0,0.0,0.0,0.0,0.0,0.0,0.0
0.0,0.0,0.997441291809082,0.0,0.0,0.0,0.0,0.0,0.0,0.0
0.0,0.0,0.9973840713500977,0.0,0.0,0.0,0.0,0.0,0.0,0.0
0.0,0.0,0.9958868026733398,0.0,0.0,0.0,0.0,0.0,0.0,0.0
0.0,0.0,0.9966611862182617,0.0,0.0,0.0,0.0,0.0,0.0,0.0
0.0,0.0,0.9963111877441406,0.0,0.0,0.0,0.0,0.0,0.0,0.0
0.0,0.0,0.9972944259643555,0.0,0.0,0.0,0.0,0.0,0.0,0.0
0.0,0.0,0.9969015121459961,0.0,0.0,0.0,0.0,0.0,0.0,0.0
0.0,0.0,0.9961891174316406,0.0,0.0,0.0,0.0,0.0,0.0,0.0
0.0,0.0,0.9974918365478516,0.0,0.0,0.0,0.0,0.0,0.0,0.0
0.0,0.0,0.9974775314331055,0.0,0.0,0.0,0.0,0.0,0.0,0.0
0.0,0.0,0.9973945617675781,0.0,0.0,0.0,0.0,0.0,0.0,0.0
0.0,0.0,0.9965343475341797,0.0,0.0,0.0,0.0,0.0,0.0,0.0
0.0,0.0,0.9963827133178711,0.0,0.0,0.0,0.0,0.0,0.0,0.0
0.0,0.0,0.9972410202026367,0.0,0.0,0.0,0.0,0.0,0.0,0.0
0.0,0.0,0.997492790222168,0.0,0.0,0.0,0.0,0.0,0.0,0.0
0.0,0.0,0.9973878860473633,0.0,0.0,0.0,0.0,0.0,0.0,0.0
0.0,0.0,0.9974460601806641,0.0,0.0,0.0,0.0,0.0,0.0,0.0
0.0,0.0,0.9943056106567383,0.0,0.0,0.0,0.0,0.0,0.0,0.0
0.0,0.0,0.993194580078125,0.0,0.0,0.0,0.0,0.0,0.0,0.0
0.0,0.0,0.9927902221679688,0.0,0.0,0.0,0.0,0.0,0.0,0.0
0.6282427802251591,0.7716819479933864,0.9985513687133789,0.9351548269581057,0.6568577277379734,0.6282427802251591,0.7716819479933864,0.9351548269581057,0.6568577277379734,1.0
0.0,0.0,0.99359130859375,0.0,0.0,0.0,0.0,0.0,0.0,0.0
0.0,0.0,0.9942398071289062,0.0,0.0,0.0,0.0,0.0,0.0,0.0
0.0,0.0,0.9950065612792969,0.0,0.0,0.0,0.0,0.0,0.0,0.0
0.0,0.0,0.993556022644043,0.0,0.0,0.0,0.0,0.0,0.0,0.0
0.0,0.0,0.9948940277099609,0.0,0.0,0.0,0.0,0.0,0.0,0.0
0.0,0.0,0.9947509765625,0.0,0.0,0.0,0.0,0.0,0.0,0.0
0.0,0.0,0.9940834045410156,0.0,0.0,0.0,0.0,0.0,0.0,0.0
0.0,0.0,0.9960250854492188,0.0,0.0,0.0,0.0,0.0,0.0,0.0
0.0,0.0,0.9961833953857422,0.0,0.0,0.0,0.0,0.0,0.0,0.0
0.0,0.0,0.9960098266601562,0.0,0.0,0.0,0.0,0.0,0.0,0.0
0.0,0.0,0.9954586029052734,0.0,0.0,0.0,0.0,0.0,0.0,0.0
0.0,0.0,0.995671272277832,0.0,0.0,0.0,0.0,0.0,0.0,0.0
0.0,0.0,0.9957237243652344,0.0,0.0,0.0,0.0,0.0,0.0,0.0
0.0,0.0,0.9952878952026367,0.0,0.0,0.0,0.0,0.0,0.0,0.0
0.0,0.0,0.9961433410644531,0.0,0.0,0.0,0.0,0.0,0.0,0.0
0.0,0.0,0.9961633682250977,0.0,0.0,0.0,0.0,0.0,0.0,0.0
0.0,0.0,0.9959259033203125,0.0,0.0,0.0,0.0,0.0,0.0,0.0
0.0,0.0,0.9960422515869141,0.0,0.0,0.0,0.0,0.0,0.0,0.0
0.0,0.0,0.9932479858398438,0.0,0.0,0.0,0.0,0.0,0.0,0.0
0.0,0.0,0.9909381866455078,0.0,0.0,0.0,0.0,0.0,0.0,0.0
0.0,0.0,0.9918603897094727,0.0,0.0,0.0,0.0,0.0,0.0,0.0
0.0,0.0,0.993494987487793,0.0,0.0,0.0,0.0,0.0,0.0,0.0
0.0,0.0,0.9930276870727539,0.0,0.0,0.0,0.0,0.0,0.0,0.0
0.0,0.0,0.9942817687988281,0.0,0.0,0.0,0.0,0.0,0.0,0.0
0.0,0.0,0.9930343627929688,0.0,0.0,0.0,0.0,0.0,0.0,0.0
0.7787610619469026,0.8756218905472637,0.9992847442626953,0.8480565371024735,0.905039424065821,0.7787610619469026,0.8756218905472637,0.8480565371024735,0.905039424065821,1.0
0.0,0.0,0.9950046539306641,0.0,0.0,0.0,0.0,0.0,0.0,0.0
0.0,0.0,0.9941129684448242,0.0,0.0,0.0,0.0,0.0,0.0,0.0
0.0,0.0,0.9966754913330078,0.0,0.0,0.0,0.0,0.0,0.0,0.0
0.0,0.0,0.9947834014892578,0.0,0.0,0.0,0.0,0.0,0.0,0.0
0.0,0.0,0.9952306747436523,0.0,0.0,0.0,0.0,0.0,0.0,0.0
0.0,0.0,0.9952583312988281,0.0,0.0,0.0,0.0,0.0,0.0,0.0
0.0,0.0,0.9950923919677734,0.0,0.0,0.0,0.0,0.0,0.0,0.0
0.0,0.0,0.99517822265625,0.0,0.0,0.0,0.0,0.0,0.0,0.0
0.0,0.0,0.996006965637207,0.0,0.0,0.0,0.0,0.0,0.0,0.0
0.0,0.0,0.9951667785644531,0.0,0.0,0.0,0.0,0.0,0.0,0.0
0.0,0.0,0.9945955276489258,0.0,0.0,0.0,0.0,0.0,0.0,0.0
0.0,0.0,0.9939641952514648,0.0,0.0,0.0,0.0,0.0,0.0,0.0
0.0,0.0,0.9956808090209961,0.0,0.0,0.0,0.0,0.0,0.0,0.0
0.0,0.0,0.996647834777832,0.0,0.0,0.0,0.0,0.0,0.0,0.0
0.0,0.0,0.9969568252563477,0.0,0.0,0.0,0.0,0.0,0.0,0.0
0.0,0.0,0.9945840835571289,0.0,0.0,0.0,0.0,0.0,0.0,0.0
0.0,0.0,0.996673583984375,0.0,0.0,0.0,0.0,0.0,0.0,0.0
0.0,0.0,0.9968147277832031,0.0,0.0,0.0,0.0,0.0,0.0,0.0
0.0,0.0,0.9963140487670898,0.0,0.0,0.0,0.0,0.0,0.0,0.0
0.0,0.0,0.9966554641723633,0.0,0.0,0.0,0.0,0.0,0.0,0.0
0.0,0.0,0.9951038360595703,0.0,0.0,0.0,0.0,0.0,0.0,0.0
0.0,0.0,0.9968366622924805,0.0,0.0,0.0,0.0,0.0,0.0,0.0
0.0,0.0,0.9968729019165039,0.0,0.0,0.0,0.0,0.0,0.0,0.0
0.0,0.0,0.996394157409668,0.0,0.0,0.0,0.0,0.0,0.0,0.0
0.0,0.0,0.995697021484375,0.0,0.0,0.0,0.0,0.0,0.0,0.0
0.0,0.0,0.9966182708740234,0.0,0.0,0.0,0.0,0.0,0.0,0.0
0.0,0.0,0.996429443359375,0.0,0.0,0.0,0.0,0.0,0.0,0.0
0.0,0.0,0.9965925216674805,0.0,0.0,0.0,0.0,0.0,0.0,0.0
0.0,0.0,0.9962348937988281,0.0,0.0,0.0,0.0,0.0,0.0,0.0
0.0,0.0,0.9966135025024414,0.0,0.0,0.0,0.0,0.0,0.0,0.0
0.0,0.0,0.9969282150268555,0.0,0.0,0.0,0.0,0.0,0.0,0.0
0.0,0.0,0.9971990585327148,0.0,0.0,0.0,0.0,0.0,0.0,0.0
0.0,0.0,0.9972219467163086,0.0,0.0,0.0,0.0,0.0,0.0,0.0
0.0,0.0,0.9970722198486328,0.0,0.0,0.0,0.0,0.0,0.0,0.0
0.0,0.0,0.9965429306030273,0.0,0.0,0.0,0.0,0.0,0.0,0.0
0.0,0.0,0.9972076416015625,0.0,0.0,0.0,0.0,0.0,0.0,0.0
0.0,0.0,0.9972038269042969,0.0,0.0,0.0,0.0,0.0,0.0,0.0
0.0,0.0,0.9971952438354492,0.0,0.0,0.0,0.0,0.0,0.0,0.0
0.0,0.0,0.9977531433105469,0.0,0.0,0.0,0.0,0.0,0.0,0.0
0.0,0.0,0.9971895217895508,0.0,0.0,0.0,0.0,0.0,0.0,0.0
0.0,0.0,0.9970941543579102,0.0,0.0,0.0,0.0,0.0,0.0,0.0
0.0,0.0,0.9979400634765625,0.0,0.0,0.0,0.0,0.0,0.0,0.0
0.0,0.0,0.9976968765258789,0.0,0.0,0.0,0.0,0.0,0.0,0.0
0.0,0.0,0.9970474243164062,0.0,0.0,0.0,0.0,0.0,0.0,0.0
0.0,0.0,0.9978103637695312,0.0,0.0,0.0,0.0,0.0,0.0,0.0
0.0,0.0,0.9971504211425781,0.0,0.0,0.0,0.0,0.0,0.0,0.0
0.0,0.0,0.9971237182617188,0.0,0.0,0.0,0.0,0.0,0.0,0.0
0.0,0.0,0.9970989227294922,0.0,0.0,0.0,0.0,0.0,0.0,0.0
0.0,0.0,0.9972000122070312,0.0,0.0,0.0,0.0,0.0,0.0,0.0
0.0,0.0,0.9974908828735352,0.0,0.0,0.0,0.0,0.0,0.0,0.0
0.0,0.0,0.9979352951049805,0.0,0.0,0.0,0.0,0.0,0.0,0.0
0.0,0.0,0.9971170425415039,0.0,0.0,0.0,0.0,0.0,0.0,0.0
0.0,0.0,0.9974861145019531,0.0,0.0,0.0,0.0,0.0,0.0,0.0
0.0,0.0,0.9973678588867188,0.0,0.0,0.0,0.0,0.0,0.0,0.0
0.0,0.0,0.998265266418457,0.0,0.0,0.0,0.0,0.0,0.0,0.0
0.0,0.0,0.9972448348999023,0.0,0.0,0.0,0.0,0.0,0.0,0.0
0.0,0.0,0.9973888397216797,0.0,0.0,0.0,0.0,0.0,0.0,0.0
0.0,0.0,0.997553825378418,0.0,0.0,0.0,0.0,0.0,0.0,0.0
0.0,0.0,0.9974956512451172,0.0,0.0,0.0,0.0,0.0,0.0,0.0
0.0,0.0,0.9968099594116211,0.0,0.0,0.0,0.0,0.0,0.0,0.0
0.0,0.0,0.9968461990356445,0.0,0.0,0.0,0.0,0.0,0.0,0.0
0.0,0.0,0.9974184036254883,0.0,0.0,0.0,0.0,0.0,0.0,0.0
0.0,0.0,0.9983243942260742,0.0,0.0,0.0,0.0,0.0,0.0,0.0
0.0,0.0,0.9978399276733398,0.0,0.0,0.0,0.0,0.0,0.0,0.0
0.0,0.0,0.9979171752929688,0.0,0.0,0.0,0.0,0.0,0.0,0.0
0.0,0.0,0.9974517822265625,0.0,0.0,0.0,0.0,0.0,0.0,0.0
0.0,0.0,0.9972553253173828,0.0,0.0,0.0,0.0,0.0,0.0,0.0
0.0,0.0,0.997899055480957,0.0,0.0,0.0,0.0,0.0,0.0,0.0
0.0,0.0,0.997523307800293,0.0,0.0,0.0,0.0,0.0,0.0,0.0
0.0,0.0,0.9979896545410156,0.0,0.0,0.0,0.0,0.0,0.0,0.0
0.0,0.0,0.9978170394897461,0.0,0.0,0.0,0.0,0.0,0.0,0.0
0.0,0.0,0.9973659515380859,0.0,0.0,0.0,0.0,0.0,0.0,0.0
0.0,0.0,0.9979381561279297,0.0,0.0,0.0,0.0,0.0,0.0,0.0
0.0,0.0,0.9973258972167969,0.0,0.0,0.0,0.0,0.0,0.0,0.0
0.0,0.0,0.9973907470703125,0.0,0.0,0.0,0.0,0.0,0.0,0.0
0.0,0.0,0.9972648620605469,0.0,0.0,0.0,0.0,0.0,0.0,0.0
0.0,0.0,0.9976682662963867,0.0,0.0,0.0,0.0,0.0,0.0,0.0
0.0,0.0,0.9970884323120117,0.0,0.0,0.0,0.0,0.0,0.0,0.0
0.0,0.0,0.9980669021606445,0.0,0.0,0.0,0.0,0.0,0.0,0.0
0.0,0.0,0.9970722198486328,0.0,0.0,0.0,0.0,0.0,0.0,0.0
0.0,0.0,0.9979820251464844,0.0,0.0,0.0,0.0,0.0,0.0,0.0
0.0,0.0,0.9972438812255859,0.0,0.0,0.0,0.0,0.0,0.0,0.0
0.0,0.0,0.9977569580078125,0.0,0.0,0.0,0.0,0.0,0.0,0.0
0.0,0.0,0.9978275299072266,0.0,0.0,0.0,0.0,0.0,0.0,0.0
0.0,0.0,0.9978103637695312,0.0,0.0,0.0,0.0,0.0,0.0,0.0
0.0,0.0,0.997126579284668,0.0,0.0,0.0,0.0,0.0,0.0,0.0
0.0,0.0,0.9986543655395508,0.0,0.0,0.0,0.0,0.0,0.0,0.0
0.0,0.0,0.9978208541870117,0.0,0.0,0.0,0.0,0.0,0.0,0.0
0.0,0.0,0.9975833892822266,0.0,0.0,0.0,0.0,0.0,0.0,0.0
0.0,0.0,0.9976463317871094,0.0,0.0,0.0,0.0,0.0,0.0,0.0
0.0,0.0,0.9976940155029297,0.0,0.0,0.0,0.0,0.0,0.0,0.0
0.0,0.0,0.9981880187988281,0.0,0.0,0.0,0.0,0.0,0.0,0.0
0.0,0.0,0.9971218109130859,0.0,0.0,0.0,0.0,0.0,0.0,0.0
0.0,0.0,0.9967222213745117,0.0,0.0,0.0,0.0,0.0,0.0,0.0
0.0,0.0,0.997492790222168,0.0,0.0,0.0,0.0,0.0,0.0,0.0
0.0,0.0,0.9980983734130859,0.0,0.0,0.0,0.0,0.0,0.0,0.0
0.0,0.0,0.9978809356689453,0.0,0.0,0.0,0.0,0.0,0.0,0.0
0.0,0.0,0.9977245330810547,0.0,0.0,0.0,0.0,0.0,0.0,0.0
0.0,0.0,0.9978818893432617,0.0,0.0,0.0,0.0,0.0,0.0,0.0
0.0,0.0,0.9982872009277344,0.0,0.0,0.0,0.0,0.0,0.0,0.0
0.0,0.0,0.9991016387939453,0.0,0.0,0.0,0.0,0.0,0.0,0.0
0.0,0.0,0.9976215362548828,0.0,0.0,0.0,0.0,0.0,0.0,0.0
0.0,0.0,0.99786376953125,0.0,0.0,0.0,0.0,0.0,0.0,0.0
0.0,0.0,0.9992179870605469,0.0,0.0,0.0,0.0,0.0,0.0,0.0
0.0,0.0,0.9957761764526367,0.0,0.0,0.0,0.0,0.0,0.0,0.0
0.0,0.0,0.9960441589355469,0.0,0.0,0.0,0.0,0.0,0.0,0.0
0.0,0.0,0.9968442916870117,0.0,0.0,0.0,0.0,0.0,0.0,0.0
0.0,0.0,0.9963226318359375,0.0,0.0,0.0,0.0,0.0,0.0,0.0
0.0,0.0,0.9968605041503906,0.0,0.0,0.0,0.0,0.0,0.0,0.0
0.0,0.0,0.9966049194335938,0.0,0.0,0.0,0.0,0.0,0.0,0.0
0.0,0.0,0.9961605072021484,0.0,0.0,0.0,0.0,0.0,0.0,0.0
0.0,0.0,0.9969444274902344,0.0,0.0,0.0,0.0,0.0,0.0,0.0
0.0,0.0,0.9965324401855469,0.0,0.0,0.0,0.0,0.0,0.0,0.0
0.0,0.0,0.9965314865112305,0.0,0.0,0.0,0.0,0.0,0.0,0.0
0.0,0.0,0.9964208602905273,0.0,0.0,0.0,0.0,0.0,0.0,0.0
0.0,0.0,0.9963560104370117,0.0,0.0,0.0,0.0,0.0,0.0,0.0
0.0,0.0,0.9969463348388672,0.0,0.0,0.0,0.0,0.0,0.0,0.0
0.0,0.0,0.9970493316650391,0.0,0.0,0.0,0.0,0.0,0.0,0.0
0.0,0.0,0.9966144561767578,0.0,0.0,0.0,0.0,0.0,0.0,0.0
0.0,0.0,0.9964447021484375,0.0,0.0,0.0,0.0,0.0,0.0,0.0
0.0,0.0,0.9971981048583984,0.0,0.0,0.0,0.0,0.0,0.0,0.0
0.0,0.0,0.9968624114990234,0.0,0.0,0.0,0.0,0.0,0.0,0.0
0.0,0.0,0.9970846176147461,0.0,0.0,0.0,0.0,0.0,0.0,0.0
0.0,0.0,0.9976892471313477,0.0,0.0,0.0,0.0,0.0,0.0,0.0
0.0,0.0,0.9958248138427734,0.0,0.0,0.0,0.0,0.0,0.0,0.0
0.0,0.0,0.9969730377197266,0.0,0.0,0.0,0.0,0.0,0.0,0.0
0.0,0.0,0.9966363906860352,0.0,0.0,0.0,0.0,0.0,0.0,0.0
0.0,0.0,0.9973430633544922,0.0,0.0,0.0,0.0,0.0,0.0,0.0
0.0,0.0,0.9974298477172852,0.0,0.0,0.0,0.0,0.0,0.0,0.0
0.0,0.0,0.9971323013305664,0.0,0.0,0.0,0.0,0.0,0.0,0.0
0.6646634615384616,0.7985559566787004,0.9994678497314453,0.9534482758620689,0.6869565217391305,0.6646634615384616,0.7985559566787004,0.9534482758620689,0.6869565217391305,1.0
0.0,0.0,0.997981071472168,0.0,0.0,0.0,0.0,0.0,0.0,0.0
0.0,0.0,0.9981193542480469,0.0,0.0,0.0,0.0,0.0,0.0,0.0
0.0,0.0,0.9974184036254883,0.0,0.0,0.0,0.0,0.0,0.0,0.0
0.0,0.0,0.9975471496582031,0.0,0.0,0.0,0.0,0.0,0.0,0.0
0.0,0.0,0.9979763031005859,0.0,0.0,0.0,0.0,0.0,0.0,0.0
0.0,0.0,0.9974937438964844,0.0,0.0,0.0,0.0,0.0,0.0,0.0
0.0,0.0,0.9977741241455078,0.0,0.0,0.0,0.0,0.0,0.0,0.0
0.0,0.0,0.9978055953979492,0.0,0.0,0.0,0.0,0.0,0.0,0.0
0.0,0.0,0.9968547821044922,0.0,0.0,0.0,0.0,0.0,0.0,0.0
0.0,0.0,0.9977197647094727,0.0,0.0,0.0,0.0,0.0,0.0,0.0
0.0,0.0,0.9970483779907227,0.0,0.0,0.0,0.0,0.0,0.0,0.0
0.0,0.0,0.9979972839355469,0.0,0.0,0.0,0.0,0.0,0.0,0.0
0.0,0.0,0.9979639053344727,0.0,0.0,0.0,0.0,0.0,0.0,0.0
0.0,0.0,0.9971637725830078,0.0,0.0,0.0,0.0,0.0,0.0,0.0
0.0,0.0,0.9982748031616211,0.0,0.0,0.0,0.0,0.0,0.0,0.0
0.0,0.0,0.9983797073364258,0.0,0.0,0.0,0.0,0.0,0.0,0.0
0.0,0.0,0.9976587295532227,0.0,0.0,0.0,0.0,0.0,0.0,0.0
0.0,0.0,0.9983339309692383,0.0,0.0,0.0,0.0,0.0,0.0,0.0
0.0,0.0,0.9976673126220703,0.0,0.0,0.0,0.0,0.0,0.0,0.0
0.0,0.0,0.9985218048095703,0.0,0.0,0.0,0.0,0.0,0.0,0.0
0.0,0.0,0.9974098205566406,0.0,0.0,0.0,0.0,0.0,0.0,0.0
0.0,0.0,0.9981441497802734,0.0,0.0,0.0,0.0,0.0,0.0,0.0
0.0,0.0,0.9979448318481445,0.0,0.0,0.0,0.0,0.0,0.0,0.0
0.0,0.0,0.9982080459594727,0.0,0.0,0.0,0.0,0.0,0.0,0.0
0.0,0.0,0.9978561401367188,0.0,0.0,0.0,0.0,0.0,0.0,0.0
0.0,0.0,0.9973001480102539,0.0,0.0,0.0,0.0,0.0,0.0,0.0
0.0,0.0,0.9975814819335938,0.0,0.0,0.0,0.0,0.0,0.0,0.0
0.0,0.0,0.9967670440673828,0.0,0.0,0.0,0.0,0.0,0.0,0.0
0.0,0.0,0.9975709915161133,0.0,0.0,0.0,0.0,0.0,0.0,0.0
0.0,0.0,0.9975404739379883,0.0,0.0,0.0,0.0,0.0,0.0,0.0
0.0,0.0,0.9977397918701172,0.0,0.0,0.0,0.0,0.0,0.0,0.0
0.0,0.0,0.9974794387817383,0.0,0.0,0.0,0.0,0.0,0.0,0.0
0.0,0.0,0.9981365203857422,0.0,0.0,0.0,0.0,0.0,0.0,0.0
0.0,0.0,0.9976968765258789,0.0,0.0,0.0,0.0,0.0,0.0,0.0
0.0,0.0,0.9977760314941406,0.0,0.0,0.0,0.0,0.0,0.0,0.0
0.0,0.0,0.9983510971069336,0.0,0.0,0.0,0.0,0.0,0.0,0.0
0.0,0.0,0.9982109069824219,0.0,0.0,0.0,0.0,0.0,0.0,0.0
0.0,0.0,0.9979915618896484,0.0,0.0,0.0,0.0,0.0,0.0,0.0
0.0,0.0,0.9982204437255859,0.0,0.0,0.0,0.0,0.0,0.0,0.0
0.0,0.0,0.9975957870483398,0.0,0.0,0.0,0.0,0.0,0.0,0.0
0.0,0.0,0.9981222152709961,0.0,0.0,0.0,0.0,0.0,0.0,0.0
0.0,0.0,0.9983348846435547,0.0,0.0,0.0,0.0,0.0,0.0,0.0
0.0,0.0,0.997990608215332,0.0,0.0,0.0,0.0,0.0,0.0,0.0
0.0,0.0,0.9982185363769531,0.0,0.0,0.0,0.0,0.0,0.0,0.0
0.0,0.0,0.9980001449584961,0.0,0.0,0.0,0.0,0.0,0.0,0.0
0.0,0.0,0.9982891082763672,0.0,0.0,0.0,0.0,0.0,0.0,0.0
0.0,0.0,0.9981498718261719,0.0,0.0,0.0,0.0,0.0,0.0,0.0
0.0,0.0,0.9973850250244141,0.0,0.0,0.0,0.0,0.0,0.0,0.0
0.0,0.0,0.9981851577758789,0.0,0.0,0.0,0.0,0.0,0.0,0.0
0.0,0.0,0.9980430603027344,0.0,0.0,0.0,0.0,0.0,0.0,0.0
0.0,0.0,0.9980640411376953,0.0,0.0,0.0,0.0,0.0,0.0,0.0
0.0,0.0,0.9976081848144531,0.0,0.0,0.0,0.0,0.0,0.0,0.0
0.0,0.0,0.9977178573608398,0.0,0.0,0.0,0.0,0.0,0.0,0.0
0.0,0.0,0.9982013702392578,0.0,0.0,0.0,0.0,0.0,0.0,0.0
0.0,0.0,0.9983177185058594,0.0,0.0,0.0,0.0,0.0,0.0,0.0
0.0,0.0,0.9986171722412109,0.0,0.0,0.0,0.0,0.0,0.0,0.0
0.0,0.0,0.9974126815795898,0.0,0.0,0.0,0.0,0.0,0.0,0.0
0.0,0.0,0.9981775283813477,0.0,0.0,0.0,0.0,0.0,0.0,0.0
0.0,0.0,0.9986724853515625,0.0,0.0,0.0,0.0,0.0,0.0,0.0
0.0,0.0,0.9983816146850586,0.0,0.0,0.0,0.0,0.0,0.0,0.0
0.0,0.0,0.9983539581298828,0.0,0.0,0.0,0.0,0.0,0.0,0.0
0.0,0.0,0.9980707168579102,0.0,0.0,0.0,0.0,0.0,0.0,0.0
0.0,0.0,0.9983386993408203,0.0,0.0,0.0,0.0,0.0,0.0,0.0
0.0,0.0,0.997715950012207,0.0,0.0,0.0,0.0,0.0,0.0,0.0
0.0,0.0,0.9984579086303711,0.0,0.0,0.0,0.0,0.0,0.0,0.0
0.0,0.0,0.9977741241455078,0.0,0.0,0.0,0.0,0.0,0.0,0.0
0.0,0.0,0.9983959197998047,0.0,0.0,0.0,0.0,0.0,0.0,0.0
0.0,0.0,0.99932861328125,0.0,0.0,0.0,0.0,0.0,0.0,0.0
0.0,0.0,0.9983768463134766,0.0,0.0,0.0,0.0,0.0,0.0,0.0
0.0,0.0,0.9984588623046875,0.0,0.0,0.0,0.0,0.0,0.0,0.0
0.0,0.0,0.9992103576660156,0.0,0.0,0.0,0.0,0.0,0.0,0.0
0.0,0.0,0.9986648559570312,0.0,0.0,0.0,0.0,0.0,0.0,0.0
0.0,0.0,0.9996042251586914,0.0,0.0,0.0,0.0,0.0,0.0,0.0
0.0,0.0,0.9995536804199219,0.0,0.0,0.0,0.0,0.0,0.0,0.0
0.8591397849462366,0.9242336610757663,0.9998750686645508,1.0,0.8591397849462366,0.8591397849462366,0.9242336610757663,1.0,0.8591397849462366,1.0
0.0,0.0,0.9974851608276367,0.0,0.0,0.0,0.0,0.0,0.0,0.0
0.0,0.0,0.9984903335571289,0.0,0.0,0.0,0.0,0.0,0.0,0.0
0.0,0.0,0.9975872039794922,0.0,0.0,0.0,0.0,0.0,0.0,0.0
0.0,0.0,0.9982948303222656,0.0,0.0,0.0,0.0,0.0,0.0,0.0
0.0,0.0,0.997929573059082,0.0,0.0,0.0,0.0,0.0,0.0,0.0
0.0,0.0,0.998967170715332,0.0,0.0,0.0,0.0,0.0,0.0,0.0
0.0,0.0,0.9986276626586914,0.0,0.0,0.0,0.0,0.0,0.0,0.0
0.0,0.0,0.9965944290161133,0.0,0.0,0.0,0.0,0.0,0.0,0.0
0.0,0.0,0.9972133636474609,0.0,0.0,0.0,0.0,0.0,0.0,0.0
0.0,0.0,0.996668815612793,0.0,0.0,0.0,0.0,0.0,0.0,0.0
0.0,0.0,0.995884895324707,0.0,0.0,0.0,0.0,0.0,0.0,0.0
0.0,0.0,0.996800422668457,0.0,0.0,0.0,0.0,0.0,0.0,0.0
0.0,0.0,0.9972457885742188,0.0,0.0,0.0,0.0,0.0,0.0,0.0
0.0,0.0,0.9977741241455078,0.0,0.0,0.0,0.0,0.0,0.0,0.0
0.0,0.0,0.9970064163208008,0.0,0.0,0.0,0.0,0.0,0.0,0.0
0.0,0.0,0.9968414306640625,0.0,0.0,0.0,0.0,0.0,0.0,0.0
0.0,0.0,0.9971323013305664,0.0,0.0,0.0,0.0,0.0,0.0,0.0
0.0,0.0,0.997166633605957,0.0,0.0,0.0,0.0,0.0,0.0,0.0
0.0,0.0,0.9967718124389648,0.0,0.0,0.0,0.0,0.0,0.0,0.0
0.0,0.0,0.9973487854003906,0.0,0.0,0.0,0.0,0.0,0.0,0.0
0.0,0.0,0.9972372055053711,0.0,0.0,0.0,0.0,0.0,0.0,0.0
0.0,0.0,0.9967823028564453,0.0,0.0,0.0,0.0,0.0,0.0,0.0
0.0,0.0,0.9968481063842773,0.0,0.0,0.0,0.0,0.0,0.0,0.0
0.0,0.0,0.9974451065063477,0.0,0.0,0.0,0.0,0.0,0.0,0.0
0.0,0.0,0.9965276718139648,0.0,0.0,0.0,0.0,0.0,0.0,0.0
0.0,0.0,0.997441291809082,0.0,0.0,0.0,0.0,0.0,0.0,0.0
0.0,0.0,0.9973173141479492,0.0,0.0,0.0,0.0,0.0,0.0,0.0
0.0,0.0,0.9966001510620117,0.0,0.0,0.0,0.0,0.0,0.0,0.0
0.0,0.0,0.9969253540039062,0.0,0.0,0.0,0.0,0.0,0.0,0.0
0.0,0.0,0.9976034164428711,0.0,0.0,0.0,0.0,0.0,0.0,0.0
0.0,0.0,0.9973773956298828,0.0,0.0,0.0,0.0,0.0,0.0,0.0
0.0,0.0,0.9973459243774414,0.0,0.0,0.0,0.0,0.0,0.0,0.0
0.0,0.0,0.9976110458374023,0.0,0.0,0.0,0.0,0.0,0.0,0.0
0.0,0.0,0.9973535537719727,0.0,0.0,0.0,0.0,0.0,0.0,0.0
0.0,0.0,0.9974327087402344,0.0,0.0,0.0,0.0,0.0,0.0,0.0
0.0,0.0,0.9974212646484375,0.0,0.0,0.0,0.0,0.0,0.0,0.0
0.0,0.0,0.9968442916870117,0.0,0.0,0.0,0.0,0.0,0.0,0.0
0.0,0.0,0.9970483779907227,0.0,0.0,0.0,0.0,0.0,0.0,0.0
0.0,0.0,0.9984416961669922,0.0,0.0,0.0,0.0,0.0,0.0,0.0
0.0,0.0,0.9985799789428711,0.0,0.0,0.0,0.0,0.0,0.0,0.0
0.0,0.0,0.9977016448974609,0.0,0.0,0.0,0.0,0.0,0.0,0.0
0.0,0.0,0.997096061706543,0.0,0.0,0.0,0.0,0.0,0.0,0.0
0.8455497382198953,0.9163120567375886,0.9998874664306641,0.99079754601227,0.8522427440633246,0.8455497382198953,0.9163120567375886,0.99079754601227,0.8522427440633246,1.0
0.0,0.0,0.9976224899291992,0.0,0.0,0.0,0.0,0.0,0.0,0.0
0.0,0.0,0.9973554611206055,0.0,0.0,0.0,0.0,0.0,0.0,0.0
0.0,0.0,0.9977331161499023,0.0,0.0,0.0,0.0,0.0,0.0,0.0
0.0,0.0,0.99847412109375,0.0,0.0,0.0,0.0,0.0,0.0,0.0
0.0,0.0,0.9977073669433594,0.0,0.0,0.0,0.0,0.0,0.0,0.0
0.0,0.0,0.9972724914550781,0.0,0.0,0.0,0.0,0.0,0.0,0.0
0.0,0.0,0.9988775253295898,0.0,0.0,0.0,0.0,0.0,0.0,0.0
0.0,0.0,0.997279167175293,0.0,0.0,0.0,0.0,0.0,0.0,0.0
0.0,0.0,0.9966135025024414,0.0,0.0,0.0,0.0,0.0,0.0,0.0
0.0,0.0,0.9976816177368164,0.0,0.0,0.0,0.0,0.0,0.0,0.0
0.0,0.0,0.9976224899291992,0.0,0.0,0.0,0.0,0.0,0.0,0.0
0.0,0.0,0.9978694915771484,0.0,0.0,0.0,0.0,0.0,0.0,0.0
0.0,0.0,0.9987211227416992,0.0,0.0,0.0,0.0,0.0,0.0,0.0
0.0,0.0,0.9983491897583008,0.0,0.0,0.0,0.0,0.0,0.0,0.0
0.0,0.0,0.9985332489013672,0.0,0.0,0.0,0.0,0.0,0.0,0.0
0.0,0.0,0.9980335235595703,0.0,0.0,0.0,0.0,0.0,0.0,0.0
0.0,0.0,0.9979276657104492,0.0,0.0,0.0,0.0,0.0,0.0,0.0
0.0,0.0,0.998626708984375,0.0,0.0,0.0,0.0,0.0,0.0,0.0
0.0,0.0,0.9988384246826172,0.0,0.0,0.0,0.0,0.0,0.0,0.0
0.0,0.0,0.9990606307983398,0.0,0.0,0.0,0.0,0.0,0.0,0.0
0.0,0.0,0.9991312026977539,0.0,0.0,0.0,0.0,0.0,0.0,0.0
0.0,0.0,0.9603357315063477,0.0,0.0,0.0,0.0,0.0,0.0,0.0
0.0,0.0,0.9603137969970703,0.0,0.0,0.0,0.0,0.0,0.0,0.0
0.0,0.0,0.9603786468505859,0.0,0.0,0.0,0.0,0.0,0.0,0.0
0.0,0.0,0.9605941772460938,0.0,0.0,0.0,0.0,0.0,0.0,0.0
0.0,0.0,0.960780143737793,0.0,0.0,0.0,0.0,0.0,0.0,0.0
0.0,0.0,0.9605512619018555,0.0,0.0,0.0,0.0,0.0,0.0,0.0
0.0,0.0,0.9607486724853516,0.0,0.0,0.0,0.0,0.0,0.0,0.0
0.0,0.0,0.9606590270996094,0.0,0.0,0.0,0.0,0.0,0.0,0.0
0.0,0.0,0.9584980010986328,0.0,0.0,0.0,0.0,0.0,0.0,0.0
0.0,0.0,0.9603862762451172,0.0,0.0,0.0,0.0,0.0,0.0,0.0
0.0,0.0,0.9606685638427734,0.0,0.0,0.0,0.0,0.0,0.0,0.0
0.0,0.0,0.9606227874755859,0.0,0.0,0.0,0.0,0.0,0.0,0.0
0.0,0.0,0.9604530334472656,0.0,0.0,0.0,0.0,0.0,0.0,0.0
0.0,0.0,0.9601001739501953,0.0,0.0,0.0,0.0,0.0,0.0,0.0
0.0,0.0,0.9605655670166016,0.0,0.0,0.0,0.0,0.0,0.0,0.0
0.0,0.0,0.9607076644897461,0.0,0.0,0.0,0.0,0.0,0.0,0.0
0.0,0.0,0.9606199264526367,0.0,0.0,0.0,0.0,0.0,0.0,0.0
0.0,0.0,0.9606666564941406,0.0,0.0,0.0,0.0,0.0,0.0,0.0
0.0,0.0,0.9616279602050781,0.0,0.0,0.0,0.0,0.0,0.0,0.0
0.0,0.0,0.9611139297485352,0.0,0.0,0.0,0.0,0.0,0.0,0.0
0.0,0.0,0.9604701995849609,0.0,0.0,0.0,0.0,0.0,0.0,0.0
0.0,0.0,0.9609642028808594,0.0,0.0,0.0,0.0,0.0,0.0,0.0
0.0,0.0,0.9608640670776367,0.0,0.0,0.0,0.0,0.0,0.0,0.0
0.945402371822545,0.9719350459482038,0.9979496002197266,0.9936742646666311,0.9511266670073067,0.945402371822545,0.9719350459482038,0.9936742646666311,0.9511266670073067,1.0
0.0,0.0,0.9604415893554688,0.0,0.0,0.0,0.0,0.0,0.0,0.0
0.0,0.0,0.9608430862426758,0.0,0.0,0.0,0.0,0.0,0.0,0.0
0.0,0.0,0.9611148834228516,0.0,0.0,0.0,0.0,0.0,0.0,0.0
0.0,0.0,0.9620075225830078,0.0,0.0,0.0,0.0,0.0,0.0,0.0
0.0,0.0,0.9612636566162109,0.0,0.0,0.0,0.0,0.0,0.0,0.0
0.0,0.0,0.9613437652587891,0.0,0.0,0.0,0.0,0.0,0.0,0.0
0.0,0.0,0.961029052734375,0.0,0.0,0.0,0.0,0.0,0.0,0.0
0.0,0.0,0.9619960784912109,0.0,0.0,0.0,0.0,0.0,0.0,0.0
0.0,0.0,0.9611873626708984,0.0,0.0,0.0,0.0,0.0,0.0,0.0
0.0,0.0,0.9609823226928711,0.0,0.0,0.0,0.0,0.0,0.0,0.0
0.0,0.0,0.9614038467407227,0.0,0.0,0.0,0.0,0.0,0.0,0.0
0.0,0.0,0.9609346389770508,0.0,0.0,0.0,0.0,0.0,0.0,0.0
0.0,0.0,0.9620981216430664,0.0,0.0,0.0,0.0,0.0,0.0,0.0
0.0,0.0,0.9609756469726562,0.0,0.0,0.0,0.0,0.0,0.0,0.0
0.0,0.0,0.9623270034790039,0.0,0.0,0.0,0.0,0.0,0.0,0.0
0.0,0.0,0.9613971710205078,0.0,0.0,0.0,0.0,0.0,0.0,0.0
0.0,0.0,0.9625244140625,0.0,0.0,0.0,0.0,0.0,0.0,0.0
0.0,0.0,0.9623823165893555,0.0,0.0,0.0,0.0,0.0,0.0,0.0
0.0,0.0,0.9625167846679688,0.0,0.0,0.0,0.0,0.0,0.0,0.0
0.0,0.0,0.9625844955444336,0.0,0.0,0.0,0.0,0.0,0.0,0.0
0.0,0.0,0.9891357421875,0.0,0.0,0.0,0.0,0.0,0.0,0.0
0.0,0.0,0.9964351654052734,0.0,0.0,0.0,0.0,0.0,0.0,0.0
0.0,0.0,0.9975662231445312,0.0,0.0,0.0,0.0,0.0,0.0,0.0
0.0,0.0,0.9972782135009766,0.0,0.0,0.0,0.0,0.0,0.0,0.0
0.0,0.0,0.9982938766479492,0.0,0.0,0.0,0.0,0.0,0.0,0.0
0.0,0.0,0.9976348876953125,0.0,0.0,0.0,0.0,0.0,0.0,0.0
0.0,0.0,0.9981708526611328,0.0,0.0,0.0,0.0,0.0,0.0,0.0
0.0,0.0,0.998199462890625,0.0,0.0,0.0,0.0,0.0,0.0,0.0
0.0,0.0,0.9973630905151367,0.0,0.0,0.0,0.0,0.0,0.0,0.0
0.0,0.0,0.9982213973999023,0.0,0.0,0.0,0.0,0.0,0.0,0.0
0.0,0.0,0.997441291809082,0.0,0.0,0.0,0.0,0.0,0.0,0.0
0.0,0.0,0.9980583190917969,0.0,0.0,0.0,0.0,0.0,0.0,0.0
0.0,0.0,0.9978857040405273,0.0,0.0,0.0,0.0,0.0,0.0,0.0
0.0,0.0,0.9983043670654297,0.0,0.0,0.0,0.0,0.0,0.0,0.0
0.0,0.0,0.9974746704101562,0.0,0.0,0.0,0.0,0.0,0.0,0.0
0.0,0.0,0.9964866638183594,0.0,0.0,0.0,0.0,0.0,0.0,0.0
0.0,0.0,0.997894287109375,0.0,0.0,0.0,0.0,0.0,0.0,0.0
0.0,0.0,0.9977293014526367,0.0,0.0,0.0,0.0,0.0,0.0,0.0
0.0,0.0,0.9988250732421875,0.0,0.0,0.0,0.0,0.0,0.0,0.0
0.0,0.0,0.9983100891113281,0.0,0.0,0.0,0.0,0.0,0.0,0.0
0.0,0.0,0.9976596832275391,0.0,0.0,0.0,0.0,0.0,0.0,0.0
0.0,0.0,0.9970464706420898,0.0,0.0,0.0,0.0,0.0,0.0,0.0
0.0,0.0,0.9974603652954102,0.0,0.0,0.0,0.0,0.0,0.0,0.0
0.0,0.0,0.9977922439575195,0.0,0.0,0.0,0.0,0.0,0.0,0.0
0.0,0.0,0.9981403350830078,0.0,0.0,0.0,0.0,0.0,0.0,0.0
0.0,0.0,0.998382568359375,0.0,0.0,0.0,0.0,0.0,0.0,0.0
0.0,0.0,0.9988012313842773,0.0,0.0,0.0,0.0,0.0,0.0,0.0
0.0,0.0,0.9992713928222656,0.0,0.0,0.0,0.0,0.0,0.0,0.0
0.0,0.0,0.9981775283813477,0.0,0.0,0.0,0.0,0.0,0.0,0.0
0.0,0.0,0.9977903366088867,0.0,0.0,0.0,0.0,0.0,0.0,0.0
0.0,0.0,0.9981117248535156,0.0,0.0,0.0,0.0,0.0,0.0,0.0
0.0,0.0,0.9985027313232422,0.0,0.0,0.0,0.0,0.0,0.0,0.0
0.0,0.0,0.9985122680664062,0.0,0.0,0.0,0.0,0.0,0.0,0.0
0.0,0.0,0.998321533203125,0.0,0.0,0.0,0.0,0.0,0.0,0.0
0.0,0.0,0.9993228912353516,0.0,0.0,0.0,0.0,0.0,0.0,0.0
0.0,0.0,0.9994010925292969,0.0,0.0,0.0,0.0,0.0,0.0,0.0
0.0,0.0,0.9989166259765625,0.0,0.0,0.0,0.0,0.0,0.0,0.0
0.0,0.0,0.9989109039306641,0.0,0.0,0.0,0.0,0.0,0.0,0.0
0.0,0.0,0.9996833801269531,0.0,0.0,0.0,0.0,0.0,0.0,0.0
0.0,0.0,0.9992408752441406,0.0,0.0,0.0,0.0,0.0,0.0,0.0
0.0,0.0,0.9991703033447266,0.0,0.0,0.0,0.0,0.0,0.0,0.0
0.0,0.0,0.9988203048706055,0.0,0.0,0.0,0.0,0.0,0.0,0.0
0.0,0.0,0.9993762969970703,0.0,0.0,0.0,0.0,0.0,0.0,0.0
0.0,0.0,0.9987688064575195,0.0,0.0,0.0,0.0,0.0,0.0,0.0
0.0,0.0,0.9989089965820312,0.0,0.0,0.0,0.0,0.0,0.0,0.0
0.0,0.0,0.9981260299682617,0.0,0.0,0.0,0.0,0.0,0.0,0.0
0.0,0.0,0.9990396499633789,0.0,0.0,0.0,0.0,0.0,0.0,0.0
0.0,0.0,0.9999094009399414,0.0,0.0,0.0,0.0,0.0,0.0,0.0
0.0,0.0,0.9998197555541992,0.0,0.0,0.0,0.0,0.0,0.0,0.0
0.0,0.0,0.9998683929443359,0.0,0.0,0.0,0.0,0.0,0.0,0.0
0.0,0.0,0.9868831634521484,0.0,0.0,0.0,0.0,0.0,0.0,0.0
0.7251861042183623,0.8407047824523552,0.9978876113891602,0.8835978835978836,0.8017832647462277,0.7251861042183623,0.8407047824523552,0.8835978835978836,0.8017832647462277,1.0
0.0,0.0,0.9895820617675781,0.0,0.0,0.0,0.0,0.0,0.0,0.0
0.0,0.0,0.9844827651977539,0.0,0.0,0.0,0.0,0.0,0.0,0.0
0.0,0.0,0.9906387329101562,0.0,0.0,0.0,0.0,0.0,0.0,0.0
0.0,0.0,0.9854536056518555,0.0,0.0,0.0,0.0,0.0,0.0,0.0
0.0,0.0,0.9900531768798828,0.0,0.0,0.0,0.0,0.0,0.0,0.0
0.0,0.0,0.9684267044067383,0.0,0.0,0.0,0.0,0.0,0.0,0.0
0.0,0.0,0.9769906997680664,0.0,0.0,0.0,0.0,0.0,0.0,0.0
0.0,0.0,0.9894990921020508,0.0,0.0,0.0,0.0,0.0,0.0,0.0
0.0,0.0,0.990880012512207,0.0,0.0,0.0,0.0,0.0,0.0,0.0
0.0,0.0,0.989964485168457,0.0,0.0,0.0,0.0,0.0,0.0,0.0
0.0,0.0,0.9890384674072266,0.0,0.0,0.0,0.0,0.0,0.0,0.0
0.0,0.0,0.9826583862304688,0.0,0.0,0.0,0.0,0.0,0.0,0.0
0.0,0.0,0.9905414581298828,0.0,0.0,0.0,0.0,0.0,0.0,0.0
0.0,0.0,0.9913911819458008,0.0,0.0,0.0,0.0,0.0,0.0,0.0
0.0,0.0,0.9888439178466797,0.0,0.0,0.0,0.0,0.0,0.0,0.0
0.0,0.0,0.9891681671142578,0.0,0.0,0.0,0.0,0.0,0.0,0.0
0.0,0.0,0.9913759231567383,0.0,0.0,0.0,0.0,0.0,0.0,0.0
0.0,0.0,0.9902257919311523,0.0,0.0,0.0,0.0,0.0,0.0,0.0
0.0,0.0,0.9768533706665039,0.0,0.0,0.0,0.0,0.0,0.0,0.0
0.0,0.0,0.9910860061645508,0.0,0.0,0.0,0.0,0.0,0.0,0.0
0.0,0.0,0.9918918609619141,0.0,0.0,0.0,0.0,0.0,0.0,0.0
0.0,0.0,0.9916725158691406,0.0,0.0,0.0,0.0,0.0,0.0,0.0
0.0,0.0,0.9921703338623047,0.0,0.0,0.0,0.0,0.0,0.0,0.0
0.0,0.0,0.9917507171630859,0.0,0.0,0.0,0.0,0.0,0.0,0.0
0.0,0.0,0.9924154281616211,0.0,0.0,0.0,0.0,0.0,0.0,0.0
0.0,0.0,0.9922637939453125,0.0,0.0,0.0,0.0,0.0,0.0,0.0
0.0,0.0,0.9925966262817383,0.0,0.0,0.0,0.0,0.0,0.0,0.0
0.0,0.0,0.989008903503418,0.0,0.0,0.0,0.0,0.0,0.0,0.0
0.0,0.0,0.9898700714111328,0.0,0.0,0.0,0.0,0.0,0.0,0.0
0.0,0.0,0.975672721862793,0.0,0.0,0.0,0.0,0.0,0.0,0.0
0.0,0.0,0.9907703399658203,0.0,0.0,0.0,0.0,0.0,0.0,0.0
0.0,0.0,0.9925756454467773,0.0,0.0,0.0,0.0,0.0,0.0,0.0
0.0,0.0,0.9925718307495117,0.0,0.0,0.0,0.0,0.0,0.0,0.0
0.0,0.0,0.9894351959228516,0.0,0.0,0.0,0.0,0.0,0.0,0.0
0.0,0.0,0.9877338409423828,0.0,0.0,0.0,0.0,0.0,0.0,0.0
0.0,0.0,0.9927339553833008,0.0,0.0,0.0,0.0,0.0,0.0,0.0
0.0,0.0,0.9946699142456055,0.0,0.0,0.0,0.0,0.0,0.0,0.0
0.0,0.0,0.9947996139526367,0.0,0.0,0.0,0.0,0.0,0.0,0.0
0.6251261352169526,0.7693262961813101,0.9992914199829102,0.812992125984252,0.7301119622863878,0.6251261352169526,0.7693262961813101,0.812992125984252,0.7301119622863878,1.0
0.0,0.0,0.9964723587036133,0.0,0.0,0.0,0.0,0.0,0.0,0.0
0.0,0.0,0.9975967407226562,0.0,0.0,0.0,0.0,0.0,0.0,0.0
0.0,0.0,0.9954671859741211,0.0,0.0,0.0,0.0,0.0,0.0,0.0
0.0,0.0,0.9979581832885742,0.0,0.0,0.0,0.0,0.0,0.0,0.0
0.0,0.0,0.995452880859375,0.0,0.0,0.0,0.0,0.0,0.0,0.0
0.0,0.0,0.996983528137207,0.0,0.0,0.0,0.0,0.0,0.0,0.0
0.0,0.0,0.9967327117919922,0.0,0.0,0.0,0.0,0.0,0.0,0.0
0.0,0.0,0.9981203079223633,0.0,0.0,0.0,0.0,0.0,0.0,0.0
0.0,0.0,0.995570182800293,0.0,0.0,0.0,0.0,0.0,0.0,0.0
0.0,0.0,0.9968719482421875,0.0,0.0,0.0,0.0,0.0,0.0,0.0
0.0,0.0,0.9978713989257812,0.0,0.0,0.0,0.0,0.0,0.0,0.0
0.0,0.0,0.9979410171508789,0.0,0.0,0.0,0.0,0.0,0.0,0.0
0.0,0.0,0.9984130859375,0.0,0.0,0.0,0.0,0.0,0.0,0.0
0.0,0.0,0.9989814758300781,0.0,0.0,0.0,0.0,0.0,0.0,0.0
0.0,0.0,0.9961977005004883,0.0,0.0,0.0,0.0,0.0,0.0,0.0
0.0,0.0,0.9977025985717773,0.0,0.0,0.0,0.0,0.0,0.0,0.0
0.0,0.0,0.9968595504760742,0.0,0.0,0.0,0.0,0.0,0.0,0.0
0.0,0.0,0.9968395233154297,0.0,0.0,0.0,0.0,0.0,0.0,0.0
0.0,0.0,0.997431755065918,0.0,0.0,0.0,0.0,0.0,0.0,0.0
0.0,0.0,0.9968576431274414,0.0,0.0,0.0,0.0,0.0,0.0,0.0
0.0,0.0,0.9975614547729492,0.0,0.0,0.0,0.0,0.0,0.0,0.0
0.0,0.0,0.9962959289550781,0.0,0.0,0.0,0.0,0.0,0.0,0.0
0.0,0.0,0.9982566833496094,0.0,0.0,0.0,0.0,0.0,0.0,0.0
0.0,0.0,0.9980669021606445,0.0,0.0,0.0,0.0,0.0,0.0,0.0
0.0,0.0,0.9987211227416992,0.0,0.0,0.0,0.0,0.0,0.0,0.0
0.0,0.0,0.9986333847045898,0.0,0.0,0.0,0.0,0.0,0.0,0.0
0.0,0.0,0.9949855804443359,0.0,0.0,0.0,0.0,0.0,0.0,0.0
0.0,0.0,0.9984464645385742,0.0,0.0,0.0,0.0,0.0,0.0,0.0
0.0,0.0,0.9980478286743164,0.0,0.0,0.0,0.0,0.0,0.0,0.0
0.7053051967261611,0.8271894064243791,0.9942998886108398,0.8061880072137061,0.8493142551801935,0.7053051967261611,0.8271894064243791,0.8061880072137061,0.8493142551801935,1.0
0.0,0.0,0.9695034027099609,0.0,0.0,0.0,0.0,0.0,0.0,0.0
0.0,0.0,0.9646902084350586,0.0,0.0,0.0,0.0,0.0,0.0,0.0
0.0,0.0,0.9776124954223633,0.0,0.0,0.0,0.0,0.0,0.0,0.0
0.0,0.0,0.9795598983764648,0.0,0.0,0.0,0.0,0.0,0.0,0.0
0.0,0.0,0.9818582534790039,0.0,0.0,0.0,0.0,0.0,0.0,0.0
0.0,0.0,0.9764680862426758,0.0,0.0,0.0,0.0,0.0,0.0,0.0
0.0,0.0,0.9775199890136719,0.0,0.0,0.0,0.0,0.0,0.0,0.0
0.0,0.0,0.9820890426635742,0.0,0.0,0.0,0.0,0.0,0.0,0.0
0.0,0.0,0.9554681777954102,0.0,0.0,0.0,0.0,0.0,0.0,0.0
0.0,0.0,0.9820079803466797,0.0,0.0,0.0,0.0,0.0,0.0,0.0
0.0,0.0,0.968256950378418,0.0,0.0,0.0,0.0,0.0,0.0,0.0
0.0,0.0,0.9732942581176758,0.0,0.0,0.0,0.0,0.0,0.0,0.0
0.0,0.0,0.9648618698120117,0.0,0.0,0.0,0.0,0.0,0.0,0.0
0.0,0.0,0.9811782836914062,0.0,0.0,0.0,0.0,0.0,0.0,0.0
0.0,0.0,0.9754695892333984,0.0,0.0,0.0,0.0,0.0,0.0,0.0
0.0,0.0,0.9811887741088867,0.0,0.0,0.0,0.0,0.0,0.0,0.0
0.0,0.0,0.9815406799316406,0.0,0.0,0.0,0.0,0.0,0.0,0.0
0.0,0.0,0.9770450592041016,0.0,0.0,0.0,0.0,0.0,0.0,0.0
0.0,0.0,0.9826440811157227,0.0,0.0,0.0,0.0,0.0,0.0,0.0
0.0,0.0,0.9814472198486328,0.0,0.0,0.0,0.0,0.0,0.0,0.0
0.0,0.0,0.9816579818725586,0.0,0.0,0.0,0.0,0.0,0.0,0.0
0.0,0.0,0.9809761047363281,0.0,0.0,0.0,0.0,0.0,0.0,0.0
0.0,0.0,0.9798383712768555,0.0,0.0,0.0,0.0,0.0,0.0,0.0
0.0,0.0,0.9773721694946289,0.0,0.0,0.0,0.0,0.0,0.0,0.0
0.0,0.0,0.9812068939208984,0.0,0.0,0.0,0.0,0.0,0.0,0.0
0.0,0.0,0.9765148162841797,0.0,0.0,0.0,0.0,0.0,0.0,0.0
0.0,0.0,0.9826602935791016,0.0,0.0,0.0,0.0,0.0,0.0,0.0
0.0,0.0,0.982966423034668,0.0,0.0,0.0,0.0,0.0,0.0,0.0
0.0,0.0,0.9816083908081055,0.0,0.0,0.0,0.0,0.0,0.0,0.0
0.0,0.0,0.9836664199829102,0.0,0.0,0.0,0.0,0.0,0.0,0.0
0.0,0.0,0.9827823638916016,0.0,0.0,0.0,0.0,0.0,0.0,0.0
0.0,0.0,0.9820146560668945,0.0,0.0,0.0,0.0,0.0,0.0,0.0
0.0,0.0,0.983485221862793,0.0,0.0,0.0,0.0,0.0,0.0,0.0
0.0,0.0,0.9811830520629883,0.0,0.0,0.0,0.0,0.0,0.0,0.0
0.0,0.0,0.9795398712158203,0.0,0.0,0.0,0.0,0.0,0.0,0.0
0.0,0.0,0.9831943511962891,0.0,0.0,0.0,0.0,0.0,0.0,0.0
0.0,0.0,0.9830293655395508,0.0,0.0,0.0,0.0,0.0,0.0,0.0
0.0,0.0,0.9835052490234375,0.0,0.0,0.0,0.0,0.0,0.0,0.0
0.0,0.0,0.9829959869384766,0.0,0.0,0.0,0.0,0.0,0.0,0.0
0.0,0.0,0.9821023941040039,0.0,0.0,0.0,0.0,0.0,0.0,0.0
0.0,0.0,0.9829177856445312,0.0,0.0,0.0,0.0,0.0,0.0,0.0
0.0,0.0,0.98095703125,0.0,0.0,0.0,0.0,0.0,0.0,0.0
0.0,0.0,0.9825325012207031,0.0,0.0,0.0,0.0,0.0,0.0,0.0
0.0,0.0,0.9790811538696289,0.0,0.0,0.0,0.0,0.0,0.0,0.0
0.0,0.0,0.9791297912597656,0.0,0.0,0.0,0.0,0.0,0.0,0.0
0.0,0.0,0.9825620651245117,0.0,0.0,0.0,0.0,0.0,0.0,0.0
0.0,0.0,0.9973840713500977,0.0,0.0,0.0,0.0,0.0,0.0,0.0
0.0,0.0,0.9967041015625,0.0,0.0,0.0,0.0,0.0,0.0,0.0
0.0,0.0,0.9983749389648438,0.0,0.0,0.0,0.0,0.0,0.0,0.0
0.0,0.0,0.9973726272583008,0.0,0.0,0.0,0.0,0.0,0.0,0.0
0.0,0.0,0.9982261657714844,0.0,0.0,0.0,0.0,0.0,0.0,0.0
0.0,0.0,0.9973859786987305,0.0,0.0,0.0,0.0,0.0,0.0,0.0
0.0,0.0,0.9992895126342773,0.0,0.0,0.0,0.0,0.0,0.0,0.0
0.0,0.0,0.998042106628418,0.0,0.0,0.0,0.0,0.0,0.0,0.0
0.0,0.0,0.9989585876464844,0.0,0.0,0.0,0.0,0.0,0.0,0.0
0.0,0.0,0.9992160797119141,0.0,0.0,0.0,0.0,0.0,0.0,0.0
0.0,0.0,0.9991493225097656,0.0,0.0,0.0,0.0,0.0,0.0,0.0
0.0,0.0,0.997584342956543,0.0,0.0,0.0,0.0,0.0,0.0,0.0
0.6553398058252428,0.7917888563049853,0.9999322891235352,0.8490566037735849,0.7417582417582418,0.6553398058252428,0.7917888563049853,0.8490566037735849,0.7417582417582418,1.0
0.0,0.0,0.9996671676635742,0.0,0.0,0.0,0.0,0.0,0.0,0.0
0.0,0.0,0.9990100860595703,0.0,0.0,0.0,0.0,0.0,0.0,0.0
0.0,0.0,0.9970893859863281,0.0,0.0,0.0,0.0,0.0,0.0,0.0
0.0,0.0,0.9969015121459961,0.0,0.0,0.0,0.0,0.0,0.0,0.0
0.0,0.0,0.9942874908447266,0.0,0.0,0.0,0.0,0.0,0.0,0.0
0.0,0.0,0.9977874755859375,0.0,0.0,0.0,0.0,0.0,0.0,0.0
0.0,0.0,0.9967794418334961,0.0,0.0,0.0,0.0,0.0,0.0,0.0
0.0,0.0,0.9970674514770508,0.0,0.0,0.0,0.0,0.0,0.0,0.0
0.0,0.0,0.9970703125,0.0,0.0,0.0,0.0,0.0,0.0,0.0
0.0,0.0,0.9965314865112305,0.0,0.0,0.0,0.0,0.0,0.0,0.0
0.0,0.0,0.997344970703125,0.0,0.0,0.0,0.0,0.0,0.0,0.0
0.8115823817292006,0.8959927960378208,0.9997797012329102,0.868237347294939,0.9255813953488372,0.8115823817292006,0.8959927960378208,0.868237347294939,0.9255813953488372,1.0
0.0,0.0,0.997248649597168,0.0,0.0,0.0,0.0,0.0,0.0,0.0
0.0,0.0,0.9966659545898438,0.0,0.0,0.0,0.0,0.0,0.0,0.0
0.0,0.0,0.9974346160888672,0.0,0.0,0.0,0.0,0.0,0.0,0.0
0.0,0.0,0.9972476959228516,0.0,0.0,0.0,0.0,0.0,0.0,0.0
0.0,0.0,0.9972715377807617,0.0,0.0,0.0,0.0,0.0,0.0,0.0
0.0,0.0,0.9971685409545898,0.0,0.0,0.0,0.0,0.0,0.0,0.0
0.0,0.0,0.9978628158569336,0.0,0.0,0.0,0.0,0.0,0.0,0.0
0.0,0.0,0.9983892440795898,0.0,0.0,0.0,0.0,0.0,0.0,0.0
0.0,0.0,0.997833251953125,0.0,0.0,0.0,0.0,0.0,0.0,0.0
0.0,0.0,0.9975013732910156,0.0,0.0,0.0,0.0,0.0,0.0,0.0
0.0,0.0,0.9975509643554688,0.0,0.0,0.0,0.0,0.0,0.0,0.0
0.0,0.0,0.9973039627075195,0.0,0.0,0.0,0.0,0.0,0.0,0.0
0.0,0.0,0.9977998733520508,0.0,0.0,0.0,0.0,0.0,0.0,0.0
0.0,0.0,0.996983528137207,0.0,0.0,0.0,0.0,0.0,0.0,0.0
0.0,0.0,0.9978399276733398,0.0,0.0,0.0,0.0,0.0,0.0,0.0
0.0,0.0,0.9982919692993164,0.0,0.0,0.0,0.0,0.0,0.0,0.0
0.0,0.0,0.9976806640625,0.0,0.0,0.0,0.0,0.0,0.0,0.0
0.0,0.0,0.99786376953125,0.0,0.0,0.0,0.0,0.0,0.0,0.0
0.0,0.0,0.9975910186767578,0.0,0.0,0.0,0.0,0.0,0.0,0.0
0.0,0.0,0.9978342056274414,0.0,0.0,0.0,0.0,0.0,0.0,0.0
0.0,0.0,0.9973001480102539,0.0,0.0,0.0,0.0,0.0,0.0,0.0
0.0,0.0,0.997868537902832,0.0,0.0,0.0,0.0,0.0,0.0,0.0
0.0,0.0,0.9983024597167969,0.0,0.0,0.0,0.0,0.0,0.0,0.0
0.0,0.0,0.9992103576660156,0.0,0.0,0.0,0.0,0.0,0.0,0.0
0.0,0.0,0.9980087280273438,0.0,0.0,0.0,0.0,0.0,0.0,0.0
0.0,0.0,0.9985380172729492,0.0,0.0,0.0,0.0,0.0,0.0,0.0
0.0,0.0,0.9992189407348633,0.0,0.0,0.0,0.0,0.0,0.0,0.0
0.0,0.0,0.9973630905151367,0.0,0.0,0.0,0.0,0.0,0.0,0.0
0.0,0.0,0.9966564178466797,0.0,0.0,0.0,0.0,0.0,0.0,0.0
0.7009646302250804,0.8241965973534972,0.9999113082885742,1.0,0.7009646302250804,0.7009646302250804,0.8241965973534972,1.0,0.7009646302250804,1.0
0.0,0.0,0.9993410110473633,0.0,0.0,0.0,0.0,0.0,0.0,0.0
0.0,0.0,0.9995975494384766,0.0,0.0,0.0,0.0,0.0,0.0,0.0
0.0,0.0,0.9995965957641602,0.0,0.0,0.0,0.0,0.0,0.0,0.0
0.0,0.0,0.9995021820068359,0.0,0.0,0.0,0.0,0.0,0.0,0.0
0.0,0.0,0.9964132308959961,0.0,0.0,0.0,0.0,0.0,0.0,0.0
0.0,0.0,0.9966449737548828,0.0,0.0,0.0,0.0,0.0,0.0,0.0
0.0,0.0,0.9946260452270508,0.0,0.0,0.0,0.0,0.0,0.0,0.0
0.0,0.0,0.9964284896850586,0.0,0.0,0.0,0.0,0.0,0.0,0.0
0.0,0.0,0.9960908889770508,0.0,0.0,0.0,0.0,0.0,0.0,0.0
0.0,0.0,0.9959506988525391,0.0,0.0,0.0,0.0,0.0,0.0,0.0
0.0,0.0,0.996617317199707,0.0,0.0,0.0,0.0,0.0,0.0,0.0
0.0,0.0,0.9955320358276367,0.0,0.0,0.0,0.0,0.0,0.0,0.0
0.0,0.0,0.9959020614624023,0.0,0.0,0.0,0.0,0.0,0.0,0.0
0.0,0.0,0.9971389770507812,0.0,0.0,0.0,0.0,0.0,0.0,0.0
0.0,0.0,0.9960517883300781,0.0,0.0,0.0,0.0,0.0,0.0,0.0
0.0,0.0,0.9964818954467773,0.0,0.0,0.0,0.0,0.0,0.0,0.0
0.0,0.0,0.996363639831543,0.0,0.0,0.0,0.0,0.0,0.0,0.0
0.0,0.0,0.9946889877319336,0.0,0.0,0.0,0.0,0.0,0.0,0.0
0.0,0.0,0.9952726364135742,0.0,0.0,0.0,0.0,0.0,0.0,0.0
0.0,0.0,0.9969367980957031,0.0,0.0,0.0,0.0,0.0,0.0,0.0
0.0,0.0,0.9964179992675781,0.0,0.0,0.0,0.0,0.0,0.0,0.0
0.0,0.0,0.9971408843994141,0.0,0.0,0.0,0.0,0.0,0.0,0.0
0.0,0.0,0.9965085983276367,0.0,0.0,0.0,0.0,0.0,0.0,0.0
0.0,0.0,0.9969568252563477,0.0,0.0,0.0,0.0,0.0,0.0,0.0
0.0,0.0,0.995396614074707,0.0,0.0,0.0,0.0,0.0,0.0,0.0
0.0,0.0,0.99664306640625,0.0,0.0,0.0,0.0,0.0,0.0,0.0
0.0,0.0,0.9963912963867188,0.0,0.0,0.0,0.0,0.0,0.0,0.0
0.0,0.0,0.9968166351318359,0.0,0.0,0.0,0.0,0.0,0.0,0.0
0.0,0.0,0.9969234466552734,0.0,0.0,0.0,0.0,0.0,0.0,0.0
0.0,0.0,0.9962854385375977,0.0,0.0,0.0,0.0,0.0,0.0,0.0
0.0,0.0,0.9975500106811523,0.0,0.0,0.0,0.0,0.0,0.0,0.0
0.0,0.0,0.9967985153198242,0.0,0.0,0.0,0.0,0.0,0.0,0.0
0.0,0.0,0.9959907531738281,0.0,0.0,0.0,0.0,0.0,0.0,0.0
0.0,0.0,0.9970502853393555,0.0,0.0,0.0,0.0,0.0,0.0,0.0
0.0,0.0,0.9972429275512695,0.0,0.0,0.0,0.0,0.0,0.0,0.0
0.0,0.0,0.9969930648803711,0.0,0.0,0.0,0.0,0.0,0.0,0.0
0.0,0.0,0.9965267181396484,0.0,0.0,0.0,0.0,0.0,0.0,0.0
0.0,0.0,0.9966983795166016,0.0,0.0,0.0,0.0,0.0,0.0,0.0
0.7195027195027195,0.8368730230456394,0.9996557235717773,0.9989212513484358,0.7200622083981337,0.7195027195027195,0.8368730230456394,0.9989212513484358,0.7200622083981337,1.0
0.0,0.0,0.9970827102661133,0.0,0.0,0.0,0.0,0.0,0.0,0.0
0.0,0.0,0.9971303939819336,0.0,0.0,0.0,0.0,0.0,0.0,0.0
0.0,0.0,0.9978771209716797,0.0,0.0,0.0,0.0,0.0,0.0,0.0
0.0,0.0,0.9976387023925781,0.0,0.0,0.0,0.0,0.0,0.0,0.0
0.0,0.0,0.9976234436035156,0.0,0.0,0.0,0.0,0.0,0.0,0.0
0.0,0.0,0.9968299865722656,0.0,0.0,0.0,0.0,0.0,0.0,0.0
0.0,0.0,0.9967641830444336,0.0,0.0,0.0,0.0,0.0,0.0,0.0
0.0,0.0,0.9968795776367188,0.0,0.0,0.0,0.0,0.0,0.0,0.0
0.0,0.0,0.9979095458984375,0.0,0.0,0.0,0.0,0.0,0.0,0.0
0.0,0.0,0.997039794921875,0.0,0.0,0.0,0.0,0.0,0.0,0.0
0.0,0.0,0.9981861114501953,0.0,0.0,0.0,0.0,0.0,0.0,0.0
0.0,0.0,0.9969968795776367,0.0,0.0,0.0,0.0,0.0,0.0,0.0
0.0,0.0,0.9976282119750977,0.0,0.0,0.0,0.0,0.0,0.0,0.0
0.0,0.0,0.9971370697021484,0.0,0.0,0.0,0.0,0.0,0.0,0.0
0.0,0.0,0.9986934661865234,0.0,0.0,0.0,0.0,0.0,0.0,0.0
0.0,0.0,0.9960517883300781,0.0,0.0,0.0,0.0,0.0,0.0,0.0
0.0,0.0,0.9959783554077148,0.0,0.0,0.0,0.0,0.0,0.0,0.0
0.0,0.0,0.99603271484375,0.0,0.0,0.0,0.0,0.0,0.0,0.0
0.0,0.0,0.995762825012207,0.0,0.0,0.0,0.0,0.0,0.0,0.0
0.0,0.0,0.9960613250732422,0.0,0.0,0.0,0.0,0.0,0.0,0.0
0.0,0.0,0.9952945709228516,0.0,0.0,0.0,0.0,0.0,0.0,0.0
0.0,0.0,0.9958705902099609,0.0,0.0,0.0,0.0,0.0,0.0,0.0
0.0,0.0,0.9962844848632812,0.0,0.0,0.0,0.0,0.0,0.0,0.0
0.0,0.0,0.9954872131347656,0.0,0.0,0.0,0.0,0.0,0.0,0.0
0.0,0.0,0.9955987930297852,0.0,0.0,0.0,0.0,0.0,0.0,0.0
0.0,0.0,0.9954824447631836,0.0,0.0,0.0,0.0,0.0,0.0,0.0
0.0,0.0,0.9960565567016602,0.0,0.0,0.0,0.0,0.0,0.0,0.0
0.0,0.0,0.996129035949707,0.0,0.0,0.0,0.0,0.0,0.0,0.0
0.0,0.0,0.9963712692260742,0.0,0.0,0.0,0.0,0.0,0.0,0.0
0.0,0.0,0.9959716796875,0.0,0.0,0.0,0.0,0.0,0.0,0.0
0.0,0.0,0.9958734512329102,0.0,0.0,0.0,0.0,0.0,0.0,0.0
0.0,0.0,0.9963788986206055,0.0,0.0,0.0,0.0,0.0,0.0,0.0
0.0,0.0,0.9964418411254883,0.0,0.0,0.0,0.0,0.0,0.0,0.0
0.0,0.0,0.9962215423583984,0.0,0.0,0.0,0.0,0.0,0.0,0.0
0.0,0.0,0.9966945648193359,0.0,0.0,0.0,0.0,0.0,0.0,0.0
0.0,0.0,0.9962005615234375,0.0,0.0,0.0,0.0,0.0,0.0,0.0
0.0,0.0,0.996516227722168,0.0,0.0,0.0,0.0,0.0,0.0,0.0
0.0,0.0,0.9963665008544922,0.0,0.0,0.0,0.0,0.0,0.0,0.0
0.0,0.0,0.9964790344238281,0.0,0.0,0.0,0.0,0.0,0.0,0.0
0.0,0.0,0.9962444305419922,0.0,0.0,0.0,0.0,0.0,0.0,0.0
0.0,0.0,0.9961729049682617,0.0,0.0,0.0,0.0,0.0,0.0,0.0
0.0,0.0,0.9959592819213867,0.0,0.0,0.0,0.0,0.0,0.0,0.0
0.0,0.0,0.9960689544677734,0.0,0.0,0.0,0.0,0.0,0.0,0.0
0.0,0.0,0.9965372085571289,0.0,0.0,0.0,0.0,0.0,0.0,0.0
0.8876181004475385,0.940463645943098,0.9997844696044922,0.970108695652174,0.9125766871165644,0.8876181004475385,0.940463645943098,0.970108695652174,0.9125766871165644,1.0
0.0,0.0,0.9964513778686523,0.0,0.0,0.0,0.0,0.0,0.0,0.0
0.0,0.0,0.9965085983276367,0.0,0.0,0.0,0.0,0.0,0.0,0.0
0.0,0.0,0.9964914321899414,0.0,0.0,0.0,0.0,0.0,0.0,0.0
0.0,0.0,0.9962863922119141,0.0,0.0,0.0,0.0,0.0,0.0,0.0
0.0,0.0,0.9961252212524414,0.0,0.0,0.0,0.0,0.0,0.0,0.0
0.0,0.0,0.9968023300170898,0.0,0.0,0.0,0.0,0.0,0.0,0.0
0.0,0.0,0.9960756301879883,0.0,0.0,0.0,0.0,0.0,0.0,0.0
0.0,0.0,0.9965457916259766,0.0,0.0,0.0,0.0,0.0,0.0,0.0
0.0,0.0,0.9965448379516602,0.0,0.0,0.0,0.0,0.0,0.0,0.0
0.0,0.0,0.9967460632324219,0.0,0.0,0.0,0.0,0.0,0.0,0.0
0.0,0.0,0.9962577819824219,0.0,0.0,0.0,0.0,0.0,0.0,0.0
0.0,0.0,0.9966039657592773,0.0,0.0,0.0,0.0,0.0,0.0,0.0
0.0,0.0,0.996424674987793,0.0,0.0,0.0,0.0,0.0,0.0,0.0
0.0,0.0,0.9971857070922852,0.0,0.0,0.0,0.0,0.0,0.0,0.0
0.0,0.0,0.9962930679321289,0.0,0.0,0.0,0.0,0.0,0.0,0.0
0.0,0.0,0.9969205856323242,0.0,0.0,0.0,0.0,0.0,0.0,0.0
0.0,0.0,0.9967269897460938,0.0,0.0,0.0,0.0,0.0,0.0,0.0
0.0,0.0,0.9969930648803711,0.0,0.0,0.0,0.0,0.0,0.0,0.0
0.0,0.0,0.9965391159057617,0.0,0.0,0.0,0.0,0.0,0.0,0.0
0.0,0.0,0.9964447021484375,0.0,0.0,0.0,0.0,0.0,0.0,0.0
0.0,0.0,0.9960765838623047,0.0,0.0,0.0,0.0,0.0,0.0,0.0
0.0,0.0,0.9961833953857422,0.0,0.0,0.0,0.0,0.0,0.0,0.0
0.0,0.0,0.9962863922119141,0.0,0.0,0.0,0.0,0.0,0.0,0.0
0.0,0.0,0.9960622787475586,0.0,0.0,0.0,0.0,0.0,0.0,0.0
0.0,0.0,0.9963207244873047,0.0,0.0,0.0,0.0,0.0,0.0,0.0
0.0,0.0,0.9967241287231445,0.0,0.0,0.0,0.0,0.0,0.0,0.0
0.0,0.0,0.995758056640625,0.0,0.0,0.0,0.0,0.0,0.0,0.0
0.0,0.0,0.9965457916259766,0.0,0.0,0.0,0.0,0.0,0.0,0.0
0.0,0.0,0.9959506988525391,0.0,0.0,0.0,0.0,0.0,0.0,0.0
0.0,0.0,0.9961395263671875,0.0,0.0,0.0,0.0,0.0,0.0,0.0
0.0,0.0,0.9975719451904297,0.0,0.0,0.0,0.0,0.0,0.0,0.0
0.0,0.0,0.9964399337768555,0.0,0.0,0.0,0.0,0.0,0.0,0.0
0.0,0.0,0.9964084625244141,0.0,0.0,0.0,0.0,0.0,0.0,0.0
0.0,0.0,0.996342658996582,0.0,0.0,0.0,0.0,0.0,0.0,0.0
0.0,0.0,0.9970283508300781,0.0,0.0,0.0,0.0,0.0,0.0,0.0
0.0,0.0,0.9964094161987305,0.0,0.0,0.0,0.0,0.0,0.0,0.0
0.0,0.0,0.9967565536499023,0.0,0.0,0.0,0.0,0.0,0.0,0.0
0.0,0.0,0.9966506958007812,0.0,0.0,0.0,0.0,0.0,0.0,0.0
0.0,0.0,0.997222900390625,0.0,0.0,0.0,0.0,0.0,0.0,0.0
0.0,0.0,0.9966068267822266,0.0,0.0,0.0,0.0,0.0,0.0,0.0
0.0,0.0,0.996124267578125,0.0,0.0,0.0,0.0,0.0,0.0,0.0
0.0,0.0,0.9964742660522461,0.0,0.0,0.0,0.0,0.0,0.0,0.0
0.0,0.0,0.9967756271362305,0.0,0.0,0.0,0.0,0.0,0.0,0.0
0.0,0.0,0.9973068237304688,0.0,0.0,0.0,0.0,0.0,0.0,0.0
0.0,0.0,0.9958600997924805,0.0,0.0,0.0,0.0,0.0,0.0,0.0
0.0,0.0,0.9970932006835938,0.0,0.0,0.0,0.0,0.0,0.0,0.0
0.0,0.0,0.9964275360107422,0.0,0.0,0.0,0.0,0.0,0.0,0.0
0.0,0.0,0.9969854354858398,0.0,0.0,0.0,0.0,0.0,0.0,0.0
0.0,0.0,0.9972944259643555,0.0,0.0,0.0,0.0,0.0,0.0,0.0
0.0,0.0,0.9968910217285156,0.0,0.0,0.0,0.0,0.0,0.0,0.0
0.0,0.0,0.9971427917480469,0.0,0.0,0.0,0.0,0.0,0.0,0.0
0.0,0.0,0.9973001480102539,0.0,0.0,0.0,0.0,0.0,0.0,0.0
0.0,0.0,0.9972105026245117,0.0,0.0,0.0,0.0,0.0,0.0,0.0
0.0,0.0,0.997258186340332,0.0,0.0,0.0,0.0,0.0,0.0,0.0
0.0,0.0,0.9971466064453125,0.0,0.0,0.0,0.0,0.0,0.0,0.0
0.0,0.0,0.99786376953125,0.0,0.0,0.0,0.0,0.0,0.0,0.0
0.0,0.0,0.997746467590332,0.0,0.0,0.0,0.0,0.0,0.0,0.0
0.0,0.0,0.9964237213134766,0.0,0.0,0.0,0.0,0.0,0.0,0.0
0.0,0.0,0.9886808395385742,0.0,0.0,0.0,0.0,0.0,0.0,0.0
0.0,0.0,0.9969339370727539,0.0,0.0,0.0,0.0,0.0,0.0,0.0
0.0,0.0,0.9977474212646484,0.0,0.0,0.0,0.0,0.0,0.0,0.0
0.0,0.0,0.9969196319580078,0.0,0.0,0.0,0.0,0.0,0.0,0.0
0.0,0.0,0.9968605041503906,0.0,0.0,0.0,0.0,0.0,0.0,0.0
0.0,0.0,0.9973173141479492,0.0,0.0,0.0,0.0,0.0,0.0,0.0
0.0,0.0,0.9977884292602539,0.0,0.0,0.0,0.0,0.0,0.0,0.0
0.0,0.0,0.9977798461914062,0.0,0.0,0.0,0.0,0.0,0.0,0.0
0.0,0.0,0.9972114562988281,0.0,0.0,0.0,0.0,0.0,0.0,0.0
0.0,0.0,0.9971332550048828,0.0,0.0,0.0,0.0,0.0,0.0,0.0
0.0,0.0,0.998509407043457,0.0,0.0,0.0,0.0,0.0,0.0,0.0
0.0,0.0,0.9972543716430664,0.0,0.0,0.0,0.0,0.0,0.0,0.0
0.0,0.0,0.9974079132080078,0.0,0.0,0.0,0.0,0.0,0.0,0.0
0.0,0.0,0.9973344802856445,0.0,0.0,0.0,0.0,0.0,0.0,0.0
0.0,0.0,0.9972505569458008,0.0,0.0,0.0,0.0,0.0,0.0,0.0
0.0,0.0,0.9970607757568359,0.0,0.0,0.0,0.0,0.0,0.0,0.0
0.0,0.0,0.9978914260864258,0.0,0.0,0.0,0.0,0.0,0.0,0.0
0.0,0.0,0.9969806671142578,0.0,0.0,0.0,0.0,0.0,0.0,0.0
0.0,0.0,0.9975519180297852,0.0,0.0,0.0,0.0,0.0,0.0,0.0
0.0,0.0,0.9975032806396484,0.0,0.0,0.0,0.0,0.0,0.0,0.0
0.0,0.0,0.9962873458862305,0.0,0.0,0.0,0.0,0.0,0.0,0.0
0.0,0.0,0.9977521896362305,0.0,0.0,0.0,0.0,0.0,0.0,0.0
0.0,0.0,0.9981164932250977,0.0,0.0,0.0,0.0,0.0,0.0,0.0
0.0,0.0,0.9972982406616211,0.0,0.0,0.0,0.0,0.0,0.0,0.0
0.0,0.0,0.9970321655273438,0.0,0.0,0.0,0.0,0.0,0.0,0.0
0.0,0.0,0.9979181289672852,0.0,0.0,0.0,0.0,0.0,0.0,0.0
0.0,0.0,0.9975471496582031,0.0,0.0,0.0,0.0,0.0,0.0,0.0
0.0,0.0,0.9976301193237305,0.0,0.0,0.0,0.0,0.0,0.0,0.0
0.0,0.0,0.99871826171875,0.0,0.0,0.0,0.0,0.0,0.0,0.0
0.0,0.0,0.9971637725830078,0.0,0.0,0.0,0.0,0.0,0.0,0.0
0.0,0.0,0.9973964691162109,0.0,0.0,0.0,0.0,0.0,0.0,0.0
0.0,0.0,0.9985666275024414,0.0,0.0,0.0,0.0,0.0,0.0,0.0
0.0,0.0,0.9971275329589844,0.0,0.0,0.0,0.0,0.0,0.0,0.0
0.0,0.0,0.9979419708251953,0.0,0.0,0.0,0.0,0.0,0.0,0.0
0.0,0.0,0.9980611801147461,0.0,0.0,0.0,0.0,0.0,0.0,0.0
0.0,0.0,0.9976215362548828,0.0,0.0,0.0,0.0,0.0,0.0,0.0
0.0,0.0,0.9974508285522461,0.0,0.0,0.0,0.0,0.0,0.0,0.0
0.0,0.0,0.9979486465454102,0.0,0.0,0.0,0.0,0.0,0.0,0.0
0.0,0.0,0.9988536834716797,0.0,0.0,0.0,0.0,0.0,0.0,0.0
0.0,0.0,0.9985570907592773,0.0,0.0,0.0,0.0,0.0,0.0,0.0
0.0,0.0,0.9972944259643555,0.0,0.0,0.0,0.0,0.0,0.0,0.0
0.0,0.0,0.999150276184082,0.0,0.0,0.0,0.0,0.0,0.0,0.0
0.0,0.0,0.9980144500732422,0.0,0.0,0.0,0.0,0.0,0.0,0.0
0.0,0.0,0.9988021850585938,0.0,0.0,0.0,0.0,0.0,0.0,0.0
0.0,0.0,0.9991645812988281,0.0,0.0,0.0,0.0,0.0,0.0,0.0
0.0,0.0,0.9973764419555664,0.0,0.0,0.0,0.0,0.0,0.0,0.0
0.4654605263157895,0.6352413019079686,0.999690055847168,1.0,0.4654605263157895,0.4654605263157895,0.6352413019079686,1.0,0.4654605263157895,0.0
0.0,0.0,0.9977922439575195,0.0,0.0,0.0,0.0,0.0,0.0,0.0
0.0,0.0,0.9980621337890625,0.0,0.0,0.0,0.0,0.0,0.0,0.0
0.0,0.0,0.9992847442626953,0.0,0.0,0.0,0.0,0.0,0.0,0.0
0.0,0.0,0.9991321563720703,0.0,0.0,0.0,0.0,0.0,0.0,0.0
0.0,0.0,0.9992599487304688,0.0,0.0,0.0,0.0,0.0,0.0,0.0
0.0,0.0,0.998967170715332,0.0,0.0,0.0,0.0,0.0,0.0,0.0
0.0,0.0,0.9981575012207031,0.0,0.0,0.0,0.0,0.0,0.0,0.0
0.0,0.0,0.9960079193115234,0.0,0.0,0.0,0.0,0.0,0.0,0.0
0.0,0.0,0.9968414306640625,0.0,0.0,0.0,0.0,0.0,0.0,0.0
0.0,0.0,0.9967164993286133,0.0,0.0,0.0,0.0,0.0,0.0,0.0
0.0,0.0,0.9966058731079102,0.0,0.0,0.0,0.0,0.0,0.0,0.0
0.0,0.0,0.9962453842163086,0.0,0.0,0.0,0.0,0.0,0.0,0.0
0.0,0.0,0.9969625473022461,0.0,0.0,0.0,0.0,0.0,0.0,0.0
0.0,0.0,0.9968910217285156,0.0,0.0,0.0,0.0,0.0,0.0,0.0
0.0,0.0,0.9969625473022461,0.0,0.0,0.0,0.0,0.0,0.0,0.0
0.0,0.0,0.9979228973388672,0.0,0.0,0.0,0.0,0.0,0.0,0.0
0.0,0.0,0.994903564453125,0.0,0.0,0.0,0.0,0.0,0.0,0.0
0.0,0.0,0.9958877563476562,0.0,0.0,0.0,0.0,0.0,0.0,0.0
0.0,0.0,0.9958972930908203,0.0,0.0,0.0,0.0,0.0,0.0,0.0
0.0,0.0,0.9962787628173828,0.0,0.0,0.0,0.0,0.0,0.0,0.0
0.0,0.0,0.9964351654052734,0.0,0.0,0.0,0.0,0.0,0.0,0.0
0.756007393715342,0.8610526315789474,0.9994964599609375,0.7786768205616373,0.96291936433196,0.756007393715342,0.8610526315789474,0.7786768205616373,0.96291936433196,1.0
0.0,0.0,0.9960689544677734,0.0,0.0,0.0,0.0,0.0,0.0,0.0
0.0,0.0,0.9975366592407227,0.0,0.0,0.0,0.0,0.0,0.0,0.0
0.0,0.0,0.9893808364868164,0.0,0.0,0.0,0.0,0.0,0.0,0.0
0.0,0.0,0.9864339828491211,0.0,0.0,0.0,0.0,0.0,0.0,0.0
0.0,0.0,0.9919061660766602,0.0,0.0,0.0,0.0,0.0,0.0,0.0
0.0,0.0,0.9968395233154297,0.0,0.0,0.0,0.0,0.0,0.0,0.0
0.0,0.0,0.9961328506469727,0.0,0.0,0.0,0.0,0.0,0.0,0.0
0.0,0.0,0.989039421081543,0.0,0.0,0.0,0.0,0.0,0.0,0.0
0.0,0.0,0.9961614608764648,0.0,0.0,0.0,0.0,0.0,0.0,0.0
0.0,0.0,0.9959926605224609,0.0,0.0,0.0,0.0,0.0,0.0,0.0
0.0,0.0,0.996088981628418,0.0,0.0,0.0,0.0,0.0,0.0,0.0
0.0,0.0,0.9960384368896484,0.0,0.0,0.0,0.0,0.0,0.0,0.0
0.0,0.0,0.9958648681640625,0.0,0.0,0.0,0.0,0.0,0.0,0.0
0.0,0.0,0.9959945678710938,0.0,0.0,0.0,0.0,0.0,0.0,0.0
0.0,0.0,0.9980707168579102,0.0,0.0,0.0,0.0,0.0,0.0,0.0
0.0,0.0,0.9980430603027344,0.0,0.0,0.0,0.0,0.0,0.0,0.0
0.0,0.0,0.9980630874633789,0.0,0.0,0.0,0.0,0.0,0.0,0.0
0.9016829052258636,0.9482999534233815,0.9998941421508789,0.991236611489776,0.9089285714285714,0.9016829052258636,0.9482999534233815,0.991236611489776,0.9089285714285714,1.0
0.0,0.0,0.9981546401977539,0.0,0.0,0.0,0.0,0.0,0.0,0.0
0.0,0.0,0.9977350234985352,0.0,0.0,0.0,0.0,0.0,0.0,0.0
0.0,0.0,0.993037223815918,0.0,0.0,0.0,0.0,0.0,0.0,0.0
0.0,0.0,0.9959840774536133,0.0,0.0,0.0,0.0,0.0,0.0,0.0
0.0,0.0,0.998072624206543,0.0,0.0,0.0,0.0,0.0,0.0,0.0
0.0,0.0,0.9979715347290039,0.0,0.0,0.0,0.0,0.0,0.0,0.0
0.0,0.0,0.9980401992797852,0.0,0.0,0.0,0.0,0.0,0.0,0.0
0.0,0.0,0.9978113174438477,0.0,0.0,0.0,0.0,0.0,0.0,0.0
0.0,0.0,0.9979867935180664,0.0,0.0,0.0,0.0,0.0,0.0,0.0
0.0,0.0,0.9980602264404297,0.0,0.0,0.0,0.0,0.0,0.0,0.0
0.0,0.0,0.9981670379638672,0.0,0.0,0.0,0.0,0.0,0.0,0.0
0.0,0.0,0.9980249404907227,0.0,0.0,0.0,0.0,0.0,0.0,0.0
0.0,0.0,0.9976444244384766,0.0,0.0,0.0,0.0,0.0,0.0,0.0
0.0,0.0,0.9981975555419922,0.0,0.0,0.0,0.0,0.0,0.0,0.0
0.0,0.0,0.9980134963989258,0.0,0.0,0.0,0.0,0.0,0.0,0.0
0.0,0.0,0.9980545043945312,0.0,0.0,0.0,0.0,0.0,0.0,0.0
0.0,0.0,0.9980306625366211,0.0,0.0,0.0,0.0,0.0,0.0,0.0
0.0,0.0,0.9980173110961914,0.0,0.0,0.0,0.0,0.0,0.0,0.0
0.0,0.0,0.9985246658325195,0.0,0.0,0.0,0.0,0.0,0.0,0.0
0.0,0.0,0.99847412109375,0.0,0.0,0.0,0.0,0.0,0.0,0.0
0.0,0.0,0.9979829788208008,0.0,0.0,0.0,0.0,0.0,0.0,0.0
0.0,0.0,0.9982624053955078,0.0,0.0,0.0,0.0,0.0,0.0,0.0
0.8102803997010546,0.8951987767584098,0.9934635162353516,0.943194999355587,0.8518507740658829,0.8102803997010546,0.8951987767584098,0.943194999355587,0.8518507740658829,1.0
0.0,0.0,0.9658346176147461,0.0,0.0,0.0,0.0,0.0,0.0,0.0
0.0,0.0,0.9921483993530273,0.0,0.0,0.0,0.0,0.0,0.0,0.0
0.0,0.0,0.994868278503418,0.0,0.0,0.0,0.0,0.0,0.0,0.0
0.0,0.0,0.9951953887939453,0.0,0.0,0.0,0.0,0.0,0.0,0.0
0.0,0.0,0.9952602386474609,0.0,0.0,0.0,0.0,0.0,0.0,0.0
0.0,0.0,0.9951381683349609,0.0,0.0,0.0,0.0,0.0,0.0,0.0
0.0,0.0,0.9956541061401367,0.0,0.0,0.0,0.0,0.0,0.0,0.0
0.0,0.0,0.9957408905029297,0.0,0.0,0.0,0.0,0.0,0.0,0.0
0.0,0.0,0.9952964782714844,0.0,0.0,0.0,0.0,0.0,0.0,0.0
0.0,0.0,0.9956064224243164,0.0,0.0,0.0,0.0,0.0,0.0,0.0
0.0,0.0,0.9968528747558594,0.0,0.0,0.0,0.0,0.0,0.0,0.0
0.0,0.0,0.9960727691650391,0.0,0.0,0.0,0.0,0.0,0.0,0.0
0.0,0.0,0.9952230453491211,0.0,0.0,0.0,0.0,0.0,0.0,0.0
0.0,0.0,0.9970226287841797,0.0,0.0,0.0,0.0,0.0,0.0,0.0
0.0,0.0,0.9962825775146484,0.0,0.0,0.0,0.0,0.0,0.0,0.0
0.0,0.0,0.9963188171386719,0.0,0.0,0.0,0.0,0.0,0.0,0.0
0.0,0.0,0.9966001510620117,0.0,0.0,0.0,0.0,0.0,0.0,0.0
0.0,0.0,0.9955148696899414,0.0,0.0,0.0,0.0,0.0,0.0,0.0
0.0,0.0,0.9950284957885742,0.0,0.0,0.0,0.0,0.0,0.0,0.0
0.0,0.0,0.9962978363037109,0.0,0.0,0.0,0.0,0.0,0.0,0.0
0.0,0.0,0.9960403442382812,0.0,0.0,0.0,0.0,0.0,0.0,0.0
0.0,0.0,0.9952011108398438,0.0,0.0,0.0,0.0,0.0,0.0,0.0
0.0,0.0,0.9966354370117188,0.0,0.0,0.0,0.0,0.0,0.0,0.0
0.0,0.0,0.9954242706298828,0.0,0.0,0.0,0.0,0.0,0.0,0.0
0.0,0.0,0.9962244033813477,0.0,0.0,0.0,0.0,0.0,0.0,0.0
0.0,0.0,0.9951152801513672,0.0,0.0,0.0,0.0,0.0,0.0,0.0
0.0,0.0,0.9971485137939453,0.0,0.0,0.0,0.0,0.0,0.0,0.0
0.0,0.0,0.9970521926879883,0.0,0.0,0.0,0.0,0.0,0.0,0.0
0.0,0.0,0.9977045059204102,0.0,0.0,0.0,0.0,0.0,0.0,0.0
0.0,0.0,0.9982423782348633,0.0,0.0,0.0,0.0,0.0,0.0,0.0
0.0,0.0,0.9975013732910156,0.0,0.0,0.0,0.0,0.0,0.0,0.0
0.8064139941690962,0.8928340865074241,0.9996833801269531,0.9843416370106761,0.8168930891907856,0.8064139941690962,0.8928340865074241,0.9843416370106761,0.8168930891907856,1.0
0.0,0.0,0.9983053207397461,0.0,0.0,0.0,0.0,0.0,0.0,0.0
0.0,0.0,0.9963493347167969,0.0,0.0,0.0,0.0,0.0,0.0,0.0
0.0,0.0,0.9978866577148438,0.0,0.0,0.0,0.0,0.0,0.0,0.0
0.0,0.0,0.9982070922851562,0.0,0.0,0.0,0.0,0.0,0.0,0.0
0.0,0.0,0.998225212097168,0.0,0.0,0.0,0.0,0.0,0.0,0.0
0.0,0.0,0.9975757598876953,0.0,0.0,0.0,0.0,0.0,0.0,0.0
0.0,0.0,0.9973077774047852,0.0,0.0,0.0,0.0,0.0,0.0,0.0
0.0,0.0,0.9984912872314453,0.0,0.0,0.0,0.0,0.0,0.0,0.0
0.5212148280482358,0.6852613035819143,0.997955322265625,0.6514094334356685,0.7228244038401982,0.5212148280482358,0.6852613035819143,0.6514094334356685,0.7228244038401982,1.0
0.0,0.0,0.9950227737426758,0.0,0.0,0.0,0.0,0.0,0.0,0.0
0.0,0.0,0.9943666458129883,0.0,0.0,0.0,0.0,0.0,0.0,0.0
0.0,0.0,0.9981098175048828,0.0,0.0,0.0,0.0,0.0,0.0,0.0
0.0,0.0,0.9990644454956055,0.0,0.0,0.0,0.0,0.0,0.0,0.0
0.0,0.0,0.9978742599487305,0.0,0.0,0.0,0.0,0.0,0.0,0.0
0.0,0.0,0.9995288848876953,0.0,0.0,0.0,0.0,0.0,0.0,0.0
0.0,0.0,0.9976139068603516,0.0,0.0,0.0,0.0,0.0,0.0,0.0
0.0,0.0,0.9979772567749023,0.0,0.0,0.0,0.0,0.0,0.0,0.0
0.0,0.0,0.9987993240356445,0.0,0.0,0.0,0.0,0.0,0.0,0.0
0.0,0.0,0.9982595443725586,0.0,0.0,0.0,0.0,0.0,0.0,0.0
0.0,0.0,0.9981880187988281,0.0,0.0,0.0,0.0,0.0,0.0,0.0
0.0,0.0,0.9962730407714844,0.0,0.0,0.0,0.0,0.0,0.0,0.0
0.7272727272727273,0.8421052631578947,0.9997339248657227,0.8025889967637541,0.8857142857142857,0.7272727272727273,0.8421052631578947,0.8025889967637541,0.8857142857142857,1.0
0.0,0.0,0.9973468780517578,0.0,0.0,0.0,0.0,0.0,0.0,0.0
0.0,0.0,0.9971857070922852,0.0,0.0,0.0,0.0,0.0,0.0,0.0
0.0,0.0,0.9974575042724609,0.0,0.0,0.0,0.0,0.0,0.0,0.0
0.0,0.0,0.9977664947509766,0.0,0.0,0.0,0.0,0.0,0.0,0.0
0.0,0.0,0.9985218048095703,0.0,0.0,0.0,0.0,0.0,0.0,0.0
0.0,0.0,0.9988479614257812,0.0,0.0,0.0,0.0,0.0,0.0,0.0
0.0,0.0,0.9972200393676758,0.0,0.0,0.0,0.0,0.0,0.0,0.0
0.0,0.0,0.9979991912841797,0.0,0.0,0.0,0.0,0.0,0.0,0.0
0.0,0.0,0.999079704284668,0.0,0.0,0.0,0.0,0.0,0.0,0.0
0.0,0.0,0.9968395233154297,0.0,0.0,0.0,0.0,0.0,0.0,0.0
0.0,0.0,0.9982357025146484,0.0,0.0,0.0,0.0,0.0,0.0,0.0
0.0,0.0,0.9958667755126953,0.0,0.0,0.0,0.0,0.0,0.0,0.0
0.0,0.0,0.9976873397827148,0.0,0.0,0.0,0.0,0.0,0.0,0.0
0.0,0.0,0.9989738464355469,0.0,0.0,0.0,0.0,0.0,0.0,0.0
0.0,0.0,0.9970302581787109,0.0,0.0,0.0,0.0,0.0,0.0,0.0
0.0,0.0,0.9979839324951172,0.0,0.0,0.0,0.0,0.0,0.0,0.0
0.0,0.0,0.9962129592895508,0.0,0.0,0.0,0.0,0.0,0.0,0.0
0.0,0.0,0.9987964630126953,0.0,0.0,0.0,0.0,0.0,0.0,0.0
0.8566433566433567,0.9227871939736346,0.9999608993530273,0.9386973180076629,0.9074074074074074,0.8566433566433567,0.9227871939736346,0.9386973180076629,0.9074074074074074,1.0
0.0,0.0,0.9984703063964844,0.0,0.0,0.0,0.0,0.0,0.0,0.0
0.0,0.0,0.9987926483154297,0.0,0.0,0.0,0.0,0.0,0.0,0.0
0.0,0.0,0.997380256652832,0.0,0.0,0.0,0.0,0.0,0.0,0.0
0.0,0.0,0.9995756149291992,0.0,0.0,0.0,0.0,0.0,0.0,0.0
0.0,0.0,0.9969444274902344,0.0,0.0,0.0,0.0,0.0,0.0,0.0
0.7219251336898396,0.8385093167701864,0.9999504089355469,0.9440559440559441,0.7541899441340782,0.7219251336898396,0.8385093167701864,0.9440559440559441,0.7541899441340782,1.0
0.0,0.0,0.9940967559814453,0.0,0.0,0.0,0.0,0.0,0.0,0.0
0.0,0.0,0.9915981292724609,0.0,0.0,0.0,0.0,0.0,0.0,0.0
0.0,0.0,0.9927139282226562,0.0,0.0,0.0,0.0,0.0,0.0,0.0
0.0,0.0,0.9936704635620117,0.0,0.0,0.0,0.0,0.0,0.0,0.0
0.0,0.0,0.9938554763793945,0.0,0.0,0.0,0.0,0.0,0.0,0.0
0.0,0.0,0.9937725067138672,0.0,0.0,0.0,0.0,0.0,0.0,0.0
0.0,0.0,0.9936838150024414,0.0,0.0,0.0,0.0,0.0,0.0,0.0
0.0,0.0,0.9939708709716797,0.0,0.0,0.0,0.0,0.0,0.0,0.0
0.8022908366533864,0.8903011881735285,0.9992427825927734,0.9443141852286049,0.8421327757449033,0.8022908366533864,0.8903011881735285,0.9443141852286049,0.8421327757449033,1.0
0.0,0.0,0.9937343597412109,0.0,0.0,0.0,0.0,0.0,0.0,0.0
0.0,0.0,0.9925432205200195,0.0,0.0,0.0,0.0,0.0,0.0,0.0
0.0,0.0,0.9934768676757812,0.0,0.0,0.0,0.0,0.0,0.0,0.0
0.0,0.0,0.9938573837280273,0.0,0.0,0.0,0.0,0.0,0.0,0.0
0.0,0.0,0.9936304092407227,0.0,0.0,0.0,0.0,0.0,0.0,0.0
0.0,0.0,0.9936294555664062,0.0,0.0,0.0,0.0,0.0,0.0,0.0
0.0,0.0,0.9937248229980469,0.0,0.0,0.0,0.0,0.0,0.0,0.0
0.0,0.0,0.9924526214599609,0.0,0.0,0.0,0.0,0.0,0.0,0.0
0.0,0.0,0.9952468872070312,0.0,0.0,0.0,0.0,0.0,0.0,0.0
0.0,0.0,0.9940290451049805,0.0,0.0,0.0,0.0,0.0,0.0,0.0
0.0,0.0,0.9950923919677734,0.0,0.0,0.0,0.0,0.0,0.0,0.0
0.0,0.0,0.9951095581054688,0.0,0.0,0.0,0.0,0.0,0.0,0.0
0.0,0.0,0.9950428009033203,0.0,0.0,0.0,0.0,0.0,0.0,0.0
0.0,0.0,0.9926080703735352,0.0,0.0,0.0,0.0,0.0,0.0,0.0
0.0,0.0,0.992466926574707,0.0,0.0,0.0,0.0,0.0,0.0,0.0
0.0,0.0,0.9945526123046875,0.0,0.0,0.0,0.0,0.0,0.0,0.0
0.9293937068303914,0.9634049323786794,0.9999122619628906,0.9719101123595506,0.9550473186119873,0.9293937068303914,0.9634049323786794,0.9719101123595506,0.9550473186119873,1.0
0.0,0.0,0.9927473068237305,0.0,0.0,0.0,0.0,0.0,0.0,0.0
0.0,0.0,0.9969110488891602,0.0,0.0,0.0,0.0,0.0,0.0,0.0
0.0,0.0,0.9964752197265625,0.0,0.0,0.0,0.0,0.0,0.0,0.0
0.0,0.0,0.9931650161743164,0.0,0.0,0.0,0.0,0.0,0.0,0.0
0.0,0.0,0.9967555999755859,0.0,0.0,0.0,0.0,0.0,0.0,0.0
0.0,0.0,0.9969844818115234,0.0,0.0,0.0,0.0,0.0,0.0,0.0
0.0,0.0,0.9966754913330078,0.0,0.0,0.0,0.0,0.0,0.0,0.0
0.0,0.0,0.9967260360717773,0.0,0.0,0.0,0.0,0.0,0.0,0.0
0.0,0.0,0.996678352355957,0.0,0.0,0.0,0.0,0.0,0.0,0.0
0.0,0.0,0.997105598449707,0.0,0.0,0.0,0.0,0.0,0.0,0.0
0.0,0.0,0.9965381622314453,0.0,0.0,0.0,0.0,0.0,0.0,0.0
0.0,0.0,0.9969234466552734,0.0,0.0,0.0,0.0,0.0,0.0,0.0
0.0,0.0,0.9964971542358398,0.0,0.0,0.0,0.0,0.0,0.0,0.0
0.0,0.0,0.9970121383666992,0.0,0.0,0.0,0.0,0.0,0.0,0.0
0.0,0.0,0.9968376159667969,0.0,0.0,0.0,0.0,0.0,0.0,0.0
0.0,0.0,0.9965667724609375,0.0,0.0,0.0,0.0,0.0,0.0,0.0
0.0,0.0,0.9969358444213867,0.0,0.0,0.0,0.0,0.0,0.0,0.0
0.0,0.0,0.995793342590332,0.0,0.0,0.0,0.0,0.0,0.0,0.0
0.0,0.0,0.9972209930419922,0.0,0.0,0.0,0.0,0.0,0.0,0.0
0.0,0.0,0.9969978332519531,0.0,0.0,0.0,0.0,0.0,0.0,0.0
0.0,0.0,0.996790885925293,0.0,0.0,0.0,0.0,0.0,0.0,0.0
0.0,0.0,0.9967985153198242,0.0,0.0,0.0,0.0,0.0,0.0,0.0
0.0,0.0,0.9968938827514648,0.0,0.0,0.0,0.0,0.0,0.0,0.0
0.0,0.0,0.9970979690551758,0.0,0.0,0.0,0.0,0.0,0.0,0.0
0.0,0.0,0.9964399337768555,0.0,0.0,0.0,0.0,0.0,0.0,0.0
0.0,0.0,0.9968252182006836,0.0,0.0,0.0,0.0,0.0,0.0,0.0
0.0,0.0,0.9966697692871094,0.0,0.0,0.0,0.0,0.0,0.0,0.0
0.0,0.0,0.9968433380126953,0.0,0.0,0.0,0.0,0.0,0.0,0.0
0.0,0.0,0.996699333190918,0.0,0.0,0.0,0.0,0.0,0.0,0.0
0.0,0.0,0.9986371994018555,0.0,0.0,0.0,0.0,0.0,0.0,0.0
0.0,0.0,0.9966211318969727,0.0,0.0,0.0,0.0,0.0,0.0,0.0
0.0,0.0,0.9967555999755859,0.0,0.0,0.0,0.0,0.0,0.0,0.0
0.0,0.0,0.9984903335571289,0.0,0.0,0.0,0.0,0.0,0.0,0.0
0.0,0.0,0.9967622756958008,0.0,0.0,0.0,0.0,0.0,0.0,0.0
0.0,0.0,0.996739387512207,0.0,0.0,0.0,0.0,0.0,0.0,0.0
0.0,0.0,0.9982528686523438,0.0,0.0,0.0,0.0,0.0,0.0,0.0
0.0,0.0,0.9982872009277344,0.0,0.0,0.0,0.0,0.0,0.0,0.0
0.0,0.0,0.9979743957519531,0.0,0.0,0.0,0.0,0.0,0.0,0.0
0.0,0.0,0.9984903335571289,0.0,0.0,0.0,0.0,0.0,0.0,0.0
0.0,0.0,0.9983625411987305,0.0,0.0,0.0,0.0,0.0,0.0,0.0
0.0,0.0,0.9984006881713867,0.0,0.0,0.0,0.0,0.0,0.0,0.0
0.0,0.0,0.9968252182006836,0.0,0.0,0.0,0.0,0.0,0.0,0.0
0.0,0.0,0.998173713684082,0.0,0.0,0.0,0.0,0.0,0.0,0.0
0.0,0.0,0.9979982376098633,0.0,0.0,0.0,0.0,0.0,0.0,0.0
0.0,0.0,0.9991369247436523,0.0,0.0,0.0,0.0,0.0,0.0,0.0
0.0,0.0,0.9969816207885742,0.0,0.0,0.0,0.0,0.0,0.0,0.0
0.0,0.0,0.9972753524780273,0.0,0.0,0.0,0.0,0.0,0.0,0.0
0.0,0.0,0.9974164962768555,0.0,0.0,0.0,0.0,0.0,0.0,0.0
0.0,0.0,0.9986591339111328,0.0,0.0,0.0,0.0,0.0,0.0,0.0
0.0,0.0,0.9985485076904297,0.0,0.0,0.0,0.0,0.0,0.0,0.0
0.8243298969072165,0.9037070524412296,0.9995937347412109,0.981827111984283,0.8371021775544388,0.8243298969072165,0.9037070524412296,0.981827111984283,0.8371021775544388,1.0
0.0,0.0,0.9969596862792969,0.0,0.0,0.0,0.0,0.0,0.0,0.0
0.0,0.0,0.9954128265380859,0.0,0.0,0.0,0.0,0.0,0.0,0.0
0.0,0.0,0.9977397918701172,0.0,0.0,0.0,0.0,0.0,0.0,0.0
0.0,0.0,0.9993457794189453,0.0,0.0,0.0,0.0,0.0,0.0,0.0
0.0,0.0,0.9990510940551758,0.0,0.0,0.0,0.0,0.0,0.0,0.0
0.0,0.0,0.9971389770507812,0.0,0.0,0.0,0.0,0.0,0.0,0.0
0.0,0.0,0.9977178573608398,0.0,0.0,0.0,0.0,0.0,0.0,0.0
0.0,0.0,0.99847412109375,0.0,0.0,0.0,0.0,0.0,0.0,0.0
0.0,0.0,0.9995956420898438,0.0,0.0,0.0,0.0,0.0,0.0,0.0
0.0,0.0,0.9965991973876953,0.0,0.0,0.0,0.0,0.0,0.0,0.0
0.0,0.0,0.9976749420166016,0.0,0.0,0.0,0.0,0.0,0.0,0.0
0.0,0.0,0.9967117309570312,0.0,0.0,0.0,0.0,0.0,0.0,0.0
0.0,0.0,0.9972829818725586,0.0,0.0,0.0,0.0,0.0,0.0,0.0
0.0,0.0,0.9976825714111328,0.0,0.0,0.0,0.0,0.0,0.0,0.0
0.0,0.0,0.9968805313110352,0.0,0.0,0.0,0.0,0.0,0.0,0.0
0.0,0.0,0.9964895248413086,0.0,0.0,0.0,0.0,0.0,0.0,0.0
0.0,0.0,0.9952812194824219,0.0,0.0,0.0,0.0,0.0,0.0,0.0
0.0,0.0,0.9965581893920898,0.0,0.0,0.0,0.0,0.0,0.0,0.0
0.0,0.0,0.9966516494750977,0.0,0.0,0.0,0.0,0.0,0.0,0.0
0.0,0.0,0.9971189498901367,0.0,0.0,0.0,0.0,0.0,0.0,0.0
0.0,0.0,0.9979276657104492,0.0,0.0,0.0,0.0,0.0,0.0,0.0
0.0,0.0,0.9968671798706055,0.0,0.0,0.0,0.0,0.0,0.0,0.0
0.0,0.0,0.9987154006958008,0.0,0.0,0.0,0.0,0.0,0.0,0.0
0.0,0.0,0.996424674987793,0.0,0.0,0.0,0.0,0.0,0.0,0.0
0.0,0.0,0.9966363906860352,0.0,0.0,0.0,0.0,0.0,0.0,0.0
0.0,0.0,0.9972610473632812,0.0,0.0,0.0,0.0,0.0,0.0,0.0
0.0,0.0,0.9975261688232422,0.0,0.0,0.0,0.0,0.0,0.0,0.0
0.0,0.0,0.9972219467163086,0.0,0.0,0.0,0.0,0.0,0.0,0.0
0.0,0.0,0.9965858459472656,0.0,0.0,0.0,0.0,0.0,0.0,0.0
0.0,0.0,0.9973459243774414,0.0,0.0,0.0,0.0,0.0,0.0,0.0
0.0,0.0,0.9975528717041016,0.0,0.0,0.0,0.0,0.0,0.0,0.0
0.0,0.0,0.996760368347168,0.0,0.0,0.0,0.0,0.0,0.0,0.0
0.0,0.0,0.9979000091552734,0.0,0.0,0.0,0.0,0.0,0.0,0.0
0.0,0.0,0.9970645904541016,0.0,0.0,0.0,0.0,0.0,0.0,0.0
0.0,0.0,0.9970264434814453,0.0,0.0,0.0,0.0,0.0,0.0,0.0
0.0,0.0,0.9963645935058594,0.0,0.0,0.0,0.0,0.0,0.0,0.0
0.0,0.0,0.9980049133300781,0.0,0.0,0.0,0.0,0.0,0.0,0.0
0.0,0.0,0.9961338043212891,0.0,0.0,0.0,0.0,0.0,0.0,0.0
0.0,0.0,0.9972343444824219,0.0,0.0,0.0,0.0,0.0,0.0,0.0
0.0,0.0,0.9965801239013672,0.0,0.0,0.0,0.0,0.0,0.0,0.0
0.0,0.0,0.9982519149780273,0.0,0.0,0.0,0.0,0.0,0.0,0.0
0.0,0.0,0.9990377426147461,0.0,0.0,0.0,0.0,0.0,0.0,0.0
0.0,0.0,0.9973974227905273,0.0,0.0,0.0,0.0,0.0,0.0,0.0
0.0,0.0,0.9993085861206055,0.0,0.0,0.0,0.0,0.0,0.0,0.0
0.7359307359307359,0.8478802992518704,0.9998836517333984,0.7589285714285714,0.96045197740113,0.7359307359307359,0.8478802992518704,0.7589285714285714,0.96045197740113,1.0
0.0,0.0,0.9987611770629883,0.0,0.0,0.0,0.0,0.0,0.0,0.0
0.0,0.0,0.9996128082275391,0.0,0.0,0.0,0.0,0.0,0.0,0.0
0.0,0.0,0.9990444183349609,0.0,0.0,0.0,0.0,0.0,0.0,0.0
0.0,0.0,0.9947414398193359,0.0,0.0,0.0,0.0,0.0,0.0,0.0
0.0,0.0,0.9934272766113281,0.0,0.0,0.0,0.0,0.0,0.0,0.0
0.0,0.0,0.9955472946166992,0.0,0.0,0.0,0.0,0.0,0.0,0.0
0.0,0.0,0.9951906204223633,0.0,0.0,0.0,0.0,0.0,0.0,0.0
0.0,0.0,0.9934015274047852,0.0,0.0,0.0,0.0,0.0,0.0,0.0
0.0,0.0,0.9940662384033203,0.0,0.0,0.0,0.0,0.0,0.0,0.0
0.0,0.0,0.9938821792602539,0.0,0.0,0.0,0.0,0.0,0.0,0.0
0.0,0.0,0.9954385757446289,0.0,0.0,0.0,0.0,0.0,0.0,0.0
0.0,0.0,0.9954214096069336,0.0,0.0,0.0,0.0,0.0,0.0,0.0
0.0,0.0,0.9952335357666016,0.0,0.0,0.0,0.0,0.0,0.0,0.0
0.0,0.0,0.9944610595703125,0.0,0.0,0.0,0.0,0.0,0.0,0.0
0.0,0.0,0.9946537017822266,0.0,0.0,0.0,0.0,0.0,0.0,0.0
0.0,0.0,0.9963140487670898,0.0,0.0,0.0,0.0,0.0,0.0,0.0
0.0,0.0,0.9942131042480469,0.0,0.0,0.0,0.0,0.0,0.0,0.0
0.0,0.0,0.9943647384643555,0.0,0.0,0.0,0.0,0.0,0.0,0.0
0.0,0.0,0.9948406219482422,0.0,0.0,0.0,0.0,0.0,0.0,0.0
0.0,0.0,0.9951839447021484,0.0,0.0,0.0,0.0,0.0,0.0,0.0
0.0,0.0,0.9935693740844727,0.0,0.0,0.0,0.0,0.0,0.0,0.0
0.0,0.0,0.9955644607543945,0.0,0.0,0.0,0.0,0.0,0.0,0.0
0.0,0.0,0.9952611923217773,0.0,0.0,0.0,0.0,0.0,0.0,0.0
0.0,0.0,0.9954557418823242,0.0,0.0,0.0,0.0,0.0,0.0,0.0
0.0,0.0,0.9952583312988281,0.0,0.0,0.0,0.0,0.0,0.0,0.0
0.0,0.0,0.9945058822631836,0.0,0.0,0.0,0.0,0.0,0.0,0.0
0.0,0.0,0.9954395294189453,0.0,0.0,0.0,0.0,0.0,0.0,0.0
0.0,0.0,0.9957075119018555,0.0,0.0,0.0,0.0,0.0,0.0,0.0
0.0,0.0,0.9948291778564453,0.0,0.0,0.0,0.0,0.0,0.0,0.0
0.8858676207513417,0.9394801745399355,0.9996957778930664,0.9563538045577443,0.9231916480238628,0.8858676207513417,0.9394801745399355,0.9563538045577443,0.9231916480238628,1.0
0.0,0.0,0.9961204528808594,0.0,0.0,0.0,0.0,0.0,0.0,0.0
0.0,0.0,0.9966087341308594,0.0,0.0,0.0,0.0,0.0,0.0,0.0
0.0,0.0,0.9969730377197266,0.0,0.0,0.0,0.0,0.0,0.0,0.0
0.0,0.0,0.9959926605224609,0.0,0.0,0.0,0.0,0.0,0.0,0.0
0.0,0.0,0.9972648620605469,0.0,0.0,0.0,0.0,0.0,0.0,0.0
0.0,0.0,0.9966897964477539,0.0,0.0,0.0,0.0,0.0,0.0,0.0
0.0,0.0,0.9943752288818359,0.0,0.0,0.0,0.0,0.0,0.0,0.0
0.0,0.0,0.996525764465332,0.0,0.0,0.0,0.0,0.0,0.0,0.0
0.0,0.0,0.9964914321899414,0.0,0.0,0.0,0.0,0.0,0.0,0.0
0.0,0.0,0.9971494674682617,0.0,0.0,0.0,0.0,0.0,0.0,0.0
0.0,0.0,0.9959316253662109,0.0,0.0,0.0,0.0,0.0,0.0,0.0
0.0,0.0,0.9969968795776367,0.0,0.0,0.0,0.0,0.0,0.0,0.0
0.8420046719048631,0.9142264237952502,0.9992904663085938,0.9009316064530788,0.927919494500351,0.8420046719048631,0.9142264237952502,0.9009316064530788,0.927919494500351,1.0
0.0,0.0,0.9934301376342773,0.0,0.0,0.0,0.0,0.0,0.0,0.0
0.0,0.0,0.9953155517578125,0.0,0.0,0.0,0.0,0.0,0.0,0.0
0.0,0.0,0.9953346252441406,0.0,0.0,0.0,0.0,0.0,0.0,0.0
0.0,0.0,0.9956855773925781,0.0,0.0,0.0,0.0,0.0,0.0,0.0
0.0,0.0,0.9954185485839844,0.0,0.0,0.0,0.0,0.0,0.0,0.0
0.0,0.0,0.9968442916870117,0.0,0.0,0.0,0.0,0.0,0.0,0.0
0.0,0.0,0.9968996047973633,0.0,0.0,0.0,0.0,0.0,0.0,0.0
0.0,0.0,0.9969749450683594,0.0,0.0,0.0,0.0,0.0,0.0,0.0
0.0,0.0,0.997248649597168,0.0,0.0,0.0,0.0,0.0,0.0,0.0
0.0,0.0,0.9969234466552734,0.0,0.0,0.0,0.0,0.0,0.0,0.0
0.8806818181818182,0.9365558912386707,0.9999799728393555,0.9117647058823529,0.9627329192546584,0.8806818181818182,0.9365558912386707,0.9117647058823529,0.9627329192546584,1.0
0.0,0.0,0.9963693618774414,0.0,0.0,0.0,0.0,0.0,0.0,0.0
0.0,0.0,0.9961166381835938,0.0,0.0,0.0,0.0,0.0,0.0,0.0
0.0,0.0,0.9949579238891602,0.0,0.0,0.0,0.0,0.0,0.0,0.0
0.0,0.0,0.9953689575195312,0.0,0.0,0.0,0.0,0.0,0.0,0.0
0.0,0.0,0.9967899322509766,0.0,0.0,0.0,0.0,0.0,0.0,0.0
0.0,0.0,0.9964447021484375,0.0,0.0,0.0,0.0,0.0,0.0,0.0
0.0,0.0,0.9970874786376953,0.0,0.0,0.0,0.0,0.0,0.0,0.0
0.0,0.0,0.9983663558959961,0.0,0.0,0.0,0.0,0.0,0.0,0.0
0.0,0.0,0.9973783493041992,0.0,0.0,0.0,0.0,0.0,0.0,0.0
0.0,0.0,0.9975881576538086,0.0,0.0,0.0,0.0,0.0,0.0,0.0
0.0,0.0,0.9966669082641602,0.0,0.0,0.0,0.0,0.0,0.0,0.0
0.0,0.0,0.9990806579589844,0.0,0.0,0.0,0.0,0.0,0.0,0.0
0.0,0.0,0.9971256256103516,0.0,0.0,0.0,0.0,0.0,0.0,0.0
0.0,0.0,0.9973745346069336,0.0,0.0,0.0,0.0,0.0,0.0,0.0
0.0,0.0,0.9978628158569336,0.0,0.0,0.0,0.0,0.0,0.0,0.0
0.4831804281345566,0.6515463917525773,0.9996776580810547,0.7069351230425056,0.6042065009560229,0.4831804281345566,0.6515463917525773,0.7069351230425056,0.6042065009560229,0.0
0.0,0.0,0.9974136352539062,0.0,0.0,0.0,0.0,0.0,0.0,0.0
0.0,0.0,0.997044563293457,0.0,0.0,0.0,0.0,0.0,0.0,0.0
0.0,0.0,0.9986867904663086,0.0,0.0,0.0,0.0,0.0,0.0,0.0
0.0,0.0,0.9985179901123047,0.0,0.0,0.0,0.0,0.0,0.0,0.0
0.0,0.0,0.9980287551879883,0.0,0.0,0.0,0.0,0.0,0.0,0.0
0.0,0.0,0.9990196228027344,0.0,0.0,0.0,0.0,0.0,0.0,0.0
0.0,0.0,0.9976825714111328,0.0,0.0,0.0,0.0,0.0,0.0,0.0
0.0,0.0,0.9993934631347656,0.0,0.0,0.0,0.0,0.0,0.0,0.0
0.0,0.0,0.9982528686523438,0.0,0.0,0.0,0.0,0.0,0.0,0.0
0.0,0.0,0.9975128173828125,0.0,0.0,0.0,0.0,0.0,0.0,0.0
0.0,0.0,0.9963541030883789,0.0,0.0,0.0,0.0,0.0,0.0,0.0
0.0,0.0,0.9985666275024414,0.0,0.0,0.0,0.0,0.0,0.0,0.0
0.0,0.0,0.9994182586669922,0.0,0.0,0.0,0.0,0.0,0.0,0.0
0.0,0.0,0.9983692169189453,0.0,0.0,0.0,0.0,0.0,0.0,0.0
0.0,0.0,0.998936653137207,0.0,0.0,0.0,0.0,0.0,0.0,0.0
0.0,0.0,0.9986324310302734,0.0,0.0,0.0,0.0,0.0,0.0,0.0
0.0,0.0,0.9994277954101562,0.0,0.0,0.0,0.0,0.0,0.0,0.0
0.0,0.0,0.9989566802978516,0.0,0.0,0.0,0.0,0.0,0.0,0.0
0.0,0.0,0.9976940155029297,0.0,0.0,0.0,0.0,0.0,0.0,0.0
0.8504398826979472,0.919175911251981,0.9999513626098633,0.9602649006622517,0.8814589665653495,0.8504398826979472,0.919175911251981,0.9602649006622517,0.8814589665653495,1.0
0.0,0.0,0.9983177185058594,0.0,0.0,0.0,0.0,0.0,0.0,0.0
0.0,0.0,0.995366096496582,0.0,0.0,0.0,0.0,0.0,0.0,0.0
0.0,0.0,0.9964399337768555,0.0,0.0,0.0,0.0,0.0,0.0,0.0
0.0,0.0,0.9986534118652344,0.0,0.0,0.0,0.0,0.0,0.0,0.0
0.0,0.0,0.9964704513549805,0.0,0.0,0.0,0.0,0.0,0.0,0.0
0.0,0.0,0.9957370758056641,0.0,0.0,0.0,0.0,0.0,0.0,0.0
0.0,0.0,0.9972867965698242,0.0,0.0,0.0,0.0,0.0,0.0,0.0
0.0,0.0,0.9965047836303711,0.0,0.0,0.0,0.0,0.0,0.0,0.0
0.0,0.0,0.9950456619262695,0.0,0.0,0.0,0.0,0.0,0.0,0.0
0.0,0.0,0.9975252151489258,0.0,0.0,0.0,0.0,0.0,0.0,0.0
0.0,0.0,0.9973516464233398,0.0,0.0,0.0,0.0,0.0,0.0,0.0
0.0,0.0,0.9986991882324219,0.0,0.0,0.0,0.0,0.0,0.0,0.0
0.0,0.0,0.9983577728271484,0.0,0.0,0.0,0.0,0.0,0.0,0.0
0.0,0.0,0.999415397644043,0.0,0.0,0.0,0.0,0.0,0.0,0.0
0.0,0.0,0.9986381530761719,0.0,0.0,0.0,0.0,0.0,0.0,0.0
0.0,0.0,0.9973373413085938,0.0,0.0,0.0,0.0,0.0,0.0,0.0
0.0,0.0,0.9997463226318359,0.0,0.0,0.0,0.0,0.0,0.0,0.0
0.0,0.0,0.9922113418579102,0.0,0.0,0.0,0.0,0.0,0.0,0.0
0.0,0.0,0.9925165176391602,0.0,0.0,0.0,0.0,0.0,0.0,0.0
0.0,0.0,0.9933538436889648,0.0,0.0,0.0,0.0,0.0,0.0,0.0
0.0,0.0,0.9973430633544922,0.0,0.0,0.0,0.0,0.0,0.0,0.0
0.0,0.0,0.9942998886108398,0.0,0.0,0.0,0.0,0.0,0.0,0.0
0.0,0.0,0.9948711395263672,0.0,0.0,0.0,0.0,0.0,0.0,0.0
0.0,0.0,0.9935979843139648,0.0,0.0,0.0,0.0,0.0,0.0,0.0
0.0,0.0,0.993189811706543,0.0,0.0,0.0,0.0,0.0,0.0,0.0
0.0,0.0,0.9953479766845703,0.0,0.0,0.0,0.0,0.0,0.0,0.0
0.0,0.0,0.9926118850708008,0.0,0.0,0.0,0.0,0.0,0.0,0.0
0.0,0.0,0.997283935546875,0.0,0.0,0.0,0.0,0.0,0.0,0.0
0.0,0.0,0.9936428070068359,0.0,0.0,0.0,0.0,0.0,0.0,0.0
0.0,0.0,0.9945449829101562,0.0,0.0,0.0,0.0,0.0,0.0,0.0
0.0,0.0,0.9981584548950195,0.0,0.0,0.0,0.0,0.0,0.0,0.0
0.0,0.0,0.9948596954345703,0.0,0.0,0.0,0.0,0.0,0.0,0.0
0.0,0.0,0.9960250854492188,0.0,0.0,0.0,0.0,0.0,0.0,0.0
0.0,0.0,0.9982099533081055,0.0,0.0,0.0,0.0,0.0,0.0,0.0
0.0,0.0,0.9996328353881836,0.0,0.0,0.0,0.0,0.0,0.0,0.0
0.0,0.0,0.9995527267456055,0.0,0.0,0.0,0.0,0.0,0.0,0.0
0.0,0.0,0.9997148513793945,0.0,0.0,0.0,0.0,0.0,0.0,0.0
0.0,0.0,0.9986143112182617,0.0,0.0,0.0,0.0,0.0,0.0,0.0
0.0,0.0,0.9873228073120117,0.0,0.0,0.0,0.0,0.0,0.0,0.0
0.0,0.0,0.9949550628662109,0.0,0.0,0.0,0.0,0.0,0.0,0.0
0.0,0.0,0.9978609085083008,0.0,0.0,0.0,0.0,0.0,0.0,0.0
0.0,0.0,0.9974040985107422,0.0,0.0,0.0,0.0,0.0,0.0,0.0
0.0,0.0,0.9996614456176758,0.0,0.0,0.0,0.0,0.0,0.0,0.0
0.0,0.0,0.9988880157470703,0.0,0.0,0.0,0.0,0.0,0.0,0.0
0.0,0.0,0.9995956420898438,0.0,0.0,0.0,0.0,0.0,0.0,0.0
0.0,0.0,0.9964056015014648,0.0,0.0,0.0,0.0,0.0,0.0,0.0
0.0,0.0,0.9942789077758789,0.0,0.0,0.0,0.0,0.0,0.0,0.0
0.0,0.0,0.9910364151000977,0.0,0.0,0.0,0.0,0.0,0.0,0.0
0.0,0.0,0.9969692230224609,0.0,0.0,0.0,0.0,0.0,0.0,0.0
0.0,0.0,0.9962320327758789,0.0,0.0,0.0,0.0,0.0,0.0,0.0
0.0,0.0,0.9958028793334961,0.0,0.0,0.0,0.0,0.0,0.0,0.0
0.0,0.0,0.9968986511230469,0.0,0.0,0.0,0.0,0.0,0.0,0.0
0.0,0.0,0.9933376312255859,0.0,0.0,0.0,0.0,0.0,0.0,0.0
0.0,0.0,0.9898405075073242,0.0,0.0,0.0,0.0,0.0,0.0,0.0
0.0,0.0,0.9973087310791016,0.0,0.0,0.0,0.0,0.0,0.0,0.0
0.0,0.0,0.9966363906860352,0.0,0.0,0.0,0.0,0.0,0.0,0.0
0.0,0.0,0.9982681274414062,0.0,0.0,0.0,0.0,0.0,0.0,0.0
0.0,0.0,0.9983005523681641,0.0,0.0,0.0,0.0,0.0,0.0,0.0
0.0,0.0,0.998021125793457,0.0,0.0,0.0,0.0,0.0,0.0,0.0
0.0,0.0,0.9961166381835938,0.0,0.0,0.0,0.0,0.0,0.0,0.0
0.0,0.0,0.9972562789916992,0.0,0.0,0.0,0.0,0.0,0.0,0.0
0.0,0.0,0.9962615966796875,0.0,0.0,0.0,0.0,0.0,0.0,0.0
0.0,0.0,0.9964313507080078,0.0,0.0,0.0,0.0,0.0,0.0,0.0
0.0,0.0,0.9968280792236328,0.0,0.0,0.0,0.0,0.0,0.0,0.0
0.0,0.0,0.9970731735229492,0.0,0.0,0.0,0.0,0.0,0.0,0.0
0.0,0.0,0.9986848831176758,0.0,0.0,0.0,0.0,0.0,0.0,0.0
0.0,0.0,0.9972352981567383,0.0,0.0,0.0,0.0,0.0,0.0,0.0
0.0,0.0,0.994384765625,0.0,0.0,0.0,0.0,0.0,0.0,0.0
0.0,0.0,0.9917526245117188,0.0,0.0,0.0,0.0,0.0,0.0,0.0
0.0,0.0,0.9950485229492188,0.0,0.0,0.0,0.0,0.0,0.0,0.0
0.0,0.0,0.9971952438354492,0.0,0.0,0.0,0.0,0.0,0.0,0.0
0.0,0.0,0.9984407424926758,0.0,0.0,0.0,0.0,0.0,0.0,0.0
0.0,0.0,0.9987373352050781,0.0,0.0,0.0,0.0,0.0,0.0,0.0
0.0,0.0,0.9986944198608398,0.0,0.0,0.0,0.0,0.0,0.0,0.0
0.0,0.0,0.9970951080322266,0.0,0.0,0.0,0.0,0.0,0.0,0.0
0.0,0.0,0.9980287551879883,0.0,0.0,0.0,0.0,0.0,0.0,0.0
0.0,0.0,0.9966239929199219,0.0,0.0,0.0,0.0,0.0,0.0,0.0
0.0,0.0,0.9994430541992188,0.0,0.0,0.0,0.0,0.0,0.0,0.0
0.0,0.0,0.9979839324951172,0.0,0.0,0.0,0.0,0.0,0.0,0.0
0.0,0.0,0.997553825378418,0.0,0.0,0.0,0.0,0.0,0.0,0.0
0.0,0.0,0.9993476867675781,0.0,0.0,0.0,0.0,0.0,0.0,0.0
0.0,0.0,0.9976587295532227,0.0,0.0,0.0,0.0,0.0,0.0,0.0
0.0,0.0,0.9993104934692383,0.0,0.0,0.0,0.0,0.0,0.0,0.0
0.0,0.0,0.9994430541992188,0.0,0.0,0.0,0.0,0.0,0.0,0.0
0.0,0.0,0.9996709823608398,0.0,0.0,0.0,0.0,0.0,0.0,0.0
0.0,0.0,0.9995183944702148,0.0,0.0,0.0,0.0,0.0,0.0,0.0
0.0,0.0,0.9994983673095703,0.0,0.0,0.0,0.0,0.0,0.0,0.0
0.0,0.0,0.9902276992797852,0.0,0.0,0.0,0.0,0.0,0.0,0.0
0.0,0.0,0.9997425079345703,0.0,0.0,0.0,0.0,0.0,0.0,0.0
0.0,0.0,0.998286247253418,0.0,0.0,0.0,0.0,0.0,0.0,0.0
0.0,0.0,0.9988641738891602,0.0,0.0,0.0,0.0,0.0,0.0,0.0
0.0,0.0,0.9969482421875,0.0,0.0,0.0,0.0,0.0,0.0,0.0
0.0,0.0,0.9972267150878906,0.0,0.0,0.0,0.0,0.0,0.0,0.0
0.0,0.0,0.9969501495361328,0.0,0.0,0.0,0.0,0.0,0.0,0.0
0.0,0.0,0.9975500106811523,0.0,0.0,0.0,0.0,0.0,0.0,0.0
0.0,0.0,0.9979190826416016,0.0,0.0,0.0,0.0,0.0,0.0,0.0
0.0,0.0,0.9978628158569336,0.0,0.0,0.0,0.0,0.0,0.0,0.0
0.0,0.0,0.9961576461791992,0.0,0.0,0.0,0.0,0.0,0.0,0.0
0.0,0.0,0.9980010986328125,0.0,0.0,0.0,0.0,0.0,0.0,0.0
0.0,0.0,0.9980010986328125,0.0,0.0,0.0,0.0,0.0,0.0,0.0
0.0,0.0,0.9979076385498047,0.0,0.0,0.0,0.0,0.0,0.0,0.0
0.0,0.0,0.9965419769287109,0.0,0.0,0.0,0.0,0.0,0.0,0.0
0.0,0.0,0.9974899291992188,0.0,0.0,0.0,0.0,0.0,0.0,0.0
0.0,0.0,0.9976482391357422,0.0,0.0,0.0,0.0,0.0,0.0,0.0
0.0,0.0,0.9962253570556641,0.0,0.0,0.0,0.0,0.0,0.0,0.0
0.0,0.0,0.998173713684082,0.0,0.0,0.0,0.0,0.0,0.0,0.0
0.0,0.0,0.9978122711181641,0.0,0.0,0.0,0.0,0.0,0.0,0.0
0.0,0.0,0.997685432434082,0.0,0.0,0.0,0.0,0.0,0.0,0.0
0.0,0.0,0.9993524551391602,0.0,0.0,0.0,0.0,0.0,0.0,0.0
0.0,0.0,0.9957036972045898,0.0,0.0,0.0,0.0,0.0,0.0,0.0
0.0,0.0,0.9989299774169922,0.0,0.0,0.0,0.0,0.0,0.0,0.0
0.0,0.0,0.9993610382080078,0.0,0.0,0.0,0.0,0.0,0.0,0.0
0.0,0.0,0.9995899200439453,0.0,0.0,0.0,0.0,0.0,0.0,0.0
0.0,0.0,0.9995126724243164,0.0,0.0,0.0,0.0,0.0,0.0,0.0
0.0,0.0,0.9977617263793945,0.0,0.0,0.0,0.0,0.0,0.0,0.0
0.0,0.0,0.9985742568969727,0.0,0.0,0.0,0.0,0.0,0.0,0.0
0.0,0.0,0.9996604919433594,0.0,0.0,0.0,0.0,0.0,0.0,0.0
0.0,0.0,0.9995174407958984,0.0,0.0,0.0,0.0,0.0,0.0,0.0
0.0,0.0,0.9981012344360352,0.0,0.0,0.0,0.0,0.0,0.0,0.0
0.0,0.0,0.9963283538818359,0.0,0.0,0.0,0.0,0.0,0.0,0.0
0.0,0.0,0.9976873397827148,0.0,0.0,0.0,0.0,0.0,0.0,0.0
0.0,0.0,0.995997428894043,0.0,0.0,0.0,0.0,0.0,0.0,0.0
0.0,0.0,0.9955196380615234,0.0,0.0,0.0,0.0,0.0,0.0,0.0
0.0,0.0,0.9961881637573242,0.0,0.0,0.0,0.0,0.0,0.0,0.0
0.0,0.0,0.9978532791137695,0.0,0.0,0.0,0.0,0.0,0.0,0.0
0.0,0.0,0.9981184005737305,0.0,0.0,0.0,0.0,0.0,0.0,0.0
0.8670483460559797,0.9287904599659285,0.9998006820678711,0.8943569553805775,0.9659815733522324,0.8670483460559797,0.9287904599659285,0.8943569553805775,0.9659815733522324,1.0
0.0,0.0,0.9965925216674805,0.0,0.0,0.0,0.0,0.0,0.0,0.0
0.0,0.0,0.9938516616821289,0.0,0.0,0.0,0.0,0.0,0.0,0.0
0.0,0.0,0.9948282241821289,0.0,0.0,0.0,0.0,0.0,0.0,0.0
0.0,0.0,0.9980583190917969,0.0,0.0,0.0,0.0,0.0,0.0,0.0
0.0,0.0,0.9984149932861328,0.0,0.0,0.0,0.0,0.0,0.0,0.0
0.0,0.0,0.996983528137207,0.0,0.0,0.0,0.0,0.0,0.0,0.0
0.0,0.0,0.9982891082763672,0.0,0.0,0.0,0.0,0.0,0.0,0.0
0.0,0.0,0.9971780776977539,0.0,0.0,0.0,0.0,0.0,0.0,0.0
0.0,0.0,0.9935750961303711,0.0,0.0,0.0,0.0,0.0,0.0,0.0
0.0,0.0,0.9983453750610352,0.0,0.0,0.0,0.0,0.0,0.0,0.0
0.0,0.0,0.9983291625976562,0.0,0.0,0.0,0.0,0.0,0.0,0.0
0.0,0.0,0.9983348846435547,0.0,0.0,0.0,0.0,0.0,0.0,0.0
0.0,0.0,0.9989213943481445,0.0,0.0,0.0,0.0,0.0,0.0,0.0
0.0,0.0,0.9985542297363281,0.0,0.0,0.0,0.0,0.0,0.0,0.0
0.0,0.0,0.9992532730102539,0.0,0.0,0.0,0.0,0.0,0.0,0.0
0.0,0.0,0.9991531372070312,0.0,0.0,0.0,0.0,0.0,0.0,0.0
0.0,0.0,0.9991693496704102,0.0,0.0,0.0,0.0,0.0,0.0,0.0
0.0,0.0,0.9992170333862305,0.0,0.0,0.0,0.0,0.0,0.0,0.0
0.0,0.0,0.9990768432617188,0.0,0.0,0.0,0.0,0.0,0.0,0.0
0.0,0.0,0.9989948272705078,0.0,0.0,0.0,0.0,0.0,0.0,0.0
0.0,0.0,0.9992103576660156,0.0,0.0,0.0,0.0,0.0,0.0,0.0
0.0,0.0,0.9992504119873047,0.0,0.0,0.0,0.0,0.0,0.0,0.0
0.0,0.0,0.9991426467895508,0.0,0.0,0.0,0.0,0.0,0.0,0.0
0.0,0.0,0.9990673065185547,0.0,0.0,0.0,0.0,0.0,0.0,0.0
0.0,0.0,0.9990415573120117,0.0,0.0,0.0,0.0,0.0,0.0,0.0
0.0,0.0,0.9986534118652344,0.0,0.0,0.0,0.0,0.0,0.0,0.0
0.8266850068775791,0.9051204819277109,0.9998798370361328,0.8312586445366529,0.9933884297520661,0.8266850068775791,0.9051204819277109,0.8312586445366529,0.9933884297520661,1.0
0.0,0.0,0.9990053176879883,0.0,0.0,0.0,0.0,0.0,0.0,0.0
0.0,0.0,0.9991340637207031,0.0,0.0,0.0,0.0,0.0,0.0,0.0
0.0,0.0,0.9991159439086914,0.0,0.0,0.0,0.0,0.0,0.0,0.0
0.0,0.0,0.9989557266235352,0.0,0.0,0.0,0.0,0.0,0.0,0.0
0.0,0.0,0.9991846084594727,0.0,0.0,0.0,0.0,0.0,0.0,0.0
0.0,0.0,0.9976959228515625,0.0,0.0,0.0,0.0,0.0,0.0,0.0
0.0,0.0,0.9993400573730469,0.0,0.0,0.0,0.0,0.0,0.0,0.0
0.0,0.0,0.9991855621337891,0.0,0.0,0.0,0.0,0.0,0.0,0.0
0.6344410876132931,0.7763401109057301,0.9998846054077148,0.7368421052631579,0.8203125,0.6344410876132931,0.7763401109057301,0.7368421052631579,0.8203125,1.0
0.0,0.0,0.9973678588867188,0.0,0.0,0.0,0.0,0.0,0.0,0.0
0.0,0.0,0.9885110855102539,0.0,0.0,0.0,0.0,0.0,0.0,0.0
0.0,0.0,0.9974269866943359,0.0,0.0,0.0,0.0,0.0,0.0,0.0
0.0,0.0,0.9983015060424805,0.0,0.0,0.0,0.0,0.0,0.0,0.0
0.0,0.0,0.9971733093261719,0.0,0.0,0.0,0.0,0.0,0.0,0.0
0.0,0.0,0.9994087219238281,0.0,0.0,0.0,0.0,0.0,0.0,0.0
0.0,0.0,0.9989261627197266,0.0,0.0,0.0,0.0,0.0,0.0,0.0
0.0,0.0,0.9991302490234375,0.0,0.0,0.0,0.0,0.0,0.0,0.0
0.0,0.0,0.9990148544311523,0.0,0.0,0.0,0.0,0.0,0.0,0.0
0.0,0.0,0.9961271286010742,0.0,0.0,0.0,0.0,0.0,0.0,0.0
0.0,0.0,0.9971094131469727,0.0,0.0,0.0,0.0,0.0,0.0,0.0
0.0,0.0,0.9982786178588867,0.0,0.0,0.0,0.0,0.0,0.0,0.0
0.841246290801187,0.9137792103142627,0.9997959136962891,0.9167340339531124,0.9108433734939759,0.841246290801187,0.9137792103142627,0.9167340339531124,0.9108433734939759,1.0
0.0,0.0,0.9979400634765625,0.0,0.0,0.0,0.0,0.0,0.0,0.0
0.0,0.0,0.9969148635864258,0.0,0.0,0.0,0.0,0.0,0.0,0.0
0.0,0.0,0.9984149932861328,0.0,0.0,0.0,0.0,0.0,0.0,0.0
0.0,0.0,0.996800422668457,0.0,0.0,0.0,0.0,0.0,0.0,0.0
0.0,0.0,0.9984092712402344,0.0,0.0,0.0,0.0,0.0,0.0,0.0
0.0,0.0,0.9975929260253906,0.0,0.0,0.0,0.0,0.0,0.0,0.0
0.0,0.0,0.9963693618774414,0.0,0.0,0.0,0.0,0.0,0.0,0.0
0.0,0.0,0.995758056640625,0.0,0.0,0.0,0.0,0.0,0.0,0.0
0.0,0.0,0.9972305297851562,0.0,0.0,0.0,0.0,0.0,0.0,0.0
0.0,0.0,0.9962568283081055,0.0,0.0,0.0,0.0,0.0,0.0,0.0
0.0,0.0,0.9970579147338867,0.0,0.0,0.0,0.0,0.0,0.0,0.0
0.0,0.0,0.9972734451293945,0.0,0.0,0.0,0.0,0.0,0.0,0.0
0.0,0.0,0.9963665008544922,0.0,0.0,0.0,0.0,0.0,0.0,0.0
0.0,0.0,0.9982872009277344,0.0,0.0,0.0,0.0,0.0,0.0,0.0
0.0,0.0,0.9975147247314453,0.0,0.0,0.0,0.0,0.0,0.0,0.0
0.0,0.0,0.9981040954589844,0.0,0.0,0.0,0.0,0.0,0.0,0.0
0.0,0.0,0.9961585998535156,0.0,0.0,0.0,0.0,0.0,0.0,0.0
0.0,0.0,0.9973983764648438,0.0,0.0,0.0,0.0,0.0,0.0,0.0
0.0,0.0,0.9958610534667969,0.0,0.0,0.0,0.0,0.0,0.0,0.0
0.741106719367589,0.8513053348467651,0.9998750686645508,0.741106719367589,1.0,0.741106719367589,0.8513053348467651,0.741106719367589,1.0,1.0
0.0,0.0,0.9978876113891602,0.0,0.0,0.0,0.0,0.0,0.0,0.0
0.0,0.0,0.9973850250244141,0.0,0.0,0.0,0.0,0.0,0.0,0.0
0.0,0.0,0.9988288879394531,0.0,0.0,0.0,0.0,0.0,0.0,0.0
0.0,0.0,0.9969596862792969,0.0,0.0,0.0,0.0,0.0,0.0,0.0
0.0,0.0,0.9980392456054688,0.0,0.0,0.0,0.0,0.0,0.0,0.0
0.0,0.0,0.9980945587158203,0.0,0.0,0.0,0.0,0.0,0.0,0.0
0.0,0.0,0.9972333908081055,0.0,0.0,0.0,0.0,0.0,0.0,0.0
0.0,0.0,0.9978971481323242,0.0,0.0,0.0,0.0,0.0,0.0,0.0
0.0,0.0,0.9993009567260742,0.0,0.0,0.0,0.0,0.0,0.0,0.0
0.0,0.0,0.9993133544921875,0.0,0.0,0.0,0.0,0.0,0.0,0.0
0.0,0.0,0.9976177215576172,0.0,0.0,0.0,0.0,0.0,0.0,0.0
0.0,0.0,0.9993209838867188,0.0,0.0,0.0,0.0,0.0,0.0,0.0
0.0,0.0,0.9931459426879883,0.0,0.0,0.0,0.0,0.0,0.0,0.0
0.0,0.0,0.9959497451782227,0.0,0.0,0.0,0.0,0.0,0.0,0.0
0.0,0.0,0.9889373779296875,0.0,0.0,0.0,0.0,0.0,0.0,0.0
0.0,0.0,0.9864015579223633,0.0,0.0,0.0,0.0,0.0,0.0,0.0
0.0,0.0,0.996638298034668,0.0,0.0,0.0,0.0,0.0,0.0,0.0
0.0,0.0,0.9963178634643555,0.0,0.0,0.0,0.0,0.0,0.0,0.0
0.0,0.0,0.9930000305175781,0.0,0.0,0.0,0.0,0.0,0.0,0.0
0.0,0.0,0.9967403411865234,0.0,0.0,0.0,0.0,0.0,0.0,0.0
0.0,0.0,0.997197151184082,0.0,0.0,0.0,0.0,0.0,0.0,0.0
0.0,0.0,0.9952077865600586,0.0,0.0,0.0,0.0,0.0,0.0,0.0
0.0,0.0,0.9966678619384766,0.0,0.0,0.0,0.0,0.0,0.0,0.0
0.0,0.0,0.9969463348388672,0.0,0.0,0.0,0.0,0.0,0.0,0.0
0.0,0.0,0.9970865249633789,0.0,0.0,0.0,0.0,0.0,0.0,0.0
0.0,0.0,0.9973611831665039,0.0,0.0,0.0,0.0,0.0,0.0,0.0
0.0,0.0,0.9957847595214844,0.0,0.0,0.0,0.0,0.0,0.0,0.0
0.0,0.0,0.9959344863891602,0.0,0.0,0.0,0.0,0.0,0.0,0.0
0.0,0.0,0.9963541030883789,0.0,0.0,0.0,0.0,0.0,0.0,0.0
0.0,0.0,0.9980936050415039,0.0,0.0,0.0,0.0,0.0,0.0,0.0
0.0,0.0,0.9973592758178711,0.0,0.0,0.0,0.0,0.0,0.0,0.0
0.0,0.0,0.9965782165527344,0.0,0.0,0.0,0.0,0.0,0.0,0.0
0.0,0.0,0.9967212677001953,0.0,0.0,0.0,0.0,0.0,0.0,0.0
0.0,0.0,0.9970159530639648,0.0,0.0,0.0,0.0,0.0,0.0,0.0
0.0,0.0,0.9958429336547852,0.0,0.0,0.0,0.0,0.0,0.0,0.0
0.0,0.0,0.9975147247314453,0.0,0.0,0.0,0.0,0.0,0.0,0.0
0.0,0.0,0.9947118759155273,0.0,0.0,0.0,0.0,0.0,0.0,0.0
0.0,0.0,0.996556282043457,0.0,0.0,0.0,0.0,0.0,0.0,0.0
0.0,0.0,0.9952945709228516,0.0,0.0,0.0,0.0,0.0,0.0,0.0
0.0,0.0,0.9957122802734375,0.0,0.0,0.0,0.0,0.0,0.0,0.0
0.0,0.0,0.9974536895751953,0.0,0.0,0.0,0.0,0.0,0.0,0.0
0.0,0.0,0.99652099609375,0.0,0.0,0.0,0.0,0.0,0.0,0.0
0.0,0.0,0.9963283538818359,0.0,0.0,0.0,0.0,0.0,0.0,0.0
0.0,0.0,0.9975357055664062,0.0,0.0,0.0,0.0,0.0,0.0,0.0
0.0,0.0,0.9969034194946289,0.0,0.0,0.0,0.0,0.0,0.0,0.0
0.0,0.0,0.9975690841674805,0.0,0.0,0.0,0.0,0.0,0.0,0.0
0.0,0.0,0.9985675811767578,0.0,0.0,0.0,0.0,0.0,0.0,0.0
0.0,0.0,0.99786376953125,0.0,0.0,0.0,0.0,0.0,0.0,0.0
0.0,0.0,0.9987401962280273,0.0,0.0,0.0,0.0,0.0,0.0,0.0
0.0,0.0,0.9992599487304688,0.0,0.0,0.0,0.0,0.0,0.0,0.0
0.0,0.0,0.996917724609375,0.0,0.0,0.0,0.0,0.0,0.0,0.0
0.0,0.0,0.9979476928710938,0.0,0.0,0.0,0.0,0.0,0.0,0.0
0.0,0.0,0.9990453720092773,0.0,0.0,0.0,0.0,0.0,0.0,0.0
0.0,0.0,0.9986371994018555,0.0,0.0,0.0,0.0,0.0,0.0,0.0
0.0,0.0,0.9991607666015625,0.0,0.0,0.0,0.0,0.0,0.0,0.0
0.0,0.0,0.999298095703125,0.0,0.0,0.0,0.0,0.0,0.0,0.0
0.0,0.0,0.9961328506469727,0.0,0.0,0.0,0.0,0.0,0.0,0.0
0.0,0.0,0.9980936050415039,0.0,0.0,0.0,0.0,0.0,0.0,0.0
0.0,0.0,0.998408317565918,0.0,0.0,0.0,0.0,0.0,0.0,0.0
0.0,0.0,0.9981517791748047,0.0,0.0,0.0,0.0,0.0,0.0,0.0
0.7595628415300546,0.8633540372670807,0.9999160766601562,0.9144736842105263,0.8176470588235294,0.7595628415300546,0.8633540372670807,0.9144736842105263,0.8176470588235294,1.0
0.0,0.0,0.9990749359130859,0.0,0.0,0.0,0.0,0.0,0.0,0.0
0.0,0.0,0.9992332458496094,0.0,0.0,0.0,0.0,0.0,0.0,0.0
0.0,0.0,0.9966182708740234,0.0,0.0,0.0,0.0,0.0,0.0,0.0
0.0,0.0,0.9968729019165039,0.0,0.0,0.0,0.0,0.0,0.0,0.0
0.0,0.0,0.9969301223754883,0.0,0.0,0.0,0.0,0.0,0.0,0.0
0.0,0.0,0.9969663619995117,0.0,0.0,0.0,0.0,0.0,0.0,0.0
0.0,0.0,0.9950494766235352,0.0,0.0,0.0,0.0,0.0,0.0,0.0
0.0,0.0,0.9970550537109375,0.0,0.0,0.0,0.0,0.0,0.0,0.0
0.0,0.0,0.9971513748168945,0.0,0.0,0.0,0.0,0.0,0.0,0.0
0.0,0.0,0.9970884323120117,0.0,0.0,0.0,0.0,0.0,0.0,0.0
0.0,0.0,0.9925622940063477,0.0,0.0,0.0,0.0,0.0,0.0,0.0
0.0,0.0,0.9972925186157227,0.0,0.0,0.0,0.0,0.0,0.0,0.0
0.0,0.0,0.9959774017333984,0.0,0.0,0.0,0.0,0.0,0.0,0.0
0.0,0.0,0.9959211349487305,0.0,0.0,0.0,0.0,0.0,0.0,0.0
0.0,0.0,0.9951629638671875,0.0,0.0,0.0,0.0,0.0,0.0,0.0
0.0,0.0,0.9973039627075195,0.0,0.0,0.0,0.0,0.0,0.0,0.0
0.6474245115452931,0.7859838274932615,0.9996213912963867,0.7967213114754098,0.7755319148936171,0.6474245115452931,0.7859838274932615,0.7967213114754098,0.7755319148936171,1.0
0.0,0.0,0.9986286163330078,0.0,0.0,0.0,0.0,0.0,0.0,0.0
0.0,0.0,0.9985532760620117,0.0,0.0,0.0,0.0,0.0,0.0,0.0
0.0,0.0,0.998469352722168,0.0,0.0,0.0,0.0,0.0,0.0,0.0
0.0,0.0,0.9938955307006836,0.0,0.0,0.0,0.0,0.0,0.0,0.0
0.0,0.0,0.9955835342407227,0.0,0.0,0.0,0.0,0.0,0.0,0.0
0.0,0.0,0.9938144683837891,0.0,0.0,0.0,0.0,0.0,0.0,0.0
0.0,0.0,0.9921131134033203,0.0,0.0,0.0,0.0,0.0,0.0,0.0
0.0,0.0,0.9955062866210938,0.0,0.0,0.0,0.0,0.0,0.0,0.0
0.0,0.0,0.9953927993774414,0.0,0.0,0.0,0.0,0.0,0.0,0.0
0.0,0.0,0.9943561553955078,0.0,0.0,0.0,0.0,0.0,0.0,0.0
0.0,0.0,0.9940576553344727,0.0,0.0,0.0,0.0,0.0,0.0,0.0
0.0,0.0,0.9947280883789062,0.0,0.0,0.0,0.0,0.0,0.0,0.0
0.0,0.0,0.9933948516845703,0.0,0.0,0.0,0.0,0.0,0.0,0.0
0.0,0.0,0.993342399597168,0.0,0.0,0.0,0.0,0.0,0.0,0.0
0.0,0.0,0.993617057800293,0.0,0.0,0.0,0.0,0.0,0.0,0.0
0.8575107296137339,0.9232902033271719,0.9995250701904297,0.9098360655737705,0.9371482176360225,0.8575107296137339,0.9232902033271719,0.9098360655737705,0.9371482176360225,1.0
0.0,0.0,0.9956941604614258,0.0,0.0,0.0,0.0,0.0,0.0,0.0
0.0,0.0,0.9951486587524414,0.0,0.0,0.0,0.0,0.0,0.0,0.0
0.0,0.0,0.9962196350097656,0.0,0.0,0.0,0.0,0.0,0.0,0.0
0.0,0.0,0.9973964691162109,0.0,0.0,0.0,0.0,0.0,0.0,0.0
0.0,0.0,0.9940462112426758,0.0,0.0,0.0,0.0,0.0,0.0,0.0
0.0,0.0,0.9971637725830078,0.0,0.0,0.0,0.0,0.0,0.0,0.0
0.0,0.0,0.9967889785766602,0.0,0.0,0.0,0.0,0.0,0.0,0.0
0.0,0.0,0.9971590042114258,0.0,0.0,0.0,0.0,0.0,0.0,0.0
0.0,0.0,0.9963798522949219,0.0,0.0,0.0,0.0,0.0,0.0,0.0
0.0,0.0,0.9970617294311523,0.0,0.0,0.0,0.0,0.0,0.0,0.0
0.0,0.0,0.9969186782836914,0.0,0.0,0.0,0.0,0.0,0.0,0.0
0.0,0.0,0.9972743988037109,0.0,0.0,0.0,0.0,0.0,0.0,0.0
0.0,0.0,0.9970788955688477,0.0,0.0,0.0,0.0,0.0,0.0,0.0
0.0,0.0,0.9958438873291016,0.0,0.0,0.0,0.0,0.0,0.0,0.0
0.0,0.0,0.9977245330810547,0.0,0.0,0.0,0.0,0.0,0.0,0.0
0.0,0.0,0.9967126846313477,0.0,0.0,0.0,0.0,0.0,0.0,0.0
0.0,0.0,0.9966754913330078,0.0,0.0,0.0,0.0,0.0,0.0,0.0
0.0,0.0,0.9977245330810547,0.0,0.0,0.0,0.0,0.0,0.0,0.0
0.0,0.0,0.9986085891723633,0.0,0.0,0.0,0.0,0.0,0.0,0.0
0.0,0.0,0.9986181259155273,0.0,0.0,0.0,0.0,0.0,0.0,0.0
0.0,0.0,0.997248649597168,0.0,0.0,0.0,0.0,0.0,0.0,0.0
0.8387533875338753,0.9123065585851142,0.9998865127563477,0.8479452054794521,0.9872408293460925,0.8387533875338753,0.9123065585851142,0.8479452054794521,0.9872408293460925,1.0
0.0,0.0,0.9991664886474609,0.0,0.0,0.0,0.0,0.0,0.0,0.0
0.0,0.0,0.9951047897338867,0.0,0.0,0.0,0.0,0.0,0.0,0.0
0.0,0.0,0.99139404296875,0.0,0.0,0.0,0.0,0.0,0.0,0.0
0.0,0.0,0.9991493225097656,0.0,0.0,0.0,0.0,0.0,0.0,0.0
0.0,0.0,0.9968090057373047,0.0,0.0,0.0,0.0,0.0,0.0,0.0
0.0,0.0,0.9955501556396484,0.0,0.0,0.0,0.0,0.0,0.0,0.0
0.751953125,0.8584169453734671,0.9998788833618164,0.9506172839506173,0.782520325203252,0.751953125,0.8584169453734671,0.9506172839506173,0.782520325203252,1.0
0.0,0.0,0.9993247985839844,0.0,0.0,0.0,0.0,0.0,0.0,0.0
0.0,0.0,0.9992027282714844,0.0,0.0,0.0,0.0,0.0,0.0,0.0
0.0,0.0,0.9993419647216797,0.0,0.0,0.0,0.0,0.0,0.0,0.0
0.0,0.0,0.9992618560791016,0.0,0.0,0.0,0.0,0.0,0.0,0.0
0.0,0.0,0.9991292953491211,0.0,0.0,0.0,0.0,0.0,0.0,0.0
0.0,0.0,0.9992837905883789,0.0,0.0,0.0,0.0,0.0,0.0,0.0
0.0,0.0,0.9992895126342773,0.0,0.0,0.0,0.0,0.0,0.0,0.0
0.0,0.0,0.9993419647216797,0.0,0.0,0.0,0.0,0.0,0.0,0.0
0.0,0.0,0.9992656707763672,0.0,0.0,0.0,0.0,0.0,0.0,0.0
0.0,0.0,0.9983949661254883,0.0,0.0,0.0,0.0,0.0,0.0,0.0
0.0,0.0,0.9983720779418945,0.0,0.0,0.0,0.0,0.0,0.0,0.0
0.0,0.0,0.9973649978637695,0.0,0.0,0.0,0.0,0.0,0.0,0.0
0.0,0.0,0.9982481002807617,0.0,0.0,0.0,0.0,0.0,0.0,0.0
0.0,0.0,0.9974117279052734,0.0,0.0,0.0,0.0,0.0,0.0,0.0
0.0,0.0,0.9976024627685547,0.0,0.0,0.0,0.0,0.0,0.0,0.0
0.0,0.0,0.9969682693481445,0.0,0.0,0.0,0.0,0.0,0.0,0.0
0.0,0.0,0.9983749389648438,0.0,0.0,0.0,0.0,0.0,0.0,0.0
0.0,0.0,0.9973764419555664,0.0,0.0,0.0,0.0,0.0,0.0,0.0
0.0,0.0,0.996307373046875,0.0,0.0,0.0,0.0,0.0,0.0,0.0
0.0,0.0,0.9974212646484375,0.0,0.0,0.0,0.0,0.0,0.0,0.0
0.0,0.0,0.9835596084594727,0.0,0.0,0.0,0.0,0.0,0.0,0.0
0.0,0.0,0.9991550445556641,0.0,0.0,0.0,0.0,0.0,0.0,0.0
0.0,0.0,0.9984827041625977,0.0,0.0,0.0,0.0,0.0,0.0,0.0
0.0,0.0,0.9978818893432617,0.0,0.0,0.0,0.0,0.0,0.0,0.0
0.0,0.0,0.9992313385009766,0.0,0.0,0.0,0.0,0.0,0.0,0.0
0.0,0.0,0.9993534088134766,0.0,0.0,0.0,0.0,0.0,0.0,0.0
0.0,0.0,0.9994535446166992,0.0,0.0,0.0,0.0,0.0,0.0,0.0
0.0,0.0,0.9974365234375,0.0,0.0,0.0,0.0,0.0,0.0,0.0
0.0,0.0,0.9999170303344727,0.0,0.0,0.0,0.0,0.0,0.0,0.0
0.0,0.0,0.99932861328125,0.0,0.0,0.0,0.0,0.0,0.0,0.0
0.8562691131498471,0.9225700164744646,0.9998655319213867,0.9051724137931034,0.9406494960806271,0.8562691131498471,0.9225700164744646,0.9051724137931034,0.9406494960806271,1.0
0.0,0.0,0.9989566802978516,0.0,0.0,0.0,0.0,0.0,0.0,0.0
0.0,0.0,0.9932384490966797,0.0,0.0,0.0,0.0,0.0,0.0,0.0
0.0,0.0,0.9935684204101562,0.0,0.0,0.0,0.0,0.0,0.0,0.0
0.0,0.0,0.9938449859619141,0.0,0.0,0.0,0.0,0.0,0.0,0.0
0.0,0.0,0.9962902069091797,0.0,0.0,0.0,0.0,0.0,0.0,0.0
0.0,0.0,0.9965410232543945,0.0,0.0,0.0,0.0,0.0,0.0,0.0
0.0,0.0,0.9972496032714844,0.0,0.0,0.0,0.0,0.0,0.0,0.0
0.0,0.0,0.997776985168457,0.0,0.0,0.0,0.0,0.0,0.0,0.0
0.0,0.0,0.9938898086547852,0.0,0.0,0.0,0.0,0.0,0.0,0.0
0.0,0.0,0.9964103698730469,0.0,0.0,0.0,0.0,0.0,0.0,0.0
0.0,0.0,0.9970855712890625,0.0,0.0,0.0,0.0,0.0,0.0,0.0
0.0,0.0,0.9969663619995117,0.0,0.0,0.0,0.0,0.0,0.0,0.0
0.0,0.0,0.9979133605957031,0.0,0.0,0.0,0.0,0.0,0.0,0.0
0.0,0.0,0.9941511154174805,0.0,0.0,0.0,0.0,0.0,0.0,0.0
0.0,0.0,0.9973669052124023,0.0,0.0,0.0,0.0,0.0,0.0,0.0
0.0,0.0,0.9971895217895508,0.0,0.0,0.0,0.0,0.0,0.0,0.0
0.0,0.0,0.9965000152587891,0.0,0.0,0.0,0.0,0.0,0.0,0.0
0.0,0.0,0.9985418319702148,0.0,0.0,0.0,0.0,0.0,0.0,0.0
0.0,0.0,0.9979772567749023,0.0,0.0,0.0,0.0,0.0,0.0,0.0
0.0,0.0,0.9956245422363281,0.0,0.0,0.0,0.0,0.0,0.0,0.0
0.0,0.0,0.9989290237426758,0.0,0.0,0.0,0.0,0.0,0.0,0.0
0.0,0.0,0.9978713989257812,0.0,0.0,0.0,0.0,0.0,0.0,0.0
0.0,0.0,0.996302604675293,0.0,0.0,0.0,0.0,0.0,0.0,0.0
0.8519685039370078,0.9200680272108843,0.9999103546142578,0.9712746858168761,0.8739903069466882,0.8519685039370078,0.9200680272108843,0.9712746858168761,0.8739903069466882,1.0
0.0,0.0,0.9974174499511719,0.0,0.0,0.0,0.0,0.0,0.0,0.0
0.0,0.0,0.9989156723022461,0.0,0.0,0.0,0.0,0.0,0.0,0.0
0.0,0.0,0.998809814453125,0.0,0.0,0.0,0.0,0.0,0.0,0.0
0.0,0.0,0.9986886978149414,0.0,0.0,0.0,0.0,0.0,0.0,0.0
0.0,0.0,0.9987783432006836,0.0,0.0,0.0,0.0,0.0,0.0,0.0
0.0,0.0,0.9986944198608398,0.0,0.0,0.0,0.0,0.0,0.0,0.0
0.0,0.0,0.9987821578979492,0.0,0.0,0.0,0.0,0.0,0.0,0.0
0.0,0.0,0.9989442825317383,0.0,0.0,0.0,0.0,0.0,0.0,0.0
0.0,0.0,0.9989290237426758,0.0,0.0,0.0,0.0,0.0,0.0,0.0
0.0,0.0,0.9990997314453125,0.0,0.0,0.0,0.0,0.0,0.0,0.0
0.0,0.0,0.9934730529785156,0.0,0.0,0.0,0.0,0.0,0.0,0.0
0.0,0.0,0.9814615249633789,0.0,0.0,0.0,0.0,0.0,0.0,0.0
0.8908045977011494,0.9422492401215805,0.9997463226318359,0.970917225950783,0.9152256431885281,0.8908045977011494,0.9422492401215805,0.970917225950783,0.9152256431885281,1.0
0.0,0.0,0.9943361282348633,0.0,0.0,0.0,0.0,0.0,0.0,0.0
0.0,0.0,0.9947986602783203,0.0,0.0,0.0,0.0,0.0,0.0,0.0
0.0,0.0,0.9958877563476562,0.0,0.0,0.0,0.0,0.0,0.0,0.0
0.0,0.0,0.9931230545043945,0.0,0.0,0.0,0.0,0.0,0.0,0.0
0.0,0.0,0.9942722320556641,0.0,0.0,0.0,0.0,0.0,0.0,0.0
0.0,0.0,0.9949922561645508,0.0,0.0,0.0,0.0,0.0,0.0,0.0
0.0,0.0,0.9957447052001953,0.0,0.0,0.0,0.0,0.0,0.0,0.0
0.0,0.0,0.9931297302246094,0.0,0.0,0.0,0.0,0.0,0.0,0.0
0.0,0.0,0.9953756332397461,0.0,0.0,0.0,0.0,0.0,0.0,0.0
0.0,0.0,0.9950799942016602,0.0,0.0,0.0,0.0,0.0,0.0,0.0
0.0,0.0,0.9954891204833984,0.0,0.0,0.0,0.0,0.0,0.0,0.0
0.0,0.0,0.9892892837524414,0.0,0.0,0.0,0.0,0.0,0.0,0.0
0.0,0.0,0.9964923858642578,0.0,0.0,0.0,0.0,0.0,0.0,0.0
0.0,0.0,0.9957504272460938,0.0,0.0,0.0,0.0,0.0,0.0,0.0
0.0,0.0,0.9973516464233398,0.0,0.0,0.0,0.0,0.0,0.0,0.0
0.0,0.0,0.9972114562988281,0.0,0.0,0.0,0.0,0.0,0.0,0.0
0.0,0.0,0.996525764465332,0.0,0.0,0.0,0.0,0.0,0.0,0.0
0.0,0.0,0.9896945953369141,0.0,0.0,0.0,0.0,0.0,0.0,0.0
0.0,0.0,0.9901103973388672,0.0,0.0,0.0,0.0,0.0,0.0,0.0
0.0,0.0,0.9972705841064453,0.0,0.0,0.0,0.0,0.0,0.0,0.0
0.9190766781639692,0.9578321581639707,0.9997091293334961,0.981859410430839,0.9349527665317139,0.9190766781639692,0.9578321581639707,0.981859410430839,0.9349527665317139,1.0
0.0,0.0,0.9905300140380859,0.0,0.0,0.0,0.0,0.0,0.0,0.0
0.0,0.0,0.9959325790405273,0.0,0.0,0.0,0.0,0.0,0.0,0.0
0.0,0.0,0.9955244064331055,0.0,0.0,0.0,0.0,0.0,0.0,0.0
0.40875912408759124,0.5803108808290155,0.9999227523803711,0.7368421052631579,0.47863247863247865,0.40875912408759124,0.5803108808290155,0.7368421052631579,0.47863247863247865,0.0
0.0,0.0,0.9922580718994141,0.0,0.0,0.0,0.0,0.0,0.0,0.0
0.0,0.0,0.9956855773925781,0.0,0.0,0.0,0.0,0.0,0.0,0.0
0.0,0.0,0.9634466171264648,0.0,0.0,0.0,0.0,0.0,0.0,0.0
0.8607407407407407,0.9251592356687898,0.9987449645996094,0.9666072489601901,0.887119642272876,0.8607407407407407,0.9251592356687898,0.9666072489601901,0.887119642272876,1.0
0.0,0.0,0.9898805618286133,0.0,0.0,0.0,0.0,0.0,0.0,0.0
0.0,0.0,0.9909553527832031,0.0,0.0,0.0,0.0,0.0,0.0,0.0
0.0,0.0,0.9899463653564453,0.0,0.0,0.0,0.0,0.0,0.0,0.0
0.0,0.0,0.9983549118041992,0.0,0.0,0.0,0.0,0.0,0.0,0.0
0.0,0.0,0.9951667785644531,0.0,0.0,0.0,0.0,0.0,0.0,0.0
0.0,0.0,0.9972715377807617,0.0,0.0,0.0,0.0,0.0,0.0,0.0
0.0,0.0,0.997044563293457,0.0,0.0,0.0,0.0,0.0,0.0,0.0
0.0,0.0,0.9948625564575195,0.0,0.0,0.0,0.0,0.0,0.0,0.0
0.0,0.0,0.9969015121459961,0.0,0.0,0.0,0.0,0.0,0.0,0.0
0.0,0.0,0.9968280792236328,0.0,0.0,0.0,0.0,0.0,0.0,0.0
0.0,0.0,0.9985036849975586,0.0,0.0,0.0,0.0,0.0,0.0,0.0
0.0,0.0,0.9972543716430664,0.0,0.0,0.0,0.0,0.0,0.0,0.0
0.0,0.0,0.9971837997436523,0.0,0.0,0.0,0.0,0.0,0.0,0.0
0.0,0.0,0.9970855712890625,0.0,0.0,0.0,0.0,0.0,0.0,0.0
0.0,0.0,0.9973697662353516,0.0,0.0,0.0,0.0,0.0,0.0,0.0
0.0,0.0,0.9959821701049805,0.0,0.0,0.0,0.0,0.0,0.0,0.0
0.0,0.0,0.9974355697631836,0.0,0.0,0.0,0.0,0.0,0.0,0.0
0.0,0.0,0.9986639022827148,0.0,0.0,0.0,0.0,0.0,0.0,0.0
0.0,0.0,0.9981889724731445,0.0,0.0,0.0,0.0,0.0,0.0,0.0
0.0,0.0,0.9985208511352539,0.0,0.0,0.0,0.0,0.0,0.0,0.0
0.0,0.0,0.9967613220214844,0.0,0.0,0.0,0.0,0.0,0.0,0.0
0.0,0.0,0.9984683990478516,0.0,0.0,0.0,0.0,0.0,0.0,0.0
0.0,0.0,0.9982900619506836,0.0,0.0,0.0,0.0,0.0,0.0,0.0
0.0,0.0,0.9985694885253906,0.0,0.0,0.0,0.0,0.0,0.0,0.0
0.0,0.0,0.9985580444335938,0.0,0.0,0.0,0.0,0.0,0.0,0.0
0.0,0.0,0.9983978271484375,0.0,0.0,0.0,0.0,0.0,0.0,0.0
0.0,0.0,0.9986677169799805,0.0,0.0,0.0,0.0,0.0,0.0,0.0
0.0,0.0,0.9986972808837891,0.0,0.0,0.0,0.0,0.0,0.0,0.0
0.0,0.0,0.9985685348510742,0.0,0.0,0.0,0.0,0.0,0.0,0.0
0.0,0.0,0.9988546371459961,0.0,0.0,0.0,0.0,0.0,0.0,0.0
0.0,0.0,0.9981632232666016,0.0,0.0,0.0,0.0,0.0,0.0,0.0
0.0,0.0,0.9841032028198242,0.0,0.0,0.0,0.0,0.0,0.0,0.0
0.0,0.0,0.9867668151855469,0.0,0.0,0.0,0.0,0.0,0.0,0.0
0.0,0.0,0.9928808212280273,0.0,0.0,0.0,0.0,0.0,0.0,0.0
0.0,0.0,0.9944696426391602,0.0,0.0,0.0,0.0,0.0,0.0,0.0
0.0,0.0,0.9940147399902344,0.0,0.0,0.0,0.0,0.0,0.0,0.0
0.0,0.0,0.9937973022460938,0.0,0.0,0.0,0.0,0.0,0.0,0.0
0.0,0.0,0.9936904907226562,0.0,0.0,0.0,0.0,0.0,0.0,0.0
0.0,0.0,0.9952936172485352,0.0,0.0,0.0,0.0,0.0,0.0,0.0
0.0,0.0,0.9948692321777344,0.0,0.0,0.0,0.0,0.0,0.0,0.0
0.0,0.0,0.9948558807373047,0.0,0.0,0.0,0.0,0.0,0.0,0.0
0.0,0.0,0.9941577911376953,0.0,0.0,0.0,0.0,0.0,0.0,0.0
0.0,0.0,0.9932231903076172,0.0,0.0,0.0,0.0,0.0,0.0,0.0
0.0,0.0,0.9951972961425781,0.0,0.0,0.0,0.0,0.0,0.0,0.0
0.0,0.0,0.996342658996582,0.0,0.0,0.0,0.0,0.0,0.0,0.0
0.0,0.0,0.9954309463500977,0.0,0.0,0.0,0.0,0.0,0.0,0.0
0.0,0.0,0.9938650131225586,0.0,0.0,0.0,0.0,0.0,0.0,0.0
0.0,0.0,0.9929742813110352,0.0,0.0,0.0,0.0,0.0,0.0,0.0
0.0,0.0,0.9942846298217773,0.0,0.0,0.0,0.0,0.0,0.0,0.0
0.0,0.0,0.9967546463012695,0.0,0.0,0.0,0.0,0.0,0.0,0.0
0.0,0.0,0.9956026077270508,0.0,0.0,0.0,0.0,0.0,0.0,0.0
0.0,0.0,0.9957342147827148,0.0,0.0,0.0,0.0,0.0,0.0,0.0
0.0,0.0,0.9945487976074219,0.0,0.0,0.0,0.0,0.0,0.0,0.0
0.0,0.0,0.9955644607543945,0.0,0.0,0.0,0.0,0.0,0.0,0.0
0.0,0.0,0.9962301254272461,0.0,0.0,0.0,0.0,0.0,0.0,0.0
0.8999663186257999,0.9473497606807304,0.9997167587280273,0.9705775517617145,0.925207756232687,0.8999663186257999,0.9473497606807304,0.9705775517617145,0.925207756232687,1.0
0.0,0.0,0.9969367980957031,0.0,0.0,0.0,0.0,0.0,0.0,0.0
0.0,0.0,0.9961061477661133,0.0,0.0,0.0,0.0,0.0,0.0,0.0
0.0,0.0,0.9939289093017578,0.0,0.0,0.0,0.0,0.0,0.0,0.0
0.0,0.0,0.9969329833984375,0.0,0.0,0.0,0.0,0.0,0.0,0.0
0.0,0.0,0.9958629608154297,0.0,0.0,0.0,0.0,0.0,0.0,0.0
0.0,0.0,0.9968786239624023,0.0,0.0,0.0,0.0,0.0,0.0,0.0
0.8049340218014917,0.8919262555626192,0.9996757507324219,0.8790726817042607,0.9051612903225806,0.8049340218014917,0.8919262555626192,0.8790726817042607,0.9051612903225806,1.0
0.0,0.0,0.9907112121582031,0.0,0.0,0.0,0.0,0.0,0.0,0.0
0.0,0.0,0.9912261962890625,0.0,0.0,0.0,0.0,0.0,0.0,0.0
0.0,0.0,0.9964704513549805,0.0,0.0,0.0,0.0,0.0,0.0,0.0
0.0,0.0,0.9974460601806641,0.0,0.0,0.0,0.0,0.0,0.0,0.0
0.0,0.0,0.9974689483642578,0.0,0.0,0.0,0.0,0.0,0.0,0.0
0.0,0.0,0.9984664916992188,0.0,0.0,0.0,0.0,0.0,0.0,0.0
0.0,0.0,0.9968690872192383,0.0,0.0,0.0,0.0,0.0,0.0,0.0
0.0,0.0,0.9982109069824219,0.0,0.0,0.0,0.0,0.0,0.0,0.0
0.0,0.0,0.9980096817016602,0.0,0.0,0.0,0.0,0.0,0.0,0.0
0.0,0.0,0.9980659484863281,0.0,0.0,0.0,0.0,0.0,0.0,0.0
0.0,0.0,0.9988584518432617,0.0,0.0,0.0,0.0,0.0,0.0,0.0
0.0,0.0,0.9976434707641602,0.0,0.0,0.0,0.0,0.0,0.0,0.0
0.0,0.0,0.9981727600097656,0.0,0.0,0.0,0.0,0.0,0.0,0.0
0.0,0.0,0.9987344741821289,0.0,0.0,0.0,0.0,0.0,0.0,0.0
0.0,0.0,0.9982624053955078,0.0,0.0,0.0,0.0,0.0,0.0,0.0
0.0,0.0,0.9989290237426758,0.0,0.0,0.0,0.0,0.0,0.0,0.0
0.0,0.0,0.996586799621582,0.0,0.0,0.0,0.0,0.0,0.0,0.0
0.0,0.0,0.9984502792358398,0.0,0.0,0.0,0.0,0.0,0.0,0.0
0.0,0.0,0.9988603591918945,0.0,0.0,0.0,0.0,0.0,0.0,0.0
0.0,0.0,0.996729850769043,0.0,0.0,0.0,0.0,0.0,0.0,0.0
0.0,0.0,0.9963645935058594,0.0,0.0,0.0,0.0,0.0,0.0,0.0
0.8847487001733102,0.9388505747126437,0.9997463226318359,0.951981351981352,0.9260770975056689,0.8847487001733102,0.9388505747126437,0.951981351981352,0.9260770975056689,1.0
0.0,0.0,0.9962902069091797,0.0,0.0,0.0,0.0,0.0,0.0,0.0
0.0,0.0,0.9932861328125,0.0,0.0,0.0,0.0,0.0,0.0,0.0
0.0,0.0,0.9946184158325195,0.0,0.0,0.0,0.0,0.0,0.0,0.0
0.8575445173383318,0.9233097880928355,0.9997100830078125,0.9486780715396579,0.8992628992628993,0.8575445173383318,0.9233097880928355,0.9486780715396579,0.8992628992628993,1.0
0.0,0.0,0.9948968887329102,0.0,0.0,0.0,0.0,0.0,0.0,0.0
0.0,0.0,0.9961137771606445,0.0,0.0,0.0,0.0,0.0,0.0,0.0
0.0,0.0,0.9955787658691406,0.0,0.0,0.0,0.0,0.0,0.0,0.0
0.0,0.0,0.9956855773925781,0.0,0.0,0.0,0.0,0.0,0.0,0.0
0.0,0.0,0.9949483871459961,0.0,0.0,0.0,0.0,0.0,0.0,0.0
0.0,0.0,0.9960489273071289,0.0,0.0,0.0,0.0,0.0,0.0,0.0
0.0,0.0,0.9955930709838867,0.0,0.0,0.0,0.0,0.0,0.0,0.0
0.0,0.0,0.9968767166137695,0.0,0.0,0.0,0.0,0.0,0.0,0.0
0.0,0.0,0.9960403442382812,0.0,0.0,0.0,0.0,0.0,0.0,0.0
0.0,0.0,0.9971904754638672,0.0,0.0,0.0,0.0,0.0,0.0,0.0
0.0,0.0,0.994816780090332,0.0,0.0,0.0,0.0,0.0,0.0,0.0
0.0,0.0,0.9970817565917969,0.0,0.0,0.0,0.0,0.0,0.0,0.0
0.0,0.0,0.9971027374267578,0.0,0.0,0.0,0.0,0.0,0.0,0.0
0.0,0.0,0.9971761703491211,0.0,0.0,0.0,0.0,0.0,0.0,0.0
0.0,0.0,0.9969234466552734,0.0,0.0,0.0,0.0,0.0,0.0,0.0
0.0,0.0,0.9976520538330078,0.0,0.0,0.0,0.0,0.0,0.0,0.0
0.0,0.0,0.9964361190795898,0.0,0.0,0.0,0.0,0.0,0.0,0.0
0.0,0.0,0.9974384307861328,0.0,0.0,0.0,0.0,0.0,0.0,0.0
0.0,0.0,0.9972372055053711,0.0,0.0,0.0,0.0,0.0,0.0,0.0
0.0,0.0,0.9977073669433594,0.0,0.0,0.0,0.0,0.0,0.0,0.0
0.0,0.0,0.996337890625,0.0,0.0,0.0,0.0,0.0,0.0,0.0
0.0,0.0,0.9970893859863281,0.0,0.0,0.0,0.0,0.0,0.0,0.0
0.0,0.0,0.9975948333740234,0.0,0.0,0.0,0.0,0.0,0.0,0.0
0.0,0.0,0.997431755065918,0.0,0.0,0.0,0.0,0.0,0.0,0.0
0.0,0.0,0.9834918975830078,0.0,0.0,0.0,0.0,0.0,0.0,0.0
0.0,0.0,0.983036994934082,0.0,0.0,0.0,0.0,0.0,0.0,0.0
0.0,0.0,0.9940986633300781,0.0,0.0,0.0,0.0,0.0,0.0,0.0
0.0,0.0,0.9946441650390625,0.0,0.0,0.0,0.0,0.0,0.0,0.0
0.0,0.0,0.9770908355712891,0.0,0.0,0.0,0.0,0.0,0.0,0.0
0.0,0.0,0.9941082000732422,0.0,0.0,0.0,0.0,0.0,0.0,0.0
0.0,0.0,0.9954690933227539,0.0,0.0,0.0,0.0,0.0,0.0,0.0
0.0,0.0,0.9948663711547852,0.0,0.0,0.0,0.0,0.0,0.0,0.0
0.0,0.0,0.9951181411743164,0.0,0.0,0.0,0.0,0.0,0.0,0.0
0.8061866958664111,0.8926947559866626,0.9993247985839844,0.900611620795107,0.8849158653846154,0.8061866958664111,0.8926947559866626,0.900611620795107,0.8849158653846154,1.0
0.0,0.0,0.9949750900268555,0.0,0.0,0.0,0.0,0.0,0.0,0.0
0.0,0.0,0.9926481246948242,0.0,0.0,0.0,0.0,0.0,0.0,0.0
0.0,0.0,0.9960718154907227,0.0,0.0,0.0,0.0,0.0,0.0,0.0
0.0,0.0,0.9965810775756836,0.0,0.0,0.0,0.0,0.0,0.0,0.0
0.0,0.0,0.9943704605102539,0.0,0.0,0.0,0.0,0.0,0.0,0.0
0.0,0.0,0.9935646057128906,0.0,0.0,0.0,0.0,0.0,0.0,0.0
0.8857651245551601,0.939422532553312,0.9996938705444336,0.9392452830188679,0.9395998489996225,0.8857651245551601,0.939422532553312,0.9392452830188679,0.9395998489996225,1.0
0.0,0.0,0.9922809600830078,0.0,0.0,0.0,0.0,0.0,0.0,0.0
0.0,0.0,0.9934854507446289,0.0,0.0,0.0,0.0,0.0,0.0,0.0
0.0,0.0,0.9936399459838867,0.0,0.0,0.0,0.0,0.0,0.0,0.0
0.0,0.0,0.9944000244140625,0.0,0.0,0.0,0.0,0.0,0.0,0.0
0.0,0.0,0.994288444519043,0.0,0.0,0.0,0.0,0.0,0.0,0.0
0.0,0.0,0.9968433380126953,0.0,0.0,0.0,0.0,0.0,0.0,0.0
0.0,0.0,0.9934864044189453,0.0,0.0,0.0,0.0,0.0,0.0,0.0
0.0,0.0,0.9943151473999023,0.0,0.0,0.0,0.0,0.0,0.0,0.0
0.0,0.0,0.9953908920288086,0.0,0.0,0.0,0.0,0.0,0.0,0.0
0.0,0.0,0.9961833953857422,0.0,0.0,0.0,0.0,0.0,0.0,0.0
0.0,0.0,0.9948244094848633,0.0,0.0,0.0,0.0,0.0,0.0,0.0
0.0,0.0,0.9970340728759766,0.0,0.0,0.0,0.0,0.0,0.0,0.0
0.0,0.0,0.9947652816772461,0.0,0.0,0.0,0.0,0.0,0.0,0.0
0.0,0.0,0.9941120147705078,0.0,0.0,0.0,0.0,0.0,0.0,0.0
0.0,0.0,0.9940605163574219,0.0,0.0,0.0,0.0,0.0,0.0,0.0
0.0,0.0,0.993617057800293,0.0,0.0,0.0,0.0,0.0,0.0,0.0
0.0,0.0,0.9939403533935547,0.0,0.0,0.0,0.0,0.0,0.0,0.0
0.0,0.0,0.9945907592773438,0.0,0.0,0.0,0.0,0.0,0.0,0.0
0.0,0.0,0.9945230484008789,0.0,0.0,0.0,0.0,0.0,0.0,0.0
0.0,0.0,0.9946155548095703,0.0,0.0,0.0,0.0,0.0,0.0,0.0
0.0,0.0,0.9964208602905273,0.0,0.0,0.0,0.0,0.0,0.0,0.0
0.0,0.0,0.9949836730957031,0.0,0.0,0.0,0.0,0.0,0.0,0.0
0.0,0.0,0.9971599578857422,0.0,0.0,0.0,0.0,0.0,0.0,0.0
0.8965765765765765,0.9454683640509215,0.9997262954711914,0.9510703363914373,0.9399319984888553,0.8965765765765765,0.9454683640509215,0.9510703363914373,0.9399319984888553,1.0
0.0,0.0,0.9955615997314453,0.0,0.0,0.0,0.0,0.0,0.0,0.0
0.0,0.0,0.9961462020874023,0.0,0.0,0.0,0.0,0.0,0.0,0.0
0.0,0.0,0.9992208480834961,0.0,0.0,0.0,0.0,0.0,0.0,0.0
0.0,0.0,0.9978809356689453,0.0,0.0,0.0,0.0,0.0,0.0,0.0
0.0,0.0,0.9994039535522461,0.0,0.0,0.0,0.0,0.0,0.0,0.0
0.0,0.0,0.9972324371337891,0.0,0.0,0.0,0.0,0.0,0.0,0.0
0.0,0.0,0.9993219375610352,0.0,0.0,0.0,0.0,0.0,0.0,0.0
0.0,0.0,0.999171257019043,0.0,0.0,0.0,0.0,0.0,0.0,0.0
0.0,0.0,0.9976968765258789,0.0,0.0,0.0,0.0,0.0,0.0,0.0
0.0,0.0,0.9986982345581055,0.0,0.0,0.0,0.0,0.0,0.0,0.0
0.0,0.0,0.999298095703125,0.0,0.0,0.0,0.0,0.0,0.0,0.0
0.0,0.0,0.995361328125,0.0,0.0,0.0,0.0,0.0,0.0,0.0
0.0,0.0,0.9960966110229492,0.0,0.0,0.0,0.0,0.0,0.0,0.0
0.0,0.0,0.9971342086791992,0.0,0.0,0.0,0.0,0.0,0.0,0.0
0.0,0.0,0.9993047714233398,0.0,0.0,0.0,0.0,0.0,0.0,0.0
0.0,0.0,0.9991073608398438,0.0,0.0,0.0,0.0,0.0,0.0,0.0
0.0,0.0,0.9979457855224609,0.0,0.0,0.0,0.0,0.0,0.0,0.0
0.0,0.0,0.9989442825317383,0.0,0.0,0.0,0.0,0.0,0.0,0.0
0.0,0.0,0.9958581924438477,0.0,0.0,0.0,0.0,0.0,0.0,0.0
0.0,0.0,0.9954004287719727,0.0,0.0,0.0,0.0,0.0,0.0,0.0
0.8103813559322034,0.8952603861907549,0.9998292922973633,0.827922077922078,0.9745222929936306,0.8103813559322034,0.8952603861907549,0.827922077922078,0.9745222929936306,1.0
0.0,0.0,0.9984645843505859,0.0,0.0,0.0,0.0,0.0,0.0,0.0
0.0,0.0,0.9960880279541016,0.0,0.0,0.0,0.0,0.0,0.0,0.0
0.0,0.0,0.9939861297607422,0.0,0.0,0.0,0.0,0.0,0.0,0.0
0.0,0.0,0.9961357116699219,0.0,0.0,0.0,0.0,0.0,0.0,0.0
0.0,0.0,0.9975414276123047,0.0,0.0,0.0,0.0,0.0,0.0,0.0
0.0,0.0,0.9952507019042969,0.0,0.0,0.0,0.0,0.0,0.0,0.0
0.0,0.0,0.9959278106689453,0.0,0.0,0.0,0.0,0.0,0.0,0.0
0.0,0.0,0.9971933364868164,0.0,0.0,0.0,0.0,0.0,0.0,0.0
0.0,0.0,0.9957990646362305,0.0,0.0,0.0,0.0,0.0,0.0,0.0
0.0,0.0,0.9955587387084961,0.0,0.0,0.0,0.0,0.0,0.0,0.0
0.0,0.0,0.9962797164916992,0.0,0.0,0.0,0.0,0.0,0.0,0.0
0.0,0.0,0.9956636428833008,0.0,0.0,0.0,0.0,0.0,0.0,0.0
0.0,0.0,0.9944372177124023,0.0,0.0,0.0,0.0,0.0,0.0,0.0
0.0,0.0,0.9960784912109375,0.0,0.0,0.0,0.0,0.0,0.0,0.0
0.0,0.0,0.9962320327758789,0.0,0.0,0.0,0.0,0.0,0.0,0.0
0.0,0.0,0.996211051940918,0.0,0.0,0.0,0.0,0.0,0.0,0.0
0.0,0.0,0.9963293075561523,0.0,0.0,0.0,0.0,0.0,0.0,0.0
0.0,0.0,0.9957275390625,0.0,0.0,0.0,0.0,0.0,0.0,0.0
0.0,0.0,0.9966869354248047,0.0,0.0,0.0,0.0,0.0,0.0,0.0
0.0,0.0,0.9962177276611328,0.0,0.0,0.0,0.0,0.0,0.0,0.0
0.0,0.0,0.9972848892211914,0.0,0.0,0.0,0.0,0.0,0.0,0.0
0.0,0.0,0.9956140518188477,0.0,0.0,0.0,0.0,0.0,0.0,0.0
0.0,0.0,0.9982147216796875,0.0,0.0,0.0,0.0,0.0,0.0,0.0
0.7239548772395488,0.8398768283294842,0.999603271484375,0.8411719352351581,0.8385857033051499,0.7239548772395488,0.8398768283294842,0.8411719352351581,0.8385857033051499,1.0
0.0,0.0,0.9977664947509766,0.0,0.0,0.0,0.0,0.0,0.0,0.0
0.0,0.0,0.9976491928100586,0.0,0.0,0.0,0.0,0.0,0.0,0.0
0.0,0.0,0.9953603744506836,0.0,0.0,0.0,0.0,0.0,0.0,0.0
0.0,0.0,0.9955778121948242,0.0,0.0,0.0,0.0,0.0,0.0,0.0
0.0,0.0,0.9983091354370117,0.0,0.0,0.0,0.0,0.0,0.0,0.0
0.0,0.0,0.9962673187255859,0.0,0.0,0.0,0.0,0.0,0.0,0.0
0.0,0.0,0.9967203140258789,0.0,0.0,0.0,0.0,0.0,0.0,0.0
0.0,0.0,0.9986209869384766,0.0,0.0,0.0,0.0,0.0,0.0,0.0
0.0,0.0,0.9970617294311523,0.0,0.0,0.0,0.0,0.0,0.0,0.0
0.0,0.0,0.9959735870361328,0.0,0.0,0.0,0.0,0.0,0.0,0.0
0.0,0.0,0.9970026016235352,0.0,0.0,0.0,0.0,0.0,0.0,0.0
0.6710526315789473,0.8031496062992126,0.999690055847168,0.9132231404958677,0.7167567567567568,0.6710526315789473,0.8031496062992126,0.9132231404958677,0.7167567567567568,1.0
0.0,0.0,0.9982776641845703,0.0,0.0,0.0,0.0,0.0,0.0,0.0
0.0,0.0,0.9977607727050781,0.0,0.0,0.0,0.0,0.0,0.0,0.0
0.0,0.0,0.9952096939086914,0.0,0.0,0.0,0.0,0.0,0.0,0.0
0.0,0.0,0.9986915588378906,0.0,0.0,0.0,0.0,0.0,0.0,0.0
0.0,0.0,0.9979419708251953,0.0,0.0,0.0,0.0,0.0,0.0,0.0
0.0,0.0,0.9989519119262695,0.0,0.0,0.0,0.0,0.0,0.0,0.0
0.0,0.0,0.9986095428466797,0.0,0.0,0.0,0.0,0.0,0.0,0.0
0.0,0.0,0.9917507171630859,0.0,0.0,0.0,0.0,0.0,0.0,0.0
0.0,0.0,0.997314453125,0.0,0.0,0.0,0.0,0.0,0.0,0.0
0.0,0.0,0.9955692291259766,0.0,0.0,0.0,0.0,0.0,0.0,0.0
0.0,0.0,0.9963054656982422,0.0,0.0,0.0,0.0,0.0,0.0,0.0
0.0,0.0,0.9941730499267578,0.0,0.0,0.0,0.0,0.0,0.0,0.0
0.0,0.0,0.9963722229003906,0.0,0.0,0.0,0.0,0.0,0.0,0.0
0.0,0.0,0.9941606521606445,0.0,0.0,0.0,0.0,0.0,0.0,0.0
0.0,0.0,0.994140625,0.0,0.0,0.0,0.0,0.0,0.0,0.0
0.0,0.0,0.9971475601196289,0.0,0.0,0.0,0.0,0.0,0.0,0.0
0.0,0.0,0.9963865280151367,0.0,0.0,0.0,0.0,0.0,0.0,0.0
0.0,0.0,0.9971885681152344,0.0,0.0,0.0,0.0,0.0,0.0,0.0
0.0,0.0,0.996826171875,0.0,0.0,0.0,0.0,0.0,0.0,0.0
0.0,0.0,0.9792947769165039,0.0,0.0,0.0,0.0,0.0,0.0,0.0
0.0,0.0,0.9943389892578125,0.0,0.0,0.0,0.0,0.0,0.0,0.0
0.0,0.0,0.9961528778076172,0.0,0.0,0.0,0.0,0.0,0.0,0.0
0.0,0.0,0.9968233108520508,0.0,0.0,0.0,0.0,0.0,0.0,0.0
0.0,0.0,0.9962701797485352,0.0,0.0,0.0,0.0,0.0,0.0,0.0
0.0,0.0,0.9971046447753906,0.0,0.0,0.0,0.0,0.0,0.0,0.0
0.0,0.0,0.9972362518310547,0.0,0.0,0.0,0.0,0.0,0.0,0.0
0.0,0.0,0.9968404769897461,0.0,0.0,0.0,0.0,0.0,0.0,0.0
0.0,0.0,0.9962444305419922,0.0,0.0,0.0,0.0,0.0,0.0,0.0
0.0,0.0,0.996953010559082,0.0,0.0,0.0,0.0,0.0,0.0,0.0
0.0,0.0,0.9972877502441406,0.0,0.0,0.0,0.0,0.0,0.0,0.0
0.0,0.0,0.9969406127929688,0.0,0.0,0.0,0.0,0.0,0.0,0.0
0.0,0.0,0.9968605041503906,0.0,0.0,0.0,0.0,0.0,0.0,0.0
0.0,0.0,0.9967622756958008,0.0,0.0,0.0,0.0,0.0,0.0,0.0
0.0,0.0,0.997014045715332,0.0,0.0,0.0,0.0,0.0,0.0,0.0
0.0,0.0,0.997065544128418,0.0,0.0,0.0,0.0,0.0,0.0,0.0
0.0,0.0,0.9965801239013672,0.0,0.0,0.0,0.0,0.0,0.0,0.0
0.0,0.0,0.997349739074707,0.0,0.0,0.0,0.0,0.0,0.0,0.0
0.0,0.0,0.9988269805908203,0.0,0.0,0.0,0.0,0.0,0.0,0.0
0.0,0.0,0.9970769882202148,0.0,0.0,0.0,0.0,0.0,0.0,0.0
0.0,0.0,0.9987306594848633,0.0,0.0,0.0,0.0,0.0,0.0,0.0
0.0,0.0,0.9972763061523438,0.0,0.0,0.0,0.0,0.0,0.0,0.0
0.0,0.0,0.9983224868774414,0.0,0.0,0.0,0.0,0.0,0.0,0.0
0.0,0.0,0.9981889724731445,0.0,0.0,0.0,0.0,0.0,0.0,0.0
0.0,0.0,0.9988508224487305,0.0,0.0,0.0,0.0,0.0,0.0,0.0
0.0,0.0,0.9987821578979492,0.0,0.0,0.0,0.0,0.0,0.0,0.0
0.0,0.0,0.9972915649414062,0.0,0.0,0.0,0.0,0.0,0.0,0.0
0.0,0.0,0.9969196319580078,0.0,0.0,0.0,0.0,0.0,0.0,0.0
0.0,0.0,0.997340202331543,0.0,0.0,0.0,0.0,0.0,0.0,0.0
0.0,0.0,0.9968318939208984,0.0,0.0,0.0,0.0,0.0,0.0,0.0
0.0,0.0,0.997349739074707,0.0,0.0,0.0,0.0,0.0,0.0,0.0
0.0,0.0,0.9982566833496094,0.0,0.0,0.0,0.0,0.0,0.0,0.0
0.0,0.0,0.997349739074707,0.0,0.0,0.0,0.0,0.0,0.0,0.0
0.0,0.0,0.9976701736450195,0.0,0.0,0.0,0.0,0.0,0.0,0.0
0.0,0.0,0.9964704513549805,0.0,0.0,0.0,0.0,0.0,0.0,0.0
0.0,0.0,0.9975156784057617,0.0,0.0,0.0,0.0,0.0,0.0,0.0
0.0,0.0,0.9976892471313477,0.0,0.0,0.0,0.0,0.0,0.0,0.0
0.0,0.0,0.9982051849365234,0.0,0.0,0.0,0.0,0.0,0.0,0.0
0.7925333333333333,0.8842606367152633,0.999629020690918,0.8447981807845367,0.9275905118601748,0.7925333333333333,0.8842606367152633,0.8447981807845367,0.9275905118601748,1.0
0.0,0.0,0.9889669418334961,0.0,0.0,0.0,0.0,0.0,0.0,0.0
0.0,0.0,0.9903049468994141,0.0,0.0,0.0,0.0,0.0,0.0,0.0
0.0,0.0,0.9900684356689453,0.0,0.0,0.0,0.0,0.0,0.0,0.0
0.0,0.0,0.9921751022338867,0.0,0.0,0.0,0.0,0.0,0.0,0.0
0.0,0.0,0.9899387359619141,0.0,0.0,0.0,0.0,0.0,0.0,0.0
0.0,0.0,0.9920825958251953,0.0,0.0,0.0,0.0,0.0,0.0,0.0
0.0,0.0,0.9909172058105469,0.0,0.0,0.0,0.0,0.0,0.0,0.0
0.0,0.0,0.9909610748291016,0.0,0.0,0.0,0.0,0.0,0.0,0.0
0.0,0.0,0.9910297393798828,0.0,0.0,0.0,0.0,0.0,0.0,0.0
0.0,0.0,0.9921026229858398,0.0,0.0,0.0,0.0,0.0,0.0,0.0
0.0,0.0,0.9897499084472656,0.0,0.0,0.0,0.0,0.0,0.0,0.0
0.0,0.0,0.9912986755371094,0.0,0.0,0.0,0.0,0.0,0.0,0.0
0.0,0.0,0.9900951385498047,0.0,0.0,0.0,0.0,0.0,0.0,0.0
0.0,0.0,0.9906578063964844,0.0,0.0,0.0,0.0,0.0,0.0,0.0
0.0,0.0,0.9911766052246094,0.0,0.0,0.0,0.0,0.0,0.0,0.0
0.0,0.0,0.9913787841796875,0.0,0.0,0.0,0.0,0.0,0.0,0.0
0.0,0.0,0.9925327301025391,0.0,0.0,0.0,0.0,0.0,0.0,0.0
0.0,0.0,0.9906339645385742,0.0,0.0,0.0,0.0,0.0,0.0,0.0
0.0,0.0,0.9895868301391602,0.0,0.0,0.0,0.0,0.0,0.0,0.0
0.0,0.0,0.99176025390625,0.0,0.0,0.0,0.0,0.0,0.0,0.0
0.0,0.0,0.9902057647705078,0.0,0.0,0.0,0.0,0.0,0.0,0.0
0.0,0.0,0.9903755187988281,0.0,0.0,0.0,0.0,0.0,0.0,0.0
0.0,0.0,0.992243766784668,0.0,0.0,0.0,0.0,0.0,0.0,0.0
0.0,0.0,0.9917802810668945,0.0,0.0,0.0,0.0,0.0,0.0,0.0
0.0,0.0,0.9923429489135742,0.0,0.0,0.0,0.0,0.0,0.0,0.0
0.0,0.0,0.9900484085083008,0.0,0.0,0.0,0.0,0.0,0.0,0.0
0.0,0.0,0.9924488067626953,0.0,0.0,0.0,0.0,0.0,0.0,0.0
0.0,0.0,0.9926433563232422,0.0,0.0,0.0,0.0,0.0,0.0,0.0
0.0,0.0,0.9941377639770508,0.0,0.0,0.0,0.0,0.0,0.0,0.0
0.0,0.0,0.9965124130249023,0.0,0.0,0.0,0.0,0.0,0.0,0.0
0.0,0.0,0.9960470199584961,0.0,0.0,0.0,0.0,0.0,0.0,0.0
0.0,0.0,0.9933586120605469,0.0,0.0,0.0,0.0,0.0,0.0,0.0
0.0,0.0,0.9942188262939453,0.0,0.0,0.0,0.0,0.0,0.0,0.0
0.0,0.0,0.9974822998046875,0.0,0.0,0.0,0.0,0.0,0.0,0.0
0.0,0.0,0.9953937530517578,0.0,0.0,0.0,0.0,0.0,0.0,0.0
0.0,0.0,0.9973526000976562,0.0,0.0,0.0,0.0,0.0,0.0,0.0
0.0,0.0,0.9957551956176758,0.0,0.0,0.0,0.0,0.0,0.0,0.0
0.0,0.0,0.9954309463500977,0.0,0.0,0.0,0.0,0.0,0.0,0.0
0.0,0.0,0.9973306655883789,0.0,0.0,0.0,0.0,0.0,0.0,0.0
0.0,0.0,0.9976415634155273,0.0,0.0,0.0,0.0,0.0,0.0,0.0
0.0,0.0,0.9961395263671875,0.0,0.0,0.0,0.0,0.0,0.0,0.0
0.8219047619047619,0.902247778358599,0.9996433258056641,0.9504405286343612,0.8587064676616916,0.8219047619047619,0.902247778358599,0.9504405286343612,0.8587064676616916,1.0
0.0,0.0,0.9968318939208984,0.0,0.0,0.0,0.0,0.0,0.0,0.0
0.0,0.0,0.9977149963378906,0.0,0.0,0.0,0.0,0.0,0.0,0.0
0.0,0.0,0.9976320266723633,0.0,0.0,0.0,0.0,0.0,0.0,0.0
0.0,0.0,0.9909400939941406,0.0,0.0,0.0,0.0,0.0,0.0,0.0
0.0,0.0,0.9959545135498047,0.0,0.0,0.0,0.0,0.0,0.0,0.0
0.0,0.0,0.9974374771118164,0.0,0.0,0.0,0.0,0.0,0.0,0.0
0.0,0.0,0.9916391372680664,0.0,0.0,0.0,0.0,0.0,0.0,0.0
0.0,0.0,0.9928960800170898,0.0,0.0,0.0,0.0,0.0,0.0,0.0
0.0,0.0,0.9922590255737305,0.0,0.0,0.0,0.0,0.0,0.0,0.0
0.0,0.0,0.9975452423095703,0.0,0.0,0.0,0.0,0.0,0.0,0.0
0.0,0.0,0.9959526062011719,0.0,0.0,0.0,0.0,0.0,0.0,0.0
0.0,0.0,0.9938220977783203,0.0,0.0,0.0,0.0,0.0,0.0,0.0
0.0,0.0,0.9953079223632812,0.0,0.0,0.0,0.0,0.0,0.0,0.0
0.0,0.0,0.9972705841064453,0.0,0.0,0.0,0.0,0.0,0.0,0.0
0.0,0.0,0.996612548828125,0.0,0.0,0.0,0.0,0.0,0.0,0.0
0.0,0.0,0.998408317565918,0.0,0.0,0.0,0.0,0.0,0.0,0.0
0.7755749405233942,0.8736042876284056,0.999730110168457,0.8474870017331022,0.9013824884792627,0.7755749405233942,0.8736042876284056,0.8474870017331022,0.9013824884792627,1.0
0.0,0.0,0.9950399398803711,0.0,0.0,0.0,0.0,0.0,0.0,0.0
0.0,0.0,0.9983921051025391,0.0,0.0,0.0,0.0,0.0,0.0,0.0
0.0,0.0,0.997309684753418,0.0,0.0,0.0,0.0,0.0,0.0,0.0
0.0,0.0,0.9933309555053711,0.0,0.0,0.0,0.0,0.0,0.0,0.0
0.0,0.0,0.9958086013793945,0.0,0.0,0.0,0.0,0.0,0.0,0.0
0.0,0.0,0.9970293045043945,0.0,0.0,0.0,0.0,0.0,0.0,0.0
0.0,0.0,0.9988222122192383,0.0,0.0,0.0,0.0,0.0,0.0,0.0
0.0,0.0,0.9941749572753906,0.0,0.0,0.0,0.0,0.0,0.0,0.0
0.0,0.0,0.995518684387207,0.0,0.0,0.0,0.0,0.0,0.0,0.0
0.0,0.0,0.9988546371459961,0.0,0.0,0.0,0.0,0.0,0.0,0.0
0.0,0.0,0.9984292984008789,0.0,0.0,0.0,0.0,0.0,0.0,0.0
0.0,0.0,0.9972515106201172,0.0,0.0,0.0,0.0,0.0,0.0,0.0
0.0,0.0,0.9907341003417969,0.0,0.0,0.0,0.0,0.0,0.0,0.0
0.0,0.0,0.9941596984863281,0.0,0.0,0.0,0.0,0.0,0.0,0.0
0.0,0.0,0.9964599609375,0.0,0.0,0.0,0.0,0.0,0.0,0.0
0.0,0.0,0.9960765838623047,0.0,0.0,0.0,0.0,0.0,0.0,0.0
0.0,0.0,0.9965095520019531,0.0,0.0,0.0,0.0,0.0,0.0,0.0
0.0,0.0,0.9976310729980469,0.0,0.0,0.0,0.0,0.0,0.0,0.0
0.0,0.0,0.9974946975708008,0.0,0.0,0.0,0.0,0.0,0.0,0.0
0.0,0.0,0.9965877532958984,0.0,0.0,0.0,0.0,0.0,0.0,0.0
0.0,0.0,0.9973020553588867,0.0,0.0,0.0,0.0,0.0,0.0,0.0
0.0,0.0,0.9983005523681641,0.0,0.0,0.0,0.0,0.0,0.0,0.0
0.0,0.0,0.9986495971679688,0.0,0.0,0.0,0.0,0.0,0.0,0.0
0.0,0.0,0.9972543716430664,0.0,0.0,0.0,0.0,0.0,0.0,0.0
0.0,0.0,0.9974088668823242,0.0,0.0,0.0,0.0,0.0,0.0,0.0
0.0,0.0,0.9980802536010742,0.0,0.0,0.0,0.0,0.0,0.0,0.0
0.0,0.0,0.9969997406005859,0.0,0.0,0.0,0.0,0.0,0.0,0.0
0.0,0.0,0.998621940612793,0.0,0.0,0.0,0.0,0.0,0.0,0.0
0.0,0.0,0.9973955154418945,0.0,0.0,0.0,0.0,0.0,0.0,0.0
0.0,0.0,0.9962940216064453,0.0,0.0,0.0,0.0,0.0,0.0,0.0
0.0,0.0,0.9977426528930664,0.0,0.0,0.0,0.0,0.0,0.0,0.0
0.0,0.0,0.9970169067382812,0.0,0.0,0.0,0.0,0.0,0.0,0.0
0.0,0.0,0.997802734375,0.0,0.0,0.0,0.0,0.0,0.0,0.0
0.0,0.0,0.99908447265625,0.0,0.0,0.0,0.0,0.0,0.0,0.0
0.0,0.0,0.9990129470825195,0.0,0.0,0.0,0.0,0.0,0.0,0.0
0.0,0.0,0.9958534240722656,0.0,0.0,0.0,0.0,0.0,0.0,0.0
0.0,0.0,0.998845100402832,0.0,0.0,0.0,0.0,0.0,0.0,0.0
0.0,0.0,0.9984664916992188,0.0,0.0,0.0,0.0,0.0,0.0,0.0
0.0,0.0,0.9979104995727539,0.0,0.0,0.0,0.0,0.0,0.0,0.0
0.0,0.0,0.9991445541381836,0.0,0.0,0.0,0.0,0.0,0.0,0.0
0.0,0.0,0.999445915222168,0.0,0.0,0.0,0.0,0.0,0.0,0.0
0.0,0.0,0.9989089965820312,0.0,0.0,0.0,0.0,0.0,0.0,0.0
0.0,0.0,0.9996509552001953,0.0,0.0,0.0,0.0,0.0,0.0,0.0
0.0,0.0,0.9992427825927734,0.0,0.0,0.0,0.0,0.0,0.0,0.0
0.0,0.0,0.9984407424926758,0.0,0.0,0.0,0.0,0.0,0.0,0.0
0.0,0.0,0.999302864074707,0.0,0.0,0.0,0.0,0.0,0.0,0.0
0.0,0.0,0.9992141723632812,0.0,0.0,0.0,0.0,0.0,0.0,0.0
0.0,0.0,0.9994640350341797,0.0,0.0,0.0,0.0,0.0,0.0,0.0
0.0,0.0,0.9991683959960938,0.0,0.0,0.0,0.0,0.0,0.0,0.0
0.0,0.0,0.9875755310058594,0.0,0.0,0.0,0.0,0.0,0.0,0.0
0.0,0.0,0.9871759414672852,0.0,0.0,0.0,0.0,0.0,0.0,0.0
0.0,0.0,0.9875297546386719,0.0,0.0,0.0,0.0,0.0,0.0,0.0
0.0,0.0,0.9891653060913086,0.0,0.0,0.0,0.0,0.0,0.0,0.0
0.0,0.0,0.9887657165527344,0.0,0.0,0.0,0.0,0.0,0.0,0.0
0.0,0.0,0.9855527877807617,0.0,0.0,0.0,0.0,0.0,0.0,0.0
0.0,0.0,0.9885139465332031,0.0,0.0,0.0,0.0,0.0,0.0,0.0
0.0,0.0,0.9878501892089844,0.0,0.0,0.0,0.0,0.0,0.0,0.0
0.0,0.0,0.9890365600585938,0.0,0.0,0.0,0.0,0.0,0.0,0.0
0.0,0.0,0.990025520324707,0.0,0.0,0.0,0.0,0.0,0.0,0.0
0.0,0.0,0.9856014251708984,0.0,0.0,0.0,0.0,0.0,0.0,0.0
0.0,0.0,0.9892787933349609,0.0,0.0,0.0,0.0,0.0,0.0,0.0
0.0,0.0,0.9878444671630859,0.0,0.0,0.0,0.0,0.0,0.0,0.0
0.0,0.0,0.9877309799194336,0.0,0.0,0.0,0.0,0.0,0.0,0.0
0.0,0.0,0.9888410568237305,0.0,0.0,0.0,0.0,0.0,0.0,0.0
0.0,0.0,0.9856510162353516,0.0,0.0,0.0,0.0,0.0,0.0,0.0
0.0,0.0,0.9884090423583984,0.0,0.0,0.0,0.0,0.0,0.0,0.0
0.0,0.0,0.9870176315307617,0.0,0.0,0.0,0.0,0.0,0.0,0.0
0.0,0.0,0.9893264770507812,0.0,0.0,0.0,0.0,0.0,0.0,0.0
0.0,0.0,0.9901924133300781,0.0,0.0,0.0,0.0,0.0,0.0,0.0
0.0,0.0,0.9890375137329102,0.0,0.0,0.0,0.0,0.0,0.0,0.0
0.0,0.0,0.9887924194335938,0.0,0.0,0.0,0.0,0.0,0.0,0.0
0.0,0.0,0.9888429641723633,0.0,0.0,0.0,0.0,0.0,0.0,0.0
0.0,0.0,0.9904241561889648,0.0,0.0,0.0,0.0,0.0,0.0,0.0
0.0,0.0,0.9904050827026367,0.0,0.0,0.0,0.0,0.0,0.0,0.0
0.0,0.0,0.9905109405517578,0.0,0.0,0.0,0.0,0.0,0.0,0.0
0.0,0.0,0.9814853668212891,0.0,0.0,0.0,0.0,0.0,0.0,0.0
0.0,0.0,0.9905328750610352,0.0,0.0,0.0,0.0,0.0,0.0,0.0
0.0,0.0,0.9893779754638672,0.0,0.0,0.0,0.0,0.0,0.0,0.0
0.0,0.0,0.9905567169189453,0.0,0.0,0.0,0.0,0.0,0.0,0.0
0.0,0.0,0.9898662567138672,0.0,0.0,0.0,0.0,0.0,0.0,0.0
0.0,0.0,0.9903450012207031,0.0,0.0,0.0,0.0,0.0,0.0,0.0
0.0,0.0,0.9897918701171875,0.0,0.0,0.0,0.0,0.0,0.0,0.0
0.7317784256559767,0.8451178451178452,0.9998245239257812,0.7328467153284671,0.9980119284294234,0.7317784256559767,0.8451178451178452,0.7328467153284671,0.9980119284294234,1.0
0.0,0.0,0.9991121292114258,0.0,0.0,0.0,0.0,0.0,0.0,0.0
0.0,0.0,0.9927301406860352,0.0,0.0,0.0,0.0,0.0,0.0,0.0
0.0,0.0,0.9941806793212891,0.0,0.0,0.0,0.0,0.0,0.0,0.0
0.0,0.0,0.9989910125732422,0.0,0.0,0.0,0.0,0.0,0.0,0.0
0.0,0.0,0.9970130920410156,0.0,0.0,0.0,0.0,0.0,0.0,0.0
0.0,0.0,0.9950399398803711,0.0,0.0,0.0,0.0,0.0,0.0,0.0
0.0,0.0,0.9994840621948242,0.0,0.0,0.0,0.0,0.0,0.0,0.0
0.0,0.0,0.9990749359130859,0.0,0.0,0.0,0.0,0.0,0.0,0.0
0.0,0.0,0.9976053237915039,0.0,0.0,0.0,0.0,0.0,0.0,0.0
0.0,0.0,0.9954214096069336,0.0,0.0,0.0,0.0,0.0,0.0,0.0
0.0,0.0,0.9852752685546875,0.0,0.0,0.0,0.0,0.0,0.0,0.0
0.0,0.0,0.9976091384887695,0.0,0.0,0.0,0.0,0.0,0.0,0.0
0.0,0.0,0.9966373443603516,0.0,0.0,0.0,0.0,0.0,0.0,0.0
0.0,0.0,0.9994335174560547,0.0,0.0,0.0,0.0,0.0,0.0,0.0
0.0,0.0,0.9955806732177734,0.0,0.0,0.0,0.0,0.0,0.0,0.0
0.0,0.0,0.9976415634155273,0.0,0.0,0.0,0.0,0.0,0.0,0.0
0.0,0.0,0.9939966201782227,0.0,0.0,0.0,0.0,0.0,0.0,0.0
0.0,0.0,0.9950370788574219,0.0,0.0,0.0,0.0,0.0,0.0,0.0
0.0,0.0,0.9985828399658203,0.0,0.0,0.0,0.0,0.0,0.0,0.0
0.0,0.0,0.9991703033447266,0.0,0.0,0.0,0.0,0.0,0.0,0.0
0.0,0.0,0.997859001159668,0.0,0.0,0.0,0.0,0.0,0.0,0.0
0.0,0.0,0.9991960525512695,0.0,0.0,0.0,0.0,0.0,0.0,0.0
0.0,0.0,0.9997386932373047,0.0,0.0,0.0,0.0,0.0,0.0,0.0
0.0,0.0,0.999415397644043,0.0,0.0,0.0,0.0,0.0,0.0,0.0
0.0,0.0,0.9995288848876953,0.0,0.0,0.0,0.0,0.0,0.0,0.0
0.0,0.0,0.9994783401489258,0.0,0.0,0.0,0.0,0.0,0.0,0.0
0.0,0.0,0.9814691543579102,0.0,0.0,0.0,0.0,0.0,0.0,0.0
0.0,0.0,0.9843235015869141,0.0,0.0,0.0,0.0,0.0,0.0,0.0
0.48284231106316994,0.6512389179358945,0.9926843643188477,1.0,0.48284231106316994,0.48284231106316994,0.6512389179358945,1.0,0.48284231106316994,0.0
0.0,0.0,0.984283447265625,0.0,0.0,0.0,0.0,0.0,0.0,0.0
0.0,0.0,0.972447395324707,0.0,0.0,0.0,0.0,0.0,0.0,0.0
0.0,0.0,0.9980850219726562,0.0,0.0,0.0,0.0,0.0,0.0,0.0
0.0,0.0,0.9978017807006836,0.0,0.0,0.0,0.0,0.0,0.0,0.0
0.0,0.0,0.999567985534668,0.0,0.0,0.0,0.0,0.0,0.0,0.0
0.0,0.0,0.9996681213378906,0.0,0.0,0.0,0.0,0.0,0.0,0.0
0.0,0.0,0.9943323135375977,0.0,0.0,0.0,0.0,0.0,0.0,0.0
0.0,0.0,0.9938125610351562,0.0,0.0,0.0,0.0,0.0,0.0,0.0
0.0,0.0,0.9958534240722656,0.0,0.0,0.0,0.0,0.0,0.0,0.0
0.0,0.0,0.9961938858032227,0.0,0.0,0.0,0.0,0.0,0.0,0.0
0.0,0.0,0.9958820343017578,0.0,0.0,0.0,0.0,0.0,0.0,0.0
0.0,0.0,0.9983615875244141,0.0,0.0,0.0,0.0,0.0,0.0,0.0
0.0,0.0,0.9986600875854492,0.0,0.0,0.0,0.0,0.0,0.0,0.0
0.0,0.0,0.9976329803466797,0.0,0.0,0.0,0.0,0.0,0.0,0.0
0.0,0.0,0.9963922500610352,0.0,0.0,0.0,0.0,0.0,0.0,0.0
0.0,0.0,0.9985666275024414,0.0,0.0,0.0,0.0,0.0,0.0,0.0
0.0,0.0,0.9986772537231445,0.0,0.0,0.0,0.0,0.0,0.0,0.0
0.0,0.0,0.9948225021362305,0.0,0.0,0.0,0.0,0.0,0.0,0.0
0.0,0.0,0.9985809326171875,0.0,0.0,0.0,0.0,0.0,0.0,0.0
0.0,0.0,0.9988594055175781,0.0,0.0,0.0,0.0,0.0,0.0,0.0
0.7075242718446602,0.8287135749822317,0.9997701644897461,0.8996913580246914,0.7681159420289855,0.7075242718446602,0.8287135749822317,0.8996913580246914,0.7681159420289855,1.0
0.0,0.0,0.9973793029785156,0.0,0.0,0.0,0.0,0.0,0.0,0.0
0.0,0.0,0.9653911590576172,0.0,0.0,0.0,0.0,0.0,0.0,0.0
0.0,0.0,0.9654722213745117,0.0,0.0,0.0,0.0,0.0,0.0,0.0
0.0,0.0,0.965179443359375,0.0,0.0,0.0,0.0,0.0,0.0,0.0
0.9147877984084881,0.9554978354978355,0.9995098114013672,0.9406750767132629,0.9707952146375791,0.9147877984084881,0.9554978354978355,0.9406750767132629,0.9707952146375791,1.0
0.0,0.0,0.9879465103149414,0.0,0.0,0.0,0.0,0.0,0.0,0.0
0.0,0.0,0.9903316497802734,0.0,0.0,0.0,0.0,0.0,0.0,0.0
0.0,0.0,0.9932718276977539,0.0,0.0,0.0,0.0,0.0,0.0,0.0
0.0,0.0,0.9904041290283203,0.0,0.0,0.0,0.0,0.0,0.0,0.0
0.0,0.0,0.9933156967163086,0.0,0.0,0.0,0.0,0.0,0.0,0.0
0.0,0.0,0.9930686950683594,0.0,0.0,0.0,0.0,0.0,0.0,0.0
0.0,0.0,0.9925031661987305,0.0,0.0,0.0,0.0,0.0,0.0,0.0
0.0,0.0,0.991114616394043,0.0,0.0,0.0,0.0,0.0,0.0,0.0
0.0,0.0,0.9905252456665039,0.0,0.0,0.0,0.0,0.0,0.0,0.0
0.0,0.0,0.9910097122192383,0.0,0.0,0.0,0.0,0.0,0.0,0.0
0.0,0.0,0.9913110733032227,0.0,0.0,0.0,0.0,0.0,0.0,0.0
0.0,0.0,0.9911832809448242,0.0,0.0,0.0,0.0,0.0,0.0,0.0
0.0,0.0,0.9927864074707031,0.0,0.0,0.0,0.0,0.0,0.0,0.0
0.0,0.0,0.9939298629760742,0.0,0.0,0.0,0.0,0.0,0.0,0.0
0.0,0.0,0.9941520690917969,0.0,0.0,0.0,0.0,0.0,0.0,0.0
0.0,0.0,0.9944610595703125,0.0,0.0,0.0,0.0,0.0,0.0,0.0
0.0,0.0,0.9943246841430664,0.0,0.0,0.0,0.0,0.0,0.0,0.0
0.0,0.0,0.993159294128418,0.0,0.0,0.0,0.0,0.0,0.0,0.0
0.0,0.0,0.9966897964477539,0.0,0.0,0.0,0.0,0.0,0.0,0.0
0.0,0.0,0.9960994720458984,0.0,0.0,0.0,0.0,0.0,0.0,0.0
0.0,0.0,0.9953298568725586,0.0,0.0,0.0,0.0,0.0,0.0,0.0
0.0,0.0,0.9955959320068359,0.0,0.0,0.0,0.0,0.0,0.0,0.0
0.0,0.0,0.9964799880981445,0.0,0.0,0.0,0.0,0.0,0.0,0.0
0.0,0.0,0.9967031478881836,0.0,0.0,0.0,0.0,0.0,0.0,0.0
0.9177804779262859,0.9571277719112988,0.9998064041137695,0.9577345731191885,0.9565217391304348,0.9177804779262859,0.9571277719112988,0.9577345731191885,0.9565217391304348,1.0
0.0,0.0,0.9964303970336914,0.0,0.0,0.0,0.0,0.0,0.0,0.0
0.0,0.0,0.9959163665771484,0.0,0.0,0.0,0.0,0.0,0.0,0.0
0.0,0.0,0.9955129623413086,0.0,0.0,0.0,0.0,0.0,0.0,0.0
0.0,0.0,0.9973030090332031,0.0,0.0,0.0,0.0,0.0,0.0,0.0
0.0,0.0,0.9945344924926758,0.0,0.0,0.0,0.0,0.0,0.0,0.0
0.0,0.0,0.9973640441894531,0.0,0.0,0.0,0.0,0.0,0.0,0.0
0.0,0.0,0.9975099563598633,0.0,0.0,0.0,0.0,0.0,0.0,0.0
0.0,0.0,0.9976234436035156,0.0,0.0,0.0,0.0,0.0,0.0,0.0
0.0,0.0,0.9975976943969727,0.0,0.0,0.0,0.0,0.0,0.0,0.0
0.0,0.0,0.9962778091430664,0.0,0.0,0.0,0.0,0.0,0.0,0.0
0.0,0.0,0.9965572357177734,0.0,0.0,0.0,0.0,0.0,0.0,0.0
0.0,0.0,0.9966526031494141,0.0,0.0,0.0,0.0,0.0,0.0,0.0
0.0,0.0,0.9975795745849609,0.0,0.0,0.0,0.0,0.0,0.0,0.0
0.0,0.0,0.9953622817993164,0.0,0.0,0.0,0.0,0.0,0.0,0.0
0.0,0.0,0.9961147308349609,0.0,0.0,0.0,0.0,0.0,0.0,0.0
0.0,0.0,0.9978837966918945,0.0,0.0,0.0,0.0,0.0,0.0,0.0
0.0,0.0,0.9976234436035156,0.0,0.0,0.0,0.0,0.0,0.0,0.0
0.0,0.0,0.9974746704101562,0.0,0.0,0.0,0.0,0.0,0.0,0.0
0.0,0.0,0.9971399307250977,0.0,0.0,0.0,0.0,0.0,0.0,0.0
0.0,0.0,0.998835563659668,0.0,0.0,0.0,0.0,0.0,0.0,0.0
0.0,0.0,0.9965944290161133,0.0,0.0,0.0,0.0,0.0,0.0,0.0
0.0,0.0,0.9976053237915039,0.0,0.0,0.0,0.0,0.0,0.0,0.0
0.0,0.0,0.9976673126220703,0.0,0.0,0.0,0.0,0.0,0.0,0.0
0.0,0.0,0.9987001419067383,0.0,0.0,0.0,0.0,0.0,0.0,0.0
0.0,0.0,0.9958629608154297,0.0,0.0,0.0,0.0,0.0,0.0,0.0
0.0,0.0,0.9994726181030273,0.0,0.0,0.0,0.0,0.0,0.0,0.0
0.0,0.0,0.99822998046875,0.0,0.0,0.0,0.0,0.0,0.0,0.0
0.0,0.0,0.998072624206543,0.0,0.0,0.0,0.0,0.0,0.0,0.0
0.0,0.0,0.9977531433105469,0.0,0.0,0.0,0.0,0.0,0.0,0.0
0.0,0.0,0.9978580474853516,0.0,0.0,0.0,0.0,0.0,0.0,0.0
0.0,0.0,0.9986343383789062,0.0,0.0,0.0,0.0,0.0,0.0,0.0
0.0,0.0,0.9963312149047852,0.0,0.0,0.0,0.0,0.0,0.0,0.0
0.0,0.0,0.9986915588378906,0.0,0.0,0.0,0.0,0.0,0.0,0.0
0.0,0.0,0.9994754791259766,0.0,0.0,0.0,0.0,0.0,0.0,0.0
0.8109243697478992,0.8955916473317865,0.9987983703613281,0.9510735656458993,0.8462261196367052,0.8109243697478992,0.8955916473317865,0.9510735656458993,0.8462261196367052,1.0
0.0,0.0,0.9340829849243164,0.0,0.0,0.0,0.0,0.0,0.0,0.0
0.8229087566444186,0.902852382100809,0.9873228073120117,0.9009758018640879,0.9047367958520081,0.8229087566444186,0.902852382100809,0.9009758018640879,0.9047367958520081,1.0
0.0,0.0,0.9920988082885742,0.0,0.0,0.0,0.0,0.0,0.0,0.0
0.0,0.0,0.997772216796875,0.0,0.0,0.0,0.0,0.0,0.0,0.0
0.0,0.0,0.9982395172119141,0.0,0.0,0.0,0.0,0.0,0.0,0.0
0.718796992481203,0.8363954505686789,0.999821662902832,0.8690909090909091,0.806070826306914,0.718796992481203,0.8363954505686789,0.8690909090909091,0.806070826306914,1.0
0.0,0.0,0.9914445877075195,0.0,0.0,0.0,0.0,0.0,0.0,0.0
0.0,0.0,0.9916152954101562,0.0,0.0,0.0,0.0,0.0,0.0,0.0
0.0,0.0,0.9957456588745117,0.0,0.0,0.0,0.0,0.0,0.0,0.0
0.0,0.0,0.9938383102416992,0.0,0.0,0.0,0.0,0.0,0.0,0.0
0.0,0.0,0.9943704605102539,0.0,0.0,0.0,0.0,0.0,0.0,0.0
0.0,0.0,0.9958839416503906,0.0,0.0,0.0,0.0,0.0,0.0,0.0
0.0,0.0,0.9959239959716797,0.0,0.0,0.0,0.0,0.0,0.0,0.0
0.0,0.0,0.9991025924682617,0.0,0.0,0.0,0.0,0.0,0.0,0.0
0.0,0.0,0.9989633560180664,0.0,0.0,0.0,0.0,0.0,0.0,0.0
0.8241758241758241,0.9036144578313253,0.99993896484375,0.9375,0.872093023255814,0.8241758241758241,0.9036144578313253,0.9375,0.872093023255814,1.0
0.8661290322580645,0.9282627484874676,0.9999208450317383,0.895,0.9640933572710951,0.8661290322580645,0.9282627484874676,0.895,0.9640933572710951,1.0
0.0,0.0,0.9969663619995117,0.0,0.0,0.0,0.0,0.0,0.0,0.0
0.0,0.0,0.9987106323242188,0.0,0.0,0.0,0.0,0.0,0.0,0.0
0.0,0.0,0.9976835250854492,0.0,0.0,0.0,0.0,0.0,0.0,0.0
0.0,0.0,0.9981584548950195,0.0,0.0,0.0,0.0,0.0,0.0,0.0
0.0,0.0,0.9987621307373047,0.0,0.0,0.0,0.0,0.0,0.0,0.0
0.0,0.0,0.9980106353759766,0.0,0.0,0.0,0.0,0.0,0.0,0.0
0.0,0.0,0.9969873428344727,0.0,0.0,0.0,0.0,0.0,0.0,0.0
0.0,0.0,0.997467041015625,0.0,0.0,0.0,0.0,0.0,0.0,0.0
0.0,0.0,0.9977197647094727,0.0,0.0,0.0,0.0,0.0,0.0,0.0
0.0,0.0,0.9975376129150391,0.0,0.0,0.0,0.0,0.0,0.0,0.0
0.0,0.0,0.9983463287353516,0.0,0.0,0.0,0.0,0.0,0.0,0.0
0.0,0.0,0.9963569641113281,0.0,0.0,0.0,0.0,0.0,0.0,0.0
0.49818181818181817,0.6650485436893204,0.9996051788330078,0.8269617706237424,0.5561569688768606,0.49818181818181817,0.6650485436893204,0.8269617706237424,0.5561569688768606,0.0
0.0,0.0,0.9977684020996094,0.0,0.0,0.0,0.0,0.0,0.0,0.0
0.0,0.0,0.9977045059204102,0.0,0.0,0.0,0.0,0.0,0.0,0.0
0.0,0.0,0.9991569519042969,0.0,0.0,0.0,0.0,0.0,0.0,0.0
0.0,0.0,0.9982089996337891,0.0,0.0,0.0,0.0,0.0,0.0,0.0
0.0,0.0,0.9976139068603516,0.0,0.0,0.0,0.0,0.0,0.0,0.0
0.0,0.0,0.9982166290283203,0.0,0.0,0.0,0.0,0.0,0.0,0.0
0.0,0.0,0.9975214004516602,0.0,0.0,0.0,0.0,0.0,0.0,0.0
0.0,0.0,0.9981689453125,0.0,0.0,0.0,0.0,0.0,0.0,0.0
0.0,0.0,0.9972429275512695,0.0,0.0,0.0,0.0,0.0,0.0,0.0
0.0,0.0,0.9982767105102539,0.0,0.0,0.0,0.0,0.0,0.0,0.0
0.0,0.0,0.9983844757080078,0.0,0.0,0.0,0.0,0.0,0.0,0.0
0.0,0.0,0.9981460571289062,0.0,0.0,0.0,0.0,0.0,0.0,0.0
0.0,0.0,0.997859001159668,0.0,0.0,0.0,0.0,0.0,0.0,0.0
0.0,0.0,0.9980306625366211,0.0,0.0,0.0,0.0,0.0,0.0,0.0
0.0,0.0,0.9974517822265625,0.0,0.0,0.0,0.0,0.0,0.0,0.0
0.0,0.0,0.9977302551269531,0.0,0.0,0.0,0.0,0.0,0.0,0.0
0.0,0.0,0.9986133575439453,0.0,0.0,0.0,0.0,0.0,0.0,0.0
0.0,0.0,0.9989681243896484,0.0,0.0,0.0,0.0,0.0,0.0,0.0
0.0,0.0,0.9977951049804688,0.0,0.0,0.0,0.0,0.0,0.0,0.0
0.0,0.0,0.9982233047485352,0.0,0.0,0.0,0.0,0.0,0.0,0.0
0.0,0.0,0.9988422393798828,0.0,0.0,0.0,0.0,0.0,0.0,0.0
0.0,0.0,0.9989223480224609,0.0,0.0,0.0,0.0,0.0,0.0,0.0
0.0,0.0,0.9975576400756836,0.0,0.0,0.0,0.0,0.0,0.0,0.0
0.0,0.0,0.9990987777709961,0.0,0.0,0.0,0.0,0.0,0.0,0.0
0.0,0.0,0.9989538192749023,0.0,0.0,0.0,0.0,0.0,0.0,0.0
0.0,0.0,0.9976749420166016,0.0,0.0,0.0,0.0,0.0,0.0,0.0
0.0,0.0,0.9992103576660156,0.0,0.0,0.0,0.0,0.0,0.0,0.0
0.793038570084666,0.8845750262329486,0.9997901916503906,0.8610827374872319,0.9093851132686084,0.793038570084666,0.8845750262329486,0.8610827374872319,0.9093851132686084,1.0
0.0,0.0,0.9971742630004883,0.0,0.0,0.0,0.0,0.0,0.0,0.0
0.0,0.0,0.99591064453125,0.0,0.0,0.0,0.0,0.0,0.0,0.0
0.0,0.0,0.9968852996826172,0.0,0.0,0.0,0.0,0.0,0.0,0.0
0.0,0.0,0.9964160919189453,0.0,0.0,0.0,0.0,0.0,0.0,0.0
0.0,0.0,0.9966087341308594,0.0,0.0,0.0,0.0,0.0,0.0,0.0
0.0,0.0,0.9974784851074219,0.0,0.0,0.0,0.0,0.0,0.0,0.0
0.0,0.0,0.9947671890258789,0.0,0.0,0.0,0.0,0.0,0.0,0.0
0.0,0.0,0.9964799880981445,0.0,0.0,0.0,0.0,0.0,0.0,0.0
0.0,0.0,0.9966554641723633,0.0,0.0,0.0,0.0,0.0,0.0,0.0
0.0,0.0,0.9966096878051758,0.0,0.0,0.0,0.0,0.0,0.0,0.0
0.0,0.0,0.9964208602905273,0.0,0.0,0.0,0.0,0.0,0.0,0.0
0.0,0.0,0.9964094161987305,0.0,0.0,0.0,0.0,0.0,0.0,0.0
0.0,0.0,0.9971399307250977,0.0,0.0,0.0,0.0,0.0,0.0,0.0
0.0,0.0,0.9964170455932617,0.0,0.0,0.0,0.0,0.0,0.0,0.0
0.0,0.0,0.997828483581543,0.0,0.0,0.0,0.0,0.0,0.0,0.0
0.0,0.0,0.9968891143798828,0.0,0.0,0.0,0.0,0.0,0.0,0.0
0.0,0.0,0.9968471527099609,0.0,0.0,0.0,0.0,0.0,0.0,0.0
0.0,0.0,0.9972295761108398,0.0,0.0,0.0,0.0,0.0,0.0,0.0
0.0,0.0,0.9972734451293945,0.0,0.0,0.0,0.0,0.0,0.0,0.0
0.0,0.0,0.9971418380737305,0.0,0.0,0.0,0.0,0.0,0.0,0.0
0.0,0.0,0.9967498779296875,0.0,0.0,0.0,0.0,0.0,0.0,0.0
0.0,0.0,0.9973611831665039,0.0,0.0,0.0,0.0,0.0,0.0,0.0
0.0,0.0,0.9966402053833008,0.0,0.0,0.0,0.0,0.0,0.0,0.0
0.0,0.0,0.9974985122680664,0.0,0.0,0.0,0.0,0.0,0.0,0.0
0.0,0.0,0.9975547790527344,0.0,0.0,0.0,0.0,0.0,0.0,0.0
0.0,0.0,0.9959821701049805,0.0,0.0,0.0,0.0,0.0,0.0,0.0
0.0,0.0,0.998504638671875,0.0,0.0,0.0,0.0,0.0,0.0,0.0
0.0,0.0,0.9966583251953125,0.0,0.0,0.0,0.0,0.0,0.0,0.0
0.0,0.0,0.9978313446044922,0.0,0.0,0.0,0.0,0.0,0.0,0.0
0.0,0.0,0.9959707260131836,0.0,0.0,0.0,0.0,0.0,0.0,0.0
0.0,0.0,0.9966697692871094,0.0,0.0,0.0,0.0,0.0,0.0,0.0
0.0,0.0,0.9976816177368164,0.0,0.0,0.0,0.0,0.0,0.0,0.0
0.0,0.0,0.9960842132568359,0.0,0.0,0.0,0.0,0.0,0.0,0.0
0.0,0.0,0.9910125732421875,0.0,0.0,0.0,0.0,0.0,0.0,0.0
0.0,0.0,0.9982233047485352,0.0,0.0,0.0,0.0,0.0,0.0,0.0
0.0,0.0,0.9971961975097656,0.0,0.0,0.0,0.0,0.0,0.0,0.0
0.0,0.0,0.9972419738769531,0.0,0.0,0.0,0.0,0.0,0.0,0.0
0.0,0.0,0.9967508316040039,0.0,0.0,0.0,0.0,0.0,0.0,0.0
0.0,0.0,0.9959392547607422,0.0,0.0,0.0,0.0,0.0,0.0,0.0
0.0,0.0,0.9972114562988281,0.0,0.0,0.0,0.0,0.0,0.0,0.0
0.0,0.0,0.9988784790039062,0.0,0.0,0.0,0.0,0.0,0.0,0.0
0.0,0.0,0.9977598190307617,0.0,0.0,0.0,0.0,0.0,0.0,0.0
0.0,0.0,0.997528076171875,0.0,0.0,0.0,0.0,0.0,0.0,0.0
0.0,0.0,0.9991092681884766,0.0,0.0,0.0,0.0,0.0,0.0,0.0
0.0,0.0,0.9969120025634766,0.0,0.0,0.0,0.0,0.0,0.0,0.0
0.0,0.0,0.9968948364257812,0.0,0.0,0.0,0.0,0.0,0.0,0.0
0.0,0.0,0.9975929260253906,0.0,0.0,0.0,0.0,0.0,0.0,0.0
0.0,0.0,0.9972057342529297,0.0,0.0,0.0,0.0,0.0,0.0,0.0
0.0,0.0,0.9989538192749023,0.0,0.0,0.0,0.0,0.0,0.0,0.0
0.0,0.0,0.9987764358520508,0.0,0.0,0.0,0.0,0.0,0.0,0.0
0.0,0.0,0.9967050552368164,0.0,0.0,0.0,0.0,0.0,0.0,0.0
0.0,0.0,0.9955968856811523,0.0,0.0,0.0,0.0,0.0,0.0,0.0
0.0,0.0,0.9968233108520508,0.0,0.0,0.0,0.0,0.0,0.0,0.0
0.0,0.0,0.9983787536621094,0.0,0.0,0.0,0.0,0.0,0.0,0.0
0.0,0.0,0.998814582824707,0.0,0.0,0.0,0.0,0.0,0.0,0.0
0.0,0.0,0.9989967346191406,0.0,0.0,0.0,0.0,0.0,0.0,0.0
0.0,0.0,0.9991207122802734,0.0,0.0,0.0,0.0,0.0,0.0,0.0
0.0,0.0,0.9989633560180664,0.0,0.0,0.0,0.0,0.0,0.0,0.0
0.0,0.0,0.9985008239746094,0.0,0.0,0.0,0.0,0.0,0.0,0.0
0.0,0.0,0.9989299774169922,0.0,0.0,0.0,0.0,0.0,0.0,0.0
0.0,0.0,0.9964962005615234,0.0,0.0,0.0,0.0,0.0,0.0,0.0
0.0,0.0,0.9964628219604492,0.0,0.0,0.0,0.0,0.0,0.0,0.0
0.0,0.0,0.9955778121948242,0.0,0.0,0.0,0.0,0.0,0.0,0.0
0.0,0.0,0.9959383010864258,0.0,0.0,0.0,0.0,0.0,0.0,0.0
0.0,0.0,0.9963169097900391,0.0,0.0,0.0,0.0,0.0,0.0,0.0
0.0,0.0,0.9983911514282227,0.0,0.0,0.0,0.0,0.0,0.0,0.0
0.0,0.0,0.9968767166137695,0.0,0.0,0.0,0.0,0.0,0.0,0.0
0.0,0.0,0.9950370788574219,0.0,0.0,0.0,0.0,0.0,0.0,0.0
0.0,0.0,0.9987583160400391,0.0,0.0,0.0,0.0,0.0,0.0,0.0
0.0,0.0,0.9933338165283203,0.0,0.0,0.0,0.0,0.0,0.0,0.0
0.0,0.0,0.9969959259033203,0.0,0.0,0.0,0.0,0.0,0.0,0.0
0.0,0.0,0.9973955154418945,0.0,0.0,0.0,0.0,0.0,0.0,0.0
0.0,0.0,0.996373176574707,0.0,0.0,0.0,0.0,0.0,0.0,0.0
0.0,0.0,0.9985408782958984,0.0,0.0,0.0,0.0,0.0,0.0,0.0
0.0,0.0,0.9962806701660156,0.0,0.0,0.0,0.0,0.0,0.0,0.0
0.0,0.0,0.9966316223144531,0.0,0.0,0.0,0.0,0.0,0.0,0.0
0.0,0.0,0.996363639831543,0.0,0.0,0.0,0.0,0.0,0.0,0.0
0.0,0.0,0.9971742630004883,0.0,0.0,0.0,0.0,0.0,0.0,0.0
0.0,0.0,0.9963274002075195,0.0,0.0,0.0,0.0,0.0,0.0,0.0
0.0,0.0,0.9963455200195312,0.0,0.0,0.0,0.0,0.0,0.0,0.0
0.0,0.0,0.9970159530639648,0.0,0.0,0.0,0.0,0.0,0.0,0.0
0.0,0.0,0.9987688064575195,0.0,0.0,0.0,0.0,0.0,0.0,0.0
0.0,0.0,0.998631477355957,0.0,0.0,0.0,0.0,0.0,0.0,0.0
0.0,0.0,0.9977617263793945,0.0,0.0,0.0,0.0,0.0,0.0,0.0
0.0,0.0,0.9985971450805664,0.0,0.0,0.0,0.0,0.0,0.0,0.0
0.0,0.0,0.9987430572509766,0.0,0.0,0.0,0.0,0.0,0.0,0.0
0.8853820598006644,0.9392070484581497,0.999934196472168,0.9383802816901409,0.9400352733686067,0.8853820598006644,0.9392070484581497,0.9383802816901409,0.9400352733686067,1.0
0.0,0.0,0.9976654052734375,0.0,0.0,0.0,0.0,0.0,0.0,0.0
0.0,0.0,0.9988727569580078,0.0,0.0,0.0,0.0,0.0,0.0,0.0
0.0,0.0,0.9969558715820312,0.0,0.0,0.0,0.0,0.0,0.0,0.0
0.0,0.0,0.9986095428466797,0.0,0.0,0.0,0.0,0.0,0.0,0.0
0.0,0.0,0.9973955154418945,0.0,0.0,0.0,0.0,0.0,0.0,0.0
0.0,0.0,0.99627685546875,0.0,0.0,0.0,0.0,0.0,0.0,0.0
0.0,0.0,0.9969520568847656,0.0,0.0,0.0,0.0,0.0,0.0,0.0
0.0,0.0,0.9991245269775391,0.0,0.0,0.0,0.0,0.0,0.0,0.0
0.6526610644257703,0.7898305084745763,0.9998817443847656,0.8597785977859779,0.7304075235109718,0.6526610644257703,0.7898305084745763,0.8597785977859779,0.7304075235109718,1.0
0.7639751552795031,0.8661971830985915,0.9999275207519531,0.8482758620689655,0.8848920863309353,0.7639751552795031,0.8661971830985915,0.8482758620689655,0.8848920863309353,1.0
0.0,0.0,0.9943227767944336,0.0,0.0,0.0,0.0,0.0,0.0,0.0
0.0,0.0,0.9950990676879883,0.0,0.0,0.0,0.0,0.0,0.0,0.0
0.0,0.0,0.9908065795898438,0.0,0.0,0.0,0.0,0.0,0.0,0.0
0.0,0.0,0.9902353286743164,0.0,0.0,0.0,0.0,0.0,0.0,0.0
0.0,0.0,0.9932117462158203,0.0,0.0,0.0,0.0,0.0,0.0,0.0
0.0,0.0,0.9926910400390625,0.0,0.0,0.0,0.0,0.0,0.0,0.0
0.0,0.0,0.992274284362793,0.0,0.0,0.0,0.0,0.0,0.0,0.0
0.0,0.0,0.9919424057006836,0.0,0.0,0.0,0.0,0.0,0.0,0.0
0.733677782996712,0.8463830940124627,0.9989185333251953,0.9606396063960639,0.7564164648910412,0.733677782996712,0.8463830940124627,0.9606396063960639,0.7564164648910412,1.0
0.0,0.0,0.9924983978271484,0.0,0.0,0.0,0.0,0.0,0.0,0.0
0.0,0.0,0.9916210174560547,0.0,0.0,0.0,0.0,0.0,0.0,0.0
0.0,0.0,0.9887828826904297,0.0,0.0,0.0,0.0,0.0,0.0,0.0
0.0,0.0,0.9922380447387695,0.0,0.0,0.0,0.0,0.0,0.0,0.0
0.0,0.0,0.9953031539916992,0.0,0.0,0.0,0.0,0.0,0.0,0.0
0.0,0.0,0.995361328125,0.0,0.0,0.0,0.0,0.0,0.0,0.0
0.0,0.0,0.9915885925292969,0.0,0.0,0.0,0.0,0.0,0.0,0.0
0.0,0.0,0.9945783615112305,0.0,0.0,0.0,0.0,0.0,0.0,0.0
0.0,0.0,0.9906778335571289,0.0,0.0,0.0,0.0,0.0,0.0,0.0
0.0,0.0,0.9946756362915039,0.0,0.0,0.0,0.0,0.0,0.0,0.0
0.0,0.0,0.9920778274536133,0.0,0.0,0.0,0.0,0.0,0.0,0.0
0.0,0.0,0.9945135116577148,0.0,0.0,0.0,0.0,0.0,0.0,0.0
0.0,0.0,0.9924516677856445,0.0,0.0,0.0,0.0,0.0,0.0,0.0
0.0,0.0,0.9936189651489258,0.0,0.0,0.0,0.0,0.0,0.0,0.0
0.0,0.0,0.9931840896606445,0.0,0.0,0.0,0.0,0.0,0.0,0.0
0.0,0.0,0.9925670623779297,0.0,0.0,0.0,0.0,0.0,0.0,0.0
0.0,0.0,0.9928264617919922,0.0,0.0,0.0,0.0,0.0,0.0,0.0
0.0,0.0,0.99395751953125,0.0,0.0,0.0,0.0,0.0,0.0,0.0
0.0,0.0,0.9940586090087891,0.0,0.0,0.0,0.0,0.0,0.0,0.0
0.0,0.0,0.9933462142944336,0.0,0.0,0.0,0.0,0.0,0.0,0.0
0.0,0.0,0.9936513900756836,0.0,0.0,0.0,0.0,0.0,0.0,0.0
0.0,0.0,0.9929227828979492,0.0,0.0,0.0,0.0,0.0,0.0,0.0
0.0,0.0,0.9952754974365234,0.0,0.0,0.0,0.0,0.0,0.0,0.0
0.0,0.0,0.9942750930786133,0.0,0.0,0.0,0.0,0.0,0.0,0.0
0.0,0.0,0.9939765930175781,0.0,0.0,0.0,0.0,0.0,0.0,0.0
0.0,0.0,0.9934720993041992,0.0,0.0,0.0,0.0,0.0,0.0,0.0
0.0,0.0,0.9955062866210938,0.0,0.0,0.0,0.0,0.0,0.0,0.0
0.0,0.0,0.994420051574707,0.0,0.0,0.0,0.0,0.0,0.0,0.0
0.0,0.0,0.9949674606323242,0.0,0.0,0.0,0.0,0.0,0.0,0.0
0.0,0.0,0.9955244064331055,0.0,0.0,0.0,0.0,0.0,0.0,0.0
0.0,0.0,0.9954042434692383,0.0,0.0,0.0,0.0,0.0,0.0,0.0
0.0,0.0,0.995671272277832,0.0,0.0,0.0,0.0,0.0,0.0,0.0
0.0,0.0,0.9953241348266602,0.0,0.0,0.0,0.0,0.0,0.0,0.0
0.0,0.0,0.9937362670898438,0.0,0.0,0.0,0.0,0.0,0.0,0.0
0.0,0.0,0.9954929351806641,0.0,0.0,0.0,0.0,0.0,0.0,0.0
0.0,0.0,0.9955739974975586,0.0,0.0,0.0,0.0,0.0,0.0,0.0
0.0,0.0,0.9957056045532227,0.0,0.0,0.0,0.0,0.0,0.0,0.0
0.0,0.0,0.9956998825073242,0.0,0.0,0.0,0.0,0.0,0.0,0.0
0.0,0.0,0.9940977096557617,0.0,0.0,0.0,0.0,0.0,0.0,0.0
0.0,0.0,0.995152473449707,0.0,0.0,0.0,0.0,0.0,0.0,0.0
0.0,0.0,0.9942541122436523,0.0,0.0,0.0,0.0,0.0,0.0,0.0
0.0,0.0,0.9941806793212891,0.0,0.0,0.0,0.0,0.0,0.0,0.0
0.0,0.0,0.9951639175415039,0.0,0.0,0.0,0.0,0.0,0.0,0.0
0.0,0.0,0.9921941757202148,0.0,0.0,0.0,0.0,0.0,0.0,0.0
0.0,0.0,0.9947595596313477,0.0,0.0,0.0,0.0,0.0,0.0,0.0
0.0,0.0,0.9944744110107422,0.0,0.0,0.0,0.0,0.0,0.0,0.0
0.8882867861609004,0.9408388520971303,0.9997444152832031,0.9362917398945518,0.945430346051464,0.8882867861609004,0.9408388520971303,0.9362917398945518,0.945430346051464,1.0
0.0,0.0,0.9936580657958984,0.0,0.0,0.0,0.0,0.0,0.0,0.0
0.0,0.0,0.9932975769042969,0.0,0.0,0.0,0.0,0.0,0.0,0.0
0.0,0.0,0.9929122924804688,0.0,0.0,0.0,0.0,0.0,0.0,0.0
0.0,0.0,0.9951238632202148,0.0,0.0,0.0,0.0,0.0,0.0,0.0
0.0,0.0,0.9944467544555664,0.0,0.0,0.0,0.0,0.0,0.0,0.0
0.0,0.0,0.9937267303466797,0.0,0.0,0.0,0.0,0.0,0.0,0.0
0.0,0.0,0.991633415222168,0.0,0.0,0.0,0.0,0.0,0.0,0.0
0.0,0.0,0.9932527542114258,0.0,0.0,0.0,0.0,0.0,0.0,0.0
0.0,0.0,0.99652099609375,0.0,0.0,0.0,0.0,0.0,0.0,0.0
0.0,0.0,0.9951906204223633,0.0,0.0,0.0,0.0,0.0,0.0,0.0
0.0,0.0,0.995025634765625,0.0,0.0,0.0,0.0,0.0,0.0,0.0
0.0,0.0,0.9940967559814453,0.0,0.0,0.0,0.0,0.0,0.0,0.0
0.0,0.0,0.9958457946777344,0.0,0.0,0.0,0.0,0.0,0.0,0.0
0.0,0.0,0.9934663772583008,0.0,0.0,0.0,0.0,0.0,0.0,0.0
0.0,0.0,0.9962997436523438,0.0,0.0,0.0,0.0,0.0,0.0,0.0
0.0,0.0,0.9969282150268555,0.0,0.0,0.0,0.0,0.0,0.0,0.0
0.0,0.0,0.9956760406494141,0.0,0.0,0.0,0.0,0.0,0.0,0.0
0.0,0.0,0.9963321685791016,0.0,0.0,0.0,0.0,0.0,0.0,0.0
0.0,0.0,0.9970293045043945,0.0,0.0,0.0,0.0,0.0,0.0,0.0
0.0,0.0,0.9961528778076172,0.0,0.0,0.0,0.0,0.0,0.0,0.0
0.0,0.0,0.9972381591796875,0.0,0.0,0.0,0.0,0.0,0.0,0.0
0.0,0.0,0.9967079162597656,0.0,0.0,0.0,0.0,0.0,0.0,0.0
0.0,0.0,0.9964895248413086,0.0,0.0,0.0,0.0,0.0,0.0,0.0
0.0,0.0,0.9968290328979492,0.0,0.0,0.0,0.0,0.0,0.0,0.0
0.0,0.0,0.9967594146728516,0.0,0.0,0.0,0.0,0.0,0.0,0.0
0.0,0.0,0.9973049163818359,0.0,0.0,0.0,0.0,0.0,0.0,0.0
0.0,0.0,0.9952688217163086,0.0,0.0,0.0,0.0,0.0,0.0,0.0
0.0,0.0,0.9974937438964844,0.0,0.0,0.0,0.0,0.0,0.0,0.0
0.0,0.0,0.9947185516357422,0.0,0.0,0.0,0.0,0.0,0.0,0.0
0.0,0.0,0.9969644546508789,0.0,0.0,0.0,0.0,0.0,0.0,0.0
0.0,0.0,0.99755859375,0.0,0.0,0.0,0.0,0.0,0.0,0.0
0.0,0.0,0.9972248077392578,0.0,0.0,0.0,0.0,0.0,0.0,0.0
0.0,0.0,0.9974422454833984,0.0,0.0,0.0,0.0,0.0,0.0,0.0
0.0,0.0,0.9974613189697266,0.0,0.0,0.0,0.0,0.0,0.0,0.0
0.0,0.0,0.9978055953979492,0.0,0.0,0.0,0.0,0.0,0.0,0.0
0.0,0.0,0.9965744018554688,0.0,0.0,0.0,0.0,0.0,0.0,0.0
0.0,0.0,0.996861457824707,0.0,0.0,0.0,0.0,0.0,0.0,0.0
0.0,0.0,0.9978704452514648,0.0,0.0,0.0,0.0,0.0,0.0,0.0
0.0,0.0,0.9984455108642578,0.0,0.0,0.0,0.0,0.0,0.0,0.0
0.0,0.0,0.9957952499389648,0.0,0.0,0.0,0.0,0.0,0.0,0.0
0.0,0.0,0.9976577758789062,0.0,0.0,0.0,0.0,0.0,0.0,0.0
0.0,0.0,0.998204231262207,0.0,0.0,0.0,0.0,0.0,0.0,0.0
0.0,0.0,0.996638298034668,0.0,0.0,0.0,0.0,0.0,0.0,0.0
0.0,0.0,0.9976587295532227,0.0,0.0,0.0,0.0,0.0,0.0,0.0
0.0,0.0,0.9980087280273438,0.0,0.0,0.0,0.0,0.0,0.0,0.0
0.0,0.0,0.9939508438110352,0.0,0.0,0.0,0.0,0.0,0.0,0.0
0.0,0.0,0.9984827041625977,0.0,0.0,0.0,0.0,0.0,0.0,0.0
0.0,0.0,0.9979267120361328,0.0,0.0,0.0,0.0,0.0,0.0,0.0
0.0,0.0,0.9989309310913086,0.0,0.0,0.0,0.0,0.0,0.0,0.0
0.0,0.0,0.9958486557006836,0.0,0.0,0.0,0.0,0.0,0.0,0.0
0.0,0.0,0.9974555969238281,0.0,0.0,0.0,0.0,0.0,0.0,0.0
0.0,0.0,0.9992160797119141,0.0,0.0,0.0,0.0,0.0,0.0,0.0
0.0,0.0,0.9995756149291992,0.0,0.0,0.0,0.0,0.0,0.0,0.0
0.0,0.0,0.9990253448486328,0.0,0.0,0.0,0.0,0.0,0.0,0.0
0.0,0.0,0.9992275238037109,0.0,0.0,0.0,0.0,0.0,0.0,0.0
0.0,0.0,0.9994697570800781,0.0,0.0,0.0,0.0,0.0,0.0,0.0
0.0,0.0,0.9994516372680664,0.0,0.0,0.0,0.0,0.0,0.0,0.0
0.0,0.0,0.9993791580200195,0.0,0.0,0.0,0.0,0.0,0.0,0.0
0.0,0.0,0.989532470703125,0.0,0.0,0.0,0.0,0.0,0.0,0.0
0.0,0.0,0.9922685623168945,0.0,0.0,0.0,0.0,0.0,0.0,0.0
0.0,0.0,0.9970922470092773,0.0,0.0,0.0,0.0,0.0,0.0,0.0
0.0,0.0,0.9949865341186523,0.0,0.0,0.0,0.0,0.0,0.0,0.0
0.0,0.0,0.9626741409301758,0.0,0.0,0.0,0.0,0.0,0.0,0.0
0.0,0.0,0.97149658203125,0.0,0.0,0.0,0.0,0.0,0.0,0.0
0.0,0.0,0.9364099502563477,0.0,0.0,0.0,0.0,0.0,0.0,0.0
0.0,0.0,0.9979896545410156,0.0,0.0,0.0,0.0,0.0,0.0,0.0
0.0,0.0,0.9993810653686523,0.0,0.0,0.0,0.0,0.0,0.0,0.0
0.0,0.0,0.9988584518432617,0.0,0.0,0.0,0.0,0.0,0.0,0.0
0.6306068601583114,0.7734627831715211,0.9998664855957031,0.8917910447761194,0.6828571428571428,0.6306068601583114,0.7734627831715211,0.8917910447761194,0.6828571428571428,1.0
0.0,0.0,0.9812211990356445,0.0,0.0,0.0,0.0,0.0,0.0,0.0
0.0,0.0,0.9919614791870117,0.0,0.0,0.0,0.0,0.0,0.0,0.0
0.0,0.0,0.998870849609375,0.0,0.0,0.0,0.0,0.0,0.0,0.0
0.0,0.0,0.9917802810668945,0.0,0.0,0.0,0.0,0.0,0.0,0.0
0.0,0.0,0.9937934875488281,0.0,0.0,0.0,0.0,0.0,0.0,0.0
0.0,0.0,0.9945039749145508,0.0,0.0,0.0,0.0,0.0,0.0,0.0
0.0,0.0,0.9945392608642578,0.0,0.0,0.0,0.0,0.0,0.0,0.0
0.8166666666666667,0.8990825688073395,0.9999055862426758,0.9055441478439425,0.8927125506072875,0.8166666666666667,0.8990825688073395,0.9055441478439425,0.8927125506072875,1.0
0.0,0.0,0.9978446960449219,0.0,0.0,0.0,0.0,0.0,0.0,0.0
0.0,0.0,0.9970731735229492,0.0,0.0,0.0,0.0,0.0,0.0,0.0
0.0,0.0,0.99713134765625,0.0,0.0,0.0,0.0,0.0,0.0,0.0
0.0,0.0,0.8513422012329102,0.0,0.0,0.0,0.0,0.0,0.0,0.0
0.0,0.0,0.9986095428466797,0.0,0.0,0.0,0.0,0.0,0.0,0.0
0.0,0.0,0.9968185424804688,0.0,0.0,0.0,0.0,0.0,0.0,0.0
0.0,0.0,0.9852914810180664,0.0,0.0,0.0,0.0,0.0,0.0,0.0
0.0,0.0,0.9989805221557617,0.0,0.0,0.0,0.0,0.0,0.0,0.0
0.0,0.0,0.9948959350585938,0.0,0.0,0.0,0.0,0.0,0.0,0.0
0.0,0.0,0.9961633682250977,0.0,0.0,0.0,0.0,0.0,0.0,0.0
0.0,0.0,0.9984464645385742,0.0,0.0,0.0,0.0,0.0,0.0,0.0
0.0,0.0,0.9955577850341797,0.0,0.0,0.0,0.0,0.0,0.0,0.0
0.0,0.0,0.9980850219726562,0.0,0.0,0.0,0.0,0.0,0.0,0.0
0.0,0.0,0.9974002838134766,0.0,0.0,0.0,0.0,0.0,0.0,0.0
0.0,0.0,0.9994926452636719,0.0,0.0,0.0,0.0,0.0,0.0,0.0
0.0,0.0,0.9975900650024414,0.0,0.0,0.0,0.0,0.0,0.0,0.0
0.0,0.0,0.9973526000976562,0.0,0.0,0.0,0.0,0.0,0.0,0.0
0.0,0.0,0.9980792999267578,0.0,0.0,0.0,0.0,0.0,0.0,0.0
0.0,0.0,0.9985103607177734,0.0,0.0,0.0,0.0,0.0,0.0,0.0
0.0,0.0,0.9862995147705078,0.0,0.0,0.0,0.0,0.0,0.0,0.0
0.0,0.0,0.9898033142089844,0.0,0.0,0.0,0.0,0.0,0.0,0.0
0.0,0.0,0.98980712890625,0.0,0.0,0.0,0.0,0.0,0.0,0.0
0.0,0.0,0.9713287353515625,0.0,0.0,0.0,0.0,0.0,0.0,0.0
0.0,0.0,0.9862213134765625,0.0,0.0,0.0,0.0,0.0,0.0,0.0
0.0,0.0,0.99444580078125,0.0,0.0,0.0,0.0,0.0,0.0,0.0
0.0,0.0,0.9877729415893555,0.0,0.0,0.0,0.0,0.0,0.0,0.0
0.861430159318266,0.9255573248407644,0.9996433258056641,0.9781236853176273,0.8783528522856063,0.861430159318266,0.9255573248407644,0.9781236853176273,0.8783528522856063,1.0
0.0,0.0,0.9959650039672852,0.0,0.0,0.0,0.0,0.0,0.0,0.0
0.0,0.0,0.9760837554931641,0.0,0.0,0.0,0.0,0.0,0.0,0.0
0.0,0.0,0.9892654418945312,0.0,0.0,0.0,0.0,0.0,0.0,0.0
0.0,0.0,0.9981813430786133,0.0,0.0,0.0,0.0,0.0,0.0,0.0
0.0,0.0,0.9984245300292969,0.0,0.0,0.0,0.0,0.0,0.0,0.0
0.0,0.0,0.9967746734619141,0.0,0.0,0.0,0.0,0.0,0.0,0.0
0.8049605411499436,0.8919425359150531,0.9998350143432617,0.9072426937738246,0.8771498771498771,0.8049605411499436,0.8919425359150531,0.9072426937738246,0.8771498771498771,1.0
0.0,0.0,0.9874382019042969,0.0,0.0,0.0,0.0,0.0,0.0,0.0
0.0,0.0,0.9888238906860352,0.0,0.0,0.0,0.0,0.0,0.0,0.0
0.0,0.0,0.9786872863769531,0.0,0.0,0.0,0.0,0.0,0.0,0.0
0.0,0.0,0.9778280258178711,0.0,0.0,0.0,0.0,0.0,0.0,0.0
0.0,0.0,0.9964227676391602,0.0,0.0,0.0,0.0,0.0,0.0,0.0
0.0,0.0,0.9971590042114258,0.0,0.0,0.0,0.0,0.0,0.0,0.0
0.0,0.0,0.9978981018066406,0.0,0.0,0.0,0.0,0.0,0.0,0.0
0.0,0.0,0.9814424514770508,0.0,0.0,0.0,0.0,0.0,0.0,0.0
0.0,0.0,0.9973249435424805,0.0,0.0,0.0,0.0,0.0,0.0,0.0
0.0,0.0,0.9956340789794922,0.0,0.0,0.0,0.0,0.0,0.0,0.0
0.8566688785666888,0.9228020014295926,0.9997940063476562,0.9930769230769231,0.8618157543391188,0.8566688785666888,0.9228020014295926,0.9930769230769231,0.8618157543391188,1.0
0.0,0.0,0.993504524230957,0.0,0.0,0.0,0.0,0.0,0.0,0.0
0.0,0.0,0.9959478378295898,0.0,0.0,0.0,0.0,0.0,0.0,0.0
0.0,0.0,0.9943304061889648,0.0,0.0,0.0,0.0,0.0,0.0,0.0
0.0,0.0,0.9943990707397461,0.0,0.0,0.0,0.0,0.0,0.0,0.0
0.0,0.0,0.9974403381347656,0.0,0.0,0.0,0.0,0.0,0.0,0.0
0.0,0.0,0.9973373413085938,0.0,0.0,0.0,0.0,0.0,0.0,0.0
0.0,0.0,0.9964609146118164,0.0,0.0,0.0,0.0,0.0,0.0,0.0
0.0,0.0,0.9957790374755859,0.0,0.0,0.0,0.0,0.0,0.0,0.0
0.0,0.0,0.997319221496582,0.0,0.0,0.0,0.0,0.0,0.0,0.0
0.0,0.0,0.9975166320800781,0.0,0.0,0.0,0.0,0.0,0.0,0.0
0.0,0.0,0.996272087097168,0.0,0.0,0.0,0.0,0.0,0.0,0.0
0.0,0.0,0.9960489273071289,0.0,0.0,0.0,0.0,0.0,0.0,0.0
0.0,0.0,0.996525764465332,0.0,0.0,0.0,0.0,0.0,0.0,0.0
0.0,0.0,0.9967641830444336,0.0,0.0,0.0,0.0,0.0,0.0,0.0
0.0,0.0,0.9976816177368164,0.0,0.0,0.0,0.0,0.0,0.0,0.0
0.0,0.0,0.996790885925293,0.0,0.0,0.0,0.0,0.0,0.0,0.0
0.0,0.0,0.9957046508789062,0.0,0.0,0.0,0.0,0.0,0.0,0.0
0.0,0.0,0.9939432144165039,0.0,0.0,0.0,0.0,0.0,0.0,0.0
0.0,0.0,0.996027946472168,0.0,0.0,0.0,0.0,0.0,0.0,0.0
0.0,0.0,0.9980392456054688,0.0,0.0,0.0,0.0,0.0,0.0,0.0
0.0,0.0,0.9971542358398438,0.0,0.0,0.0,0.0,0.0,0.0,0.0
0.0,0.0,0.9971303939819336,0.0,0.0,0.0,0.0,0.0,0.0,0.0
0.0,0.0,0.9978618621826172,0.0,0.0,0.0,0.0,0.0,0.0,0.0
0.0,0.0,0.9960594177246094,0.0,0.0,0.0,0.0,0.0,0.0,0.0
0.0,0.0,0.9971036911010742,0.0,0.0,0.0,0.0,0.0,0.0,0.0
0.0,0.0,0.995966911315918,0.0,0.0,0.0,0.0,0.0,0.0,0.0
0.0,0.0,0.9960718154907227,0.0,0.0,0.0,0.0,0.0,0.0,0.0
0.0,0.0,0.9951877593994141,0.0,0.0,0.0,0.0,0.0,0.0,0.0
0.0,0.0,0.9950046539306641,0.0,0.0,0.0,0.0,0.0,0.0,0.0
0.0,0.0,0.9973049163818359,0.0,0.0,0.0,0.0,0.0,0.0,0.0
0.0,0.0,0.9784126281738281,0.0,0.0,0.0,0.0,0.0,0.0,0.0
0.0,0.0,0.9637603759765625,0.0,0.0,0.0,0.0,0.0,0.0,0.0
0.004592928148987039,0.009143859209619841,0.9698238372802734,0.0049651419826560106,0.057730328192961644,0.004592928148987039,0.009143859209619841,0.0049651419826560106,0.057730328192961644,0.0
0.0,0.0,0.9918556213378906,0.0,0.0,0.0,0.0,0.0,0.0,0.0
0.0,0.0,0.9892139434814453,0.0,0.0,0.0,0.0,0.0,0.0,0.0
0.0,0.0,0.984400749206543,0.0,0.0,0.0,0.0,0.0,0.0,0.0
0.0,0.0,0.9791650772094727,0.0,0.0,0.0,0.0,0.0,0.0,0.0
0.0,0.0,0.9959373474121094,0.0,0.0,0.0,0.0,0.0,0.0,0.0
0.0,0.0,0.9629125595092773,0.0,0.0,0.0,0.0,0.0,0.0,0.0
0.0,0.0,0.9634876251220703,0.0,0.0,0.0,0.0,0.0,0.0,0.0
0.0,0.0,0.9957475662231445,0.0,0.0,0.0,0.0,0.0,0.0,0.0
0.0,0.0,0.9618558883666992,0.0,0.0,0.0,0.0,0.0,0.0,0.0
0.0,0.0,0.9642629623413086,0.0,0.0,0.0,0.0,0.0,0.0,0.0
0.0,0.0,0.9634847640991211,0.0,0.0,0.0,0.0,0.0,0.0,0.0
0.0,0.0,0.9856491088867188,0.0,0.0,0.0,0.0,0.0,0.0,0.0
0.0,0.0,0.9907636642456055,0.0,0.0,0.0,0.0,0.0,0.0,0.0
0.0,0.0,0.9703054428100586,0.0,0.0,0.0,0.0,0.0,0.0,0.0
0.0,0.0,0.9917917251586914,0.0,0.0,0.0,0.0,0.0,0.0,0.0
0.0,0.0,0.9974308013916016,0.0,0.0,0.0,0.0,0.0,0.0,0.0
0.0,0.0,0.9959487915039062,0.0,0.0,0.0,0.0,0.0,0.0,0.0
0.0,0.0,0.9979457855224609,0.0,0.0,0.0,0.0,0.0,0.0,0.0
0.0,0.0,0.9944934844970703,0.0,0.0,0.0,0.0,0.0,0.0,0.0
0.0,0.0,0.9968166351318359,0.0,0.0,0.0,0.0,0.0,0.0,0.0
0.0,0.0,0.9977798461914062,0.0,0.0,0.0,0.0,0.0,0.0,0.0
0.0,0.0,0.9972820281982422,0.0,0.0,0.0,0.0,0.0,0.0,0.0
0.0,0.0,0.9958620071411133,0.0,0.0,0.0,0.0,0.0,0.0,0.0
0.0,0.0,0.9980325698852539,0.0,0.0,0.0,0.0,0.0,0.0,0.0
0.0,0.0,0.9976892471313477,0.0,0.0,0.0,0.0,0.0,0.0,0.0
0.0,0.0,0.9976930618286133,0.0,0.0,0.0,0.0,0.0,0.0,0.0
0.0,0.0,0.9974832534790039,0.0,0.0,0.0,0.0,0.0,0.0,0.0
0.0,0.0,0.9957675933837891,0.0,0.0,0.0,0.0,0.0,0.0,0.0
0.0,0.0,0.9969091415405273,0.0,0.0,0.0,0.0,0.0,0.0,0.0
0.0,0.0,0.9973697662353516,0.0,0.0,0.0,0.0,0.0,0.0,0.0
0.0,0.0,0.9972009658813477,0.0,0.0,0.0,0.0,0.0,0.0,0.0
0.0,0.0,0.9961214065551758,0.0,0.0,0.0,0.0,0.0,0.0,0.0
0.0,0.0,0.9858665466308594,0.0,0.0,0.0,0.0,0.0,0.0,0.0
0.0,0.0,0.9947366714477539,0.0,0.0,0.0,0.0,0.0,0.0,0.0
0.0,0.0,0.9991455078125,0.0,0.0,0.0,0.0,0.0,0.0,0.0
0.0,0.0,0.9960670471191406,0.0,0.0,0.0,0.0,0.0,0.0,0.0
0.0,0.0,0.9990787506103516,0.0,0.0,0.0,0.0,0.0,0.0,0.0
0.0,0.0,0.9989194869995117,0.0,0.0,0.0,0.0,0.0,0.0,0.0
0.0,0.0,0.9992218017578125,0.0,0.0,0.0,0.0,0.0,0.0,0.0
0.0,0.0,0.9991073608398438,0.0,0.0,0.0,0.0,0.0,0.0,0.0
0.0,0.0,0.9990034103393555,0.0,0.0,0.0,0.0,0.0,0.0,0.0
0.0,0.0,0.9978647232055664,0.0,0.0,0.0,0.0,0.0,0.0,0.0
0.0,0.0,0.9993200302124023,0.0,0.0,0.0,0.0,0.0,0.0,0.0
0.0,0.0,0.9990386962890625,0.0,0.0,0.0,0.0,0.0,0.0,0.0
0.0,0.0,0.9993381500244141,0.0,0.0,0.0,0.0,0.0,0.0,0.0
0.0,0.0,0.9948997497558594,0.0,0.0,0.0,0.0,0.0,0.0,0.0
0.9006818855618144,0.947746061456871,0.9996805191040039,0.9787371134020618,0.9186573934079226,0.9006818855618144,0.947746061456871,0.9787371134020618,0.9186573934079226,1.0
0.0,0.0,0.9939689636230469,0.0,0.0,0.0,0.0,0.0,0.0,0.0
0.0,0.0,0.995182991027832,0.0,0.0,0.0,0.0,0.0,0.0,0.0
0.0,0.0,0.9928445816040039,0.0,0.0,0.0,0.0,0.0,0.0,0.0
0.0,0.0,0.9944620132446289,0.0,0.0,0.0,0.0,0.0,0.0,0.0
0.0,0.0,0.9944791793823242,0.0,0.0,0.0,0.0,0.0,0.0,0.0
0.0,0.0,0.9963436126708984,0.0,0.0,0.0,0.0,0.0,0.0,0.0
0.0,0.0,0.9936103820800781,0.0,0.0,0.0,0.0,0.0,0.0,0.0
0.0,0.0,0.9958972930908203,0.0,0.0,0.0,0.0,0.0,0.0,0.0
0.0,0.0,0.9104776382446289,0.0,0.0,0.0,0.0,0.0,0.0,0.0
0.0,0.0,0.9896173477172852,0.0,0.0,0.0,0.0,0.0,0.0,0.0
0.0,0.0,0.9915313720703125,0.0,0.0,0.0,0.0,0.0,0.0,0.0
0.8911301095378039,0.9424313060676697,0.9992227554321289,0.9504202877902835,0.9345755113477164,0.8911301095378039,0.9424313060676697,0.9504202877902835,0.9345755113477164,1.0
0.0,0.0,0.9914016723632812,0.0,0.0,0.0,0.0,0.0,0.0,0.0
0.0,0.0,0.9887828826904297,0.0,0.0,0.0,0.0,0.0,0.0,0.0
0.0,0.0,0.9904661178588867,0.0,0.0,0.0,0.0,0.0,0.0,0.0
0.0,0.0,0.9925651550292969,0.0,0.0,0.0,0.0,0.0,0.0,0.0
0.0,0.0,0.992091178894043,0.0,0.0,0.0,0.0,0.0,0.0,0.0
0.0,0.0,0.9925222396850586,0.0,0.0,0.0,0.0,0.0,0.0,0.0
0.0,0.0,0.9910202026367188,0.0,0.0,0.0,0.0,0.0,0.0,0.0
0.0,0.0,0.9926223754882812,0.0,0.0,0.0,0.0,0.0,0.0,0.0
0.0,0.0,0.9924631118774414,0.0,0.0,0.0,0.0,0.0,0.0,0.0
0.0,0.0,0.9951438903808594,0.0,0.0,0.0,0.0,0.0,0.0,0.0
0.6992076069730586,0.8229807871665734,0.9990949630737305,0.960801393728223,0.7197389885807504,0.6992076069730586,0.8229807871665734,0.960801393728223,0.7197389885807504,1.0
0.0,0.0,0.9964771270751953,0.0,0.0,0.0,0.0,0.0,0.0,0.0
0.0,0.0,0.9976329803466797,0.0,0.0,0.0,0.0,0.0,0.0,0.0
0.0,0.0,0.9969186782836914,0.0,0.0,0.0,0.0,0.0,0.0,0.0
0.0,0.0,0.9954280853271484,0.0,0.0,0.0,0.0,0.0,0.0,0.0
0.0,0.0,0.9962244033813477,0.0,0.0,0.0,0.0,0.0,0.0,0.0
0.0,0.0,0.9961099624633789,0.0,0.0,0.0,0.0,0.0,0.0,0.0
0.0,0.0,0.9961700439453125,0.0,0.0,0.0,0.0,0.0,0.0,0.0
0.0,0.0,0.9962224960327148,0.0,0.0,0.0,0.0,0.0,0.0,0.0
0.0,0.0,0.9961795806884766,0.0,0.0,0.0,0.0,0.0,0.0,0.0
0.0,0.0,0.9966468811035156,0.0,0.0,0.0,0.0,0.0,0.0,0.0
0.0,0.0,0.9972286224365234,0.0,0.0,0.0,0.0,0.0,0.0,0.0
0.9076147816349384,0.9515702964484885,0.999842643737793,0.9413472706155633,0.9620178041543027,0.9076147816349384,0.9515702964484885,0.9413472706155633,0.9620178041543027,1.0
0.0,0.0,0.9970302581787109,0.0,0.0,0.0,0.0,0.0,0.0,0.0
0.0,0.0,0.9975166320800781,0.0,0.0,0.0,0.0,0.0,0.0,0.0
0.0,0.0,0.9968547821044922,0.0,0.0,0.0,0.0,0.0,0.0,0.0
0.0,0.0,0.9978885650634766,0.0,0.0,0.0,0.0,0.0,0.0,0.0
0.0,0.0,0.996363639831543,0.0,0.0,0.0,0.0,0.0,0.0,0.0
0.0,0.0,0.9964504241943359,0.0,0.0,0.0,0.0,0.0,0.0,0.0
0.0,0.0,0.9974708557128906,0.0,0.0,0.0,0.0,0.0,0.0,0.0
0.0,0.0,0.9995450973510742,0.0,0.0,0.0,0.0,0.0,0.0,0.0
0.0,0.0,0.999262809753418,0.0,0.0,0.0,0.0,0.0,0.0,0.0
0.0,0.0,0.9988546371459961,0.0,0.0,0.0,0.0,0.0,0.0,0.0
0.0,0.0,0.9989900588989258,0.0,0.0,0.0,0.0,0.0,0.0,0.0
0.0,0.0,0.99932861328125,0.0,0.0,0.0,0.0,0.0,0.0,0.0
0.0,0.0,0.9992227554321289,0.0,0.0,0.0,0.0,0.0,0.0,0.0
0.0,0.0,0.9991464614868164,0.0,0.0,0.0,0.0,0.0,0.0,0.0
0.0,0.0,0.9993000030517578,0.0,0.0,0.0,0.0,0.0,0.0,0.0
0.0,0.0,0.998927116394043,0.0,0.0,0.0,0.0,0.0,0.0,0.0
0.0,0.0,0.9995059967041016,0.0,0.0,0.0,0.0,0.0,0.0,0.0
0.0,0.0,0.9991674423217773,0.0,0.0,0.0,0.0,0.0,0.0,0.0
0.0,0.0,0.9991044998168945,0.0,0.0,0.0,0.0,0.0,0.0,0.0
0.0,0.0,0.9991693496704102,0.0,0.0,0.0,0.0,0.0,0.0,0.0
0.0,0.0,0.9990196228027344,0.0,0.0,0.0,0.0,0.0,0.0,0.0
0.0,0.0,0.9989824295043945,0.0,0.0,0.0,0.0,0.0,0.0,0.0
0.0,0.0,0.9993152618408203,0.0,0.0,0.0,0.0,0.0,0.0,0.0
0.0,0.0,0.9996051788330078,0.0,0.0,0.0,0.0,0.0,0.0,0.0
0.0,0.0,0.9992446899414062,0.0,0.0,0.0,0.0,0.0,0.0,0.0
0.0,0.0,0.999262809753418,0.0,0.0,0.0,0.0,0.0,0.0,0.0
0.0,0.0,0.9990463256835938,0.0,0.0,0.0,0.0,0.0,0.0,0.0
0.0,0.0,0.9994754791259766,0.0,0.0,0.0,0.0,0.0,0.0,0.0
0.0,0.0,0.9992532730102539,0.0,0.0,0.0,0.0,0.0,0.0,0.0
0.0,0.0,0.9993505477905273,0.0,0.0,0.0,0.0,0.0,0.0,0.0
0.0,0.0,0.9993257522583008,0.0,0.0,0.0,0.0,0.0,0.0,0.0
0.0,0.0,0.9993019104003906,0.0,0.0,0.0,0.0,0.0,0.0,0.0
0.0,0.0,0.9993572235107422,0.0,0.0,0.0,0.0,0.0,0.0,0.0
0.0,0.0,0.9992332458496094,0.0,0.0,0.0,0.0,0.0,0.0,0.0
0.0,0.0,0.9993829727172852,0.0,0.0,0.0,0.0,0.0,0.0,0.0
0.0,0.0,0.9992132186889648,0.0,0.0,0.0,0.0,0.0,0.0,0.0
0.0,0.0,0.999455451965332,0.0,0.0,0.0,0.0,0.0,0.0,0.0
0.0,0.0,0.9990863800048828,0.0,0.0,0.0,0.0,0.0,0.0,0.0
0.0,0.0,0.9991722106933594,0.0,0.0,0.0,0.0,0.0,0.0,0.0
0.0,0.0,0.9997043609619141,0.0,0.0,0.0,0.0,0.0,0.0,0.0
0.0,0.0,0.9992790222167969,0.0,0.0,0.0,0.0,0.0,0.0,0.0
0.0,0.0,0.9991188049316406,0.0,0.0,0.0,0.0,0.0,0.0,0.0
0.0,0.0,0.999323844909668,0.0,0.0,0.0,0.0,0.0,0.0,0.0
0.0,0.0,0.9996356964111328,0.0,0.0,0.0,0.0,0.0,0.0,0.0
0.0,0.0,0.9993791580200195,0.0,0.0,0.0,0.0,0.0,0.0,0.0
0.0,0.0,0.9990768432617188,0.0,0.0,0.0,0.0,0.0,0.0,0.0
0.0,0.0,0.999241828918457,0.0,0.0,0.0,0.0,0.0,0.0,0.0
0.0,0.0,0.999537467956543,0.0,0.0,0.0,0.0,0.0,0.0,0.0
0.0,0.0,0.9993524551391602,0.0,0.0,0.0,0.0,0.0,0.0,0.0
0.0,0.0,0.9990482330322266,0.0,0.0,0.0,0.0,0.0,0.0,0.0
0.0,0.0,0.999542236328125,0.0,0.0,0.0,0.0,0.0,0.0,0.0
0.0,0.0,0.9994277954101562,0.0,0.0,0.0,0.0,0.0,0.0,0.0
0.0,0.0,0.9994401931762695,0.0,0.0,0.0,0.0,0.0,0.0,0.0
0.0,0.0,0.9995250701904297,0.0,0.0,0.0,0.0,0.0,0.0,0.0
0.0,0.0,0.9992275238037109,0.0,0.0,0.0,0.0,0.0,0.0,0.0
0.0,0.0,0.9987726211547852,0.0,0.0,0.0,0.0,0.0,0.0,0.0
0.0,0.0,0.9991302490234375,0.0,0.0,0.0,0.0,0.0,0.0,0.0
0.0,0.0,0.9990787506103516,0.0,0.0,0.0,0.0,0.0,0.0,0.0
0.0,0.0,0.9997959136962891,0.0,0.0,0.0,0.0,0.0,0.0,0.0
0.0,0.0,0.999420166015625,0.0,0.0,0.0,0.0,0.0,0.0,0.0
0.0,0.0,0.9991445541381836,0.0,0.0,0.0,0.0,0.0,0.0,0.0
0.0,0.0,0.9990339279174805,0.0,0.0,0.0,0.0,0.0,0.0,0.0
0.0,0.0,0.9995965957641602,0.0,0.0,0.0,0.0,0.0,0.0,0.0
0.0,0.0,0.999455451965332,0.0,0.0,0.0,0.0,0.0,0.0,0.0
0.0,0.0,0.9994449615478516,0.0,0.0,0.0,0.0,0.0,0.0,0.0
0.0,0.0,0.9995670318603516,0.0,0.0,0.0,0.0,0.0,0.0,0.0
0.0,0.0,0.9997901916503906,0.0,0.0,0.0,0.0,0.0,0.0,0.0
0.0,0.0,0.9994115829467773,0.0,0.0,0.0,0.0,0.0,0.0,0.0
0.0,0.0,0.9991283416748047,0.0,0.0,0.0,0.0,0.0,0.0,0.0
0.0,0.0,0.9995460510253906,0.0,0.0,0.0,0.0,0.0,0.0,0.0
0.0,0.0,0.9993581771850586,0.0,0.0,0.0,0.0,0.0,0.0,0.0
0.0,0.0,0.9992942810058594,0.0,0.0,0.0,0.0,0.0,0.0,0.0
0.0,0.0,0.9992151260375977,0.0,0.0,0.0,0.0,0.0,0.0,0.0
0.0,0.0,0.9996910095214844,0.0,0.0,0.0,0.0,0.0,0.0,0.0
0.0,0.0,0.9991226196289062,0.0,0.0,0.0,0.0,0.0,0.0,0.0
0.0,0.0,0.9987916946411133,0.0,0.0,0.0,0.0,0.0,0.0,0.0
0.0,0.0,0.9992885589599609,0.0,0.0,0.0,0.0,0.0,0.0,0.0
0.0,0.0,0.9994621276855469,0.0,0.0,0.0,0.0,0.0,0.0,0.0
0.0,0.0,0.9989995956420898,0.0,0.0,0.0,0.0,0.0,0.0,0.0
0.0,0.0,0.9992485046386719,0.0,0.0,0.0,0.0,0.0,0.0,0.0
0.0,0.0,0.9994287490844727,0.0,0.0,0.0,0.0,0.0,0.0,0.0
0.0,0.0,0.9991083145141602,0.0,0.0,0.0,0.0,0.0,0.0,0.0
0.0,0.0,0.9992504119873047,0.0,0.0,0.0,0.0,0.0,0.0,0.0
0.0,0.0,0.9995851516723633,0.0,0.0,0.0,0.0,0.0,0.0,0.0
0.0,0.0,0.9997444152832031,0.0,0.0,0.0,0.0,0.0,0.0,0.0
0.0,0.0,0.9995040893554688,0.0,0.0,0.0,0.0,0.0,0.0,0.0
0.0,0.0,0.9995346069335938,0.0,0.0,0.0,0.0,0.0,0.0,0.0
0.0,0.0,0.9996652603149414,0.0,0.0,0.0,0.0,0.0,0.0,0.0
0.0,0.0,0.9998235702514648,0.0,0.0,0.0,0.0,0.0,0.0,0.0
0.0,0.0,0.9995660781860352,0.0,0.0,0.0,0.0,0.0,0.0,0.0
0.0,0.0,0.9997615814208984,0.0,0.0,0.0,0.0,0.0,0.0,0.0
0.0,0.0,0.9667510986328125,0.0,0.0,0.0,0.0,0.0,0.0,0.0
0.0,0.0,0.9617023468017578,0.0,0.0,0.0,0.0,0.0,0.0,0.0
0.0,0.0,0.9550657272338867,0.0,0.0,0.0,0.0,0.0,0.0,0.0
0.0,0.0,0.9911613464355469,0.0,0.0,0.0,0.0,0.0,0.0,0.0
0.0,0.0,0.9446334838867188,0.0,0.0,0.0,0.0,0.0,0.0,0.0
0.0,0.0,0.9406032562255859,0.0,0.0,0.0,0.0,0.0,0.0,0.0
0.0,0.0,0.9164266586303711,0.0,0.0,0.0,0.0,0.0,0.0,0.0
0.0,0.0,0.9805278778076172,0.0,0.0,0.0,0.0,0.0,0.0,0.0
0.0,0.0,0.9712753295898438,0.0,0.0,0.0,0.0,0.0,0.0,0.0
0.0,0.0,0.9946823120117188,0.0,0.0,0.0,0.0,0.0,0.0,0.0
0.0,0.0,0.9949169158935547,0.0,0.0,0.0,0.0,0.0,0.0,0.0
0.0,0.0,0.9946308135986328,0.0,0.0,0.0,0.0,0.0,0.0,0.0
0.0,0.0,0.9930143356323242,0.0,0.0,0.0,0.0,0.0,0.0,0.0
0.0,0.0,0.9947681427001953,0.0,0.0,0.0,0.0,0.0,0.0,0.0
0.0,0.0,0.9953241348266602,0.0,0.0,0.0,0.0,0.0,0.0,0.0
0.0,0.0,0.8906326293945312,0.0,0.0,0.0,0.0,0.0,0.0,0.0
0.0,0.0,0.9729766845703125,0.0,0.0,0.0,0.0,0.0,0.0,0.0
0.0,0.0,0.9586086273193359,0.0,0.0,0.0,0.0,0.0,0.0,0.0
0.0,0.0,0.9588890075683594,0.0,0.0,0.0,0.0,0.0,0.0,0.0
0.0,0.0,0.9671649932861328,0.0,0.0,0.0,0.0,0.0,0.0,0.0
0.0,0.0,0.9000730514526367,0.0,0.0,0.0,0.0,0.0,0.0,0.0
0.0,0.0,0.9209508895874023,0.0,0.0,0.0,0.0,0.0,0.0,0.0
0.0,0.0,0.9439067840576172,0.0,0.0,0.0,0.0,0.0,0.0,0.0
0.0,0.0,0.9832334518432617,0.0,0.0,0.0,0.0,0.0,0.0,0.0
0.0,0.0,0.9761524200439453,0.0,0.0,0.0,0.0,0.0,0.0,0.0
0.0,0.0,0.9832534790039062,0.0,0.0,0.0,0.0,0.0,0.0,0.0
0.0,0.0,0.9310760498046875,0.0,0.0,0.0,0.0,0.0,0.0,0.0
0.0,0.0,0.895625114440918,0.0,0.0,0.0,0.0,0.0,0.0,0.0
0.0,0.0,0.9598369598388672,0.0,0.0,0.0,0.0,0.0,0.0,0.0
0.0,0.0,0.9888629913330078,0.0,0.0,0.0,0.0,0.0,0.0,0.0
0.0,0.0,0.9781703948974609,0.0,0.0,0.0,0.0,0.0,0.0,0.0
0.8656467737049379,0.9279857108062028,0.9991540908813477,0.960020157903578,0.8980201131363922,0.8656467737049379,0.9279857108062028,0.960020157903578,0.8980201131363922,1.0
0.0,0.0,0.9067287445068359,0.0,0.0,0.0,0.0,0.0,0.0,0.0
0.0,0.0,0.936375617980957,0.0,0.0,0.0,0.0,0.0,0.0,0.0
0.0,0.0,0.9315061569213867,0.0,0.0,0.0,0.0,0.0,0.0,0.0
0.0,0.0,0.9895544052124023,0.0,0.0,0.0,0.0,0.0,0.0,0.0
0.0,0.0,0.9932003021240234,0.0,0.0,0.0,0.0,0.0,0.0,0.0
0.0,0.0,0.8697566986083984,0.0,0.0,0.0,0.0,0.0,0.0,0.0
0.9150759985860728,0.9556550228415855,0.9890022277832031,0.9445550876446174,0.9670189419290572,0.9150759985860728,0.9556550228415855,0.9445550876446174,0.9670189419290572,1.0
0.0,0.0,0.8612937927246094,0.0,0.0,0.0,0.0,0.0,0.0,0.0
0.0,0.0,0.9162101745605469,0.0,0.0,0.0,0.0,0.0,0.0,0.0
0.0,0.0,0.9439001083374023,0.0,0.0,0.0,0.0,0.0,0.0,0.0
0.0,0.0,0.9287185668945312,0.0,0.0,0.0,0.0,0.0,0.0,0.0
0.0,0.0,0.9046363830566406,0.0,0.0,0.0,0.0,0.0,0.0,0.0
0.0,0.0,0.8424711227416992,0.0,0.0,0.0,0.0,0.0,0.0,0.0
0.0,0.0,0.9633598327636719,0.0,0.0,0.0,0.0,0.0,0.0,0.0
0.0,0.0,0.9810342788696289,0.0,0.0,0.0,0.0,0.0,0.0,0.0
0.0,0.0,0.8993358612060547,0.0,0.0,0.0,0.0,0.0,0.0,0.0
0.0,0.0,0.8745870590209961,0.0,0.0,0.0,0.0,0.0,0.0,0.0
0.0,0.0,0.9913835525512695,0.0,0.0,0.0,0.0,0.0,0.0,0.0
0.0,0.0,0.9940967559814453,0.0,0.0,0.0,0.0,0.0,0.0,0.0
0.0,0.0,0.9940910339355469,0.0,0.0,0.0,0.0,0.0,0.0,0.0
0.0,0.0,0.9936313629150391,0.0,0.0,0.0,0.0,0.0,0.0,0.0
0.0,0.0,0.9929885864257812,0.0,0.0,0.0,0.0,0.0,0.0,0.0
0.0,0.0,0.9943103790283203,0.0,0.0,0.0,0.0,0.0,0.0,0.0
0.0,0.0,0.8905925750732422,0.0,0.0,0.0,0.0,0.0,0.0,0.0
0.0,0.0,0.9951333999633789,0.0,0.0,0.0,0.0,0.0,0.0,0.0
0.0,0.0,0.9978580474853516,0.0,0.0,0.0,0.0,0.0,0.0,0.0
0.0,0.0,0.9988002777099609,0.0,0.0,0.0,0.0,0.0,0.0,0.0
0.0,0.0,0.9994134902954102,0.0,0.0,0.0,0.0,0.0,0.0,0.0
0.0,0.0,0.9994783401489258,0.0,0.0,0.0,0.0,0.0,0.0,0.0
0.0,0.0,0.9993429183959961,0.0,0.0,0.0,0.0,0.0,0.0,0.0
0.0,0.0,0.9994297027587891,0.0,0.0,0.0,0.0,0.0,0.0,0.0
0.0,0.0,0.9893665313720703,0.0,0.0,0.0,0.0,0.0,0.0,0.0
0.0,0.0,0.9846057891845703,0.0,0.0,0.0,0.0,0.0,0.0,0.0
0.0,0.0,0.994633674621582,0.0,0.0,0.0,0.0,0.0,0.0,0.0
0.0,0.0,0.9933404922485352,0.0,0.0,0.0,0.0,0.0,0.0,0.0
0.0,0.0,0.9968967437744141,0.0,0.0,0.0,0.0,0.0,0.0,0.0
0.0,0.0,0.9956111907958984,0.0,0.0,0.0,0.0,0.0,0.0,0.0
0.0,0.0,0.99530029296875,0.0,0.0,0.0,0.0,0.0,0.0,0.0
0.0,0.0,0.9948482513427734,0.0,0.0,0.0,0.0,0.0,0.0,0.0
0.0,0.0,0.9817438125610352,0.0,0.0,0.0,0.0,0.0,0.0,0.0
0.0,0.0,0.9956893920898438,0.0,0.0,0.0,0.0,0.0,0.0,0.0
0.0,0.0,0.9963865280151367,0.0,0.0,0.0,0.0,0.0,0.0,0.0
0.0,0.0,0.9982471466064453,0.0,0.0,0.0,0.0,0.0,0.0,0.0
0.0,0.0,0.9938392639160156,0.0,0.0,0.0,0.0,0.0,0.0,0.0
0.0,0.0,0.9681949615478516,0.0,0.0,0.0,0.0,0.0,0.0,0.0
0.0,0.0,0.954249382019043,0.0,0.0,0.0,0.0,0.0,0.0,0.0
0.0,0.0,0.9158897399902344,0.0,0.0,0.0,0.0,0.0,0.0,0.0
0.0,0.0,0.9255218505859375,0.0,0.0,0.0,0.0,0.0,0.0,0.0
0.0,0.0,0.9931821823120117,0.0,0.0,0.0,0.0,0.0,0.0,0.0
0.0,0.0,0.9539756774902344,0.0,0.0,0.0,0.0,0.0,0.0,0.0
0.0,0.0,0.9966135025024414,0.0,0.0,0.0,0.0,0.0,0.0,0.0
0.0,0.0,0.9358491897583008,0.0,0.0,0.0,0.0,0.0,0.0,0.0
0.0,0.0,0.9928932189941406,0.0,0.0,0.0,0.0,0.0,0.0,0.0
0.0,0.0,0.9695720672607422,0.0,0.0,0.0,0.0,0.0,0.0,0.0
0.0,0.0,0.9145116806030273,0.0,0.0,0.0,0.0,0.0,0.0,0.0
0.0,0.0,0.9560308456420898,0.0,0.0,0.0,0.0,0.0,0.0,0.0
0.0,0.0,0.9222774505615234,0.0,0.0,0.0,0.0,0.0,0.0,0.0
0.0,0.0,0.9102745056152344,0.0,0.0,0.0,0.0,0.0,0.0,0.0
0.0,0.0,0.93597412109375,0.0,0.0,0.0,0.0,0.0,0.0,0.0
0.0,0.0,0.9191856384277344,0.0,0.0,0.0,0.0,0.0,0.0,0.0
0.0,0.0,0.9847373962402344,0.0,0.0,0.0,0.0,0.0,0.0,0.0
0.7623179423613263,0.8651310005275189,0.9992685317993164,0.8646748681898067,0.8655876143560872,0.7623179423613263,0.8651310005275189,0.8646748681898067,0.8655876143560872,1.0
0.0,0.0,0.9970483779907227,0.0,0.0,0.0,0.0,0.0,0.0,0.0
0.0,0.0,0.9962081909179688,0.0,0.0,0.0,0.0,0.0,0.0,0.0
0.0,0.0,0.99639892578125,0.0,0.0,0.0,0.0,0.0,0.0,0.0
0.0,0.0,0.9589166641235352,0.0,0.0,0.0,0.0,0.0,0.0,0.0
0.0,0.0,0.98809814453125,0.0,0.0,0.0,0.0,0.0,0.0,0.0
0.0,0.0,0.9713802337646484,0.0,0.0,0.0,0.0,0.0,0.0,0.0
0.0,0.0,0.9923944473266602,0.0,0.0,0.0,0.0,0.0,0.0,0.0
0.0,0.0,0.9954671859741211,0.0,0.0,0.0,0.0,0.0,0.0,0.0
0.7930835734870317,0.8846030215364834,0.9993152618408203,0.9103539530267946,0.8602688340106284,0.7930835734870317,0.8846030215364834,0.9103539530267946,0.8602688340106284,1.0
0.0,0.0,0.996337890625,0.0,0.0,0.0,0.0,0.0,0.0,0.0
0.0,0.0,0.9966192245483398,0.0,0.0,0.0,0.0,0.0,0.0,0.0
0.0,0.0,0.9961471557617188,0.0,0.0,0.0,0.0,0.0,0.0,0.0
0.0,0.0,0.9966487884521484,0.0,0.0,0.0,0.0,0.0,0.0,0.0
0.0,0.0,0.9966163635253906,0.0,0.0,0.0,0.0,0.0,0.0,0.0
0.0,0.0,0.9966506958007812,0.0,0.0,0.0,0.0,0.0,0.0,0.0
0.0,0.0,0.9964818954467773,0.0,0.0,0.0,0.0,0.0,0.0,0.0
0.0,0.0,0.9964771270751953,0.0,0.0,0.0,0.0,0.0,0.0,0.0
0.0,0.0,0.9967317581176758,0.0,0.0,0.0,0.0,0.0,0.0,0.0
0.0,0.0,0.9964628219604492,0.0,0.0,0.0,0.0,0.0,0.0,0.0
0.0,0.0,0.996333122253418,0.0,0.0,0.0,0.0,0.0,0.0,0.0
0.0,0.0,0.9965353012084961,0.0,0.0,0.0,0.0,0.0,0.0,0.0
0.0,0.0,0.9966220855712891,0.0,0.0,0.0,0.0,0.0,0.0,0.0
0.0,0.0,0.9966840744018555,0.0,0.0,0.0,0.0,0.0,0.0,0.0
0.0,0.0,0.9965925216674805,0.0,0.0,0.0,0.0,0.0,0.0,0.0
0.0,0.0,0.9966859817504883,0.0,0.0,0.0,0.0,0.0,0.0,0.0
0.0,0.0,0.9964122772216797,0.0,0.0,0.0,0.0,0.0,0.0,0.0
0.0,0.0,0.9964828491210938,0.0,0.0,0.0,0.0,0.0,0.0,0.0
0.0,0.0,0.9965353012084961,0.0,0.0,0.0,0.0,0.0,0.0,0.0
0.0,0.0,0.9965934753417969,0.0,0.0,0.0,0.0,0.0,0.0,0.0
0.0,0.0,0.9966325759887695,0.0,0.0,0.0,0.0,0.0,0.0,0.0
0.0,0.0,0.9965248107910156,0.0,0.0,0.0,0.0,0.0,0.0,0.0
0.0,0.0,0.9965372085571289,0.0,0.0,0.0,0.0,0.0,0.0,0.0
0.0,0.0,0.9966497421264648,0.0,0.0,0.0,0.0,0.0,0.0,0.0
0.0,0.0,0.9966001510620117,0.0,0.0,0.0,0.0,0.0,0.0,0.0
0.0,0.0,0.996556282043457,0.0,0.0,0.0,0.0,0.0,0.0,0.0
0.0,0.0,0.9963951110839844,0.0,0.0,0.0,0.0,0.0,0.0,0.0
0.0,0.0,0.996678352355957,0.0,0.0,0.0,0.0,0.0,0.0,0.0
0.0,0.0,0.9967136383056641,0.0,0.0,0.0,0.0,0.0,0.0,0.0
0.0,0.0,0.9966344833374023,0.0,0.0,0.0,0.0,0.0,0.0,0.0
0.0,0.0,0.9964008331298828,0.0,0.0,0.0,0.0,0.0,0.0,0.0
0.0,0.0,0.9966421127319336,0.0,0.0,0.0,0.0,0.0,0.0,0.0
0.0,0.0,0.9964704513549805,0.0,0.0,0.0,0.0,0.0,0.0,0.0
0.0,0.0,0.9965000152587891,0.0,0.0,0.0,0.0,0.0,0.0,0.0
0.0,0.0,0.9966831207275391,0.0,0.0,0.0,0.0,0.0,0.0,0.0
0.0,0.0,0.9963617324829102,0.0,0.0,0.0,0.0,0.0,0.0,0.0
0.0,0.0,0.9964418411254883,0.0,0.0,0.0,0.0,0.0,0.0,0.0
0.0,0.0,0.9962940216064453,0.0,0.0,0.0,0.0,0.0,0.0,0.0
0.0,0.0,0.9967489242553711,0.0,0.0,0.0,0.0,0.0,0.0,0.0
0.0,0.0,0.9963312149047852,0.0,0.0,0.0,0.0,0.0,0.0,0.0
0.0,0.0,0.9963359832763672,0.0,0.0,0.0,0.0,0.0,0.0,0.0
0.0,0.0,0.996333122253418,0.0,0.0,0.0,0.0,0.0,0.0,0.0
0.0,0.0,0.9964485168457031,0.0,0.0,0.0,0.0,0.0,0.0,0.0
0.0,0.0,0.9966573715209961,0.0,0.0,0.0,0.0,0.0,0.0,0.0
0.0,0.0,0.9964914321899414,0.0,0.0,0.0,0.0,0.0,0.0,0.0
0.0,0.0,0.9966402053833008,0.0,0.0,0.0,0.0,0.0,0.0,0.0
0.0,0.0,0.9962635040283203,0.0,0.0,0.0,0.0,0.0,0.0,0.0
0.0,0.0,0.9966545104980469,0.0,0.0,0.0,0.0,0.0,0.0,0.0
0.0,0.0,0.9964427947998047,0.0,0.0,0.0,0.0,0.0,0.0,0.0
0.0,0.0,0.9968242645263672,0.0,0.0,0.0,0.0,0.0,0.0,0.0
0.0,0.0,0.9966182708740234,0.0,0.0,0.0,0.0,0.0,0.0,0.0
0.0,0.0,0.9967193603515625,0.0,0.0,0.0,0.0,0.0,0.0,0.0
0.0,0.0,0.9964332580566406,0.0,0.0,0.0,0.0,0.0,0.0,0.0
0.0,0.0,0.9965629577636719,0.0,0.0,0.0,0.0,0.0,0.0,0.0
0.0,0.0,0.9965343475341797,0.0,0.0,0.0,0.0,0.0,0.0,0.0
0.0,0.0,0.9967517852783203,0.0,0.0,0.0,0.0,0.0,0.0,0.0
0.0,0.0,0.9967460632324219,0.0,0.0,0.0,0.0,0.0,0.0,0.0
0.0,0.0,0.9965734481811523,0.0,0.0,0.0,0.0,0.0,0.0,0.0
0.0,0.0,0.9966583251953125,0.0,0.0,0.0,0.0,0.0,0.0,0.0
0.0,0.0,0.9962024688720703,0.0,0.0,0.0,0.0,0.0,0.0,0.0
0.0,0.0,0.9966583251953125,0.0,0.0,0.0,0.0,0.0,0.0,0.0
0.0,0.0,0.9963769912719727,0.0,0.0,0.0,0.0,0.0,0.0,0.0
0.0,0.0,0.9967870712280273,0.0,0.0,0.0,0.0,0.0,0.0,0.0
0.0,0.0,0.9966907501220703,0.0,0.0,0.0,0.0,0.0,0.0,0.0
0.0,0.0,0.9966506958007812,0.0,0.0,0.0,0.0,0.0,0.0,0.0
0.0,0.0,0.9966201782226562,0.0,0.0,0.0,0.0,0.0,0.0,0.0
0.0,0.0,0.9966297149658203,0.0,0.0,0.0,0.0,0.0,0.0,0.0
0.0,0.0,0.9485292434692383,0.0,0.0,0.0,0.0,0.0,0.0,0.0
0.0,0.0,0.9633827209472656,0.0,0.0,0.0,0.0,0.0,0.0,0.0
0.0,0.0,0.9582052230834961,0.0,0.0,0.0,0.0,0.0,0.0,0.0
0.0,0.0,0.9457712173461914,0.0,0.0,0.0,0.0,0.0,0.0,0.0
0.0,0.0,0.9912729263305664,0.0,0.0,0.0,0.0,0.0,0.0,0.0
0.0,0.0,0.9969205856323242,0.0,0.0,0.0,0.0,0.0,0.0,0.0
0.0,0.0,0.9075374603271484,0.0,0.0,0.0,0.0,0.0,0.0,0.0
0.0,0.0,0.9681510925292969,0.0,0.0,0.0,0.0,0.0,0.0,0.0
0.0,0.0,0.9925060272216797,0.0,0.0,0.0,0.0,0.0,0.0,0.0
0.0,0.0,0.9910650253295898,0.0,0.0,0.0,0.0,0.0,0.0,0.0
0.654690618762475,0.7913148371531966,0.9998350143432617,0.8261964735516373,0.7592592592592593,0.654690618762475,0.7913148371531966,0.8261964735516373,0.7592592592592593,1.0
0.0,0.0,0.9976778030395508,0.0,0.0,0.0,0.0,0.0,0.0,0.0
0.8091809180918091,0.8945273631840795,0.9997978210449219,0.8711240310077519,0.9192229038854806,0.8091809180918091,0.8945273631840795,0.8711240310077519,0.9192229038854806,1.0
0.0,0.0,0.9987058639526367,0.0,0.0,0.0,0.0,0.0,0.0,0.0
0.0,0.0,0.9600143432617188,0.0,0.0,0.0,0.0,0.0,0.0,0.0
0.0,0.0,0.9283695220947266,0.0,0.0,0.0,0.0,0.0,0.0,0.0
0.0,0.0,0.9427213668823242,0.0,0.0,0.0,0.0,0.0,0.0,0.0
0.0,0.0,0.9407281875610352,0.0,0.0,0.0,0.0,0.0,0.0,0.0
0.0,0.0,0.9605073928833008,0.0,0.0,0.0,0.0,0.0,0.0,0.0
0.0,0.0,0.9541349411010742,0.0,0.0,0.0,0.0,0.0,0.0,0.0
0.0,0.0,0.9645051956176758,0.0,0.0,0.0,0.0,0.0,0.0,0.0
0.0,0.0,0.9294528961181641,0.0,0.0,0.0,0.0,0.0,0.0,0.0
0.7769380401160751,0.8744683523859089,0.9933290481567383,0.9186335872106176,0.8343549878428821,0.7769380401160751,0.8744683523859089,0.9186335872106176,0.8343549878428821,1.0
0.0,0.0,0.9639682769775391,0.0,0.0,0.0,0.0,0.0,0.0,0.0
0.0,0.0,0.9365148544311523,0.0,0.0,0.0,0.0,0.0,0.0,0.0
0.0,0.0,0.9670953750610352,0.0,0.0,0.0,0.0,0.0,0.0,0.0
0.0,0.0,0.9717702865600586,0.0,0.0,0.0,0.0,0.0,0.0,0.0
0.0,0.0,0.9110221862792969,0.0,0.0,0.0,0.0,0.0,0.0,0.0
0.0,0.0,0.8061380386352539,0.0,0.0,0.0,0.0,0.0,0.0,0.0
0.0,0.0,0.8266191482543945,0.0,0.0,0.0,0.0,0.0,0.0,0.0
0.0,0.0,0.7592287063598633,0.0,0.0,0.0,0.0,0.0,0.0,0.0
0.0,0.0,0.9133586883544922,0.0,0.0,0.0,0.0,0.0,0.0,0.0
0.0,0.0,0.8686552047729492,0.0,0.0,0.0,0.0,0.0,0.0,0.0
0.7086454747924681,0.8294821661334282,0.9890213012695312,0.8913507146722695,0.7756447547023463,0.7086454747924681,0.8294821661334282,0.8913507146722695,0.7756447547023463,1.0
0.0,0.0,0.8982334136962891,0.0,0.0,0.0,0.0,0.0,0.0,0.0
0.0,0.0,0.9644603729248047,0.0,0.0,0.0,0.0,0.0,0.0,0.0
0.0,0.0,0.9644565582275391,0.0,0.0,0.0,0.0,0.0,0.0,0.0
0.0,0.0,0.964442253112793,0.0,0.0,0.0,0.0,0.0,0.0,0.0
0.0,0.0,0.8572406768798828,0.0,0.0,0.0,0.0,0.0,0.0,0.0
0.0,0.0,0.8774747848510742,0.0,0.0,0.0,0.0,0.0,0.0,0.0
0.0,0.0,0.9142904281616211,0.0,0.0,0.0,0.0,0.0,0.0,0.0
0.0,0.0,0.9924392700195312,0.0,0.0,0.0,0.0,0.0,0.0,0.0
0.0,0.0,0.8169069290161133,0.0,0.0,0.0,0.0,0.0,0.0,0.0
0.0,0.0,0.983708381652832,0.0,0.0,0.0,0.0,0.0,0.0,0.0
0.0,0.0,0.97698974609375,0.0,0.0,0.0,0.0,0.0,0.0,0.0
0.0,0.0,0.9548368453979492,0.0,0.0,0.0,0.0,0.0,0.0,0.0
0.0,0.0,0.8744134902954102,0.0,0.0,0.0,0.0,0.0,0.0,0.0
0.576527698458024,0.7313892410795145,0.9985857009887695,0.8657804459691252,0.6331138287864534,0.576527698458024,0.7313892410795145,0.8657804459691252,0.6331138287864534,1.0
0.8541059807871088,0.9213130097606632,0.9955101013183594,0.9660708026638626,0.8805188166890294,0.8541059807871088,0.9213130097606632,0.9660708026638626,0.8805188166890294,1.0
0.0,0.0,0.9603071212768555,0.0,0.0,0.0,0.0,0.0,0.0,0.0
0.0,0.0,0.9530162811279297,0.0,0.0,0.0,0.0,0.0,0.0,0.0
0.0,0.0,0.9380826950073242,0.0,0.0,0.0,0.0,0.0,0.0,0.0
0.0,0.0,0.7813844680786133,0.0,0.0,0.0,0.0,0.0,0.0,0.0
0.0,0.0,0.9473257064819336,0.0,0.0,0.0,0.0,0.0,0.0,0.0
0.0,0.0,0.955937385559082,0.0,0.0,0.0,0.0,0.0,0.0,0.0
0.0,0.0,0.8493423461914062,0.0,0.0,0.0,0.0,0.0,0.0,0.0
0.0,0.0,0.7660741806030273,0.0,0.0,0.0,0.0,0.0,0.0,0.0
0.0,0.0,0.9829216003417969,0.0,0.0,0.0,0.0,0.0,0.0,0.0
0.0,0.0,0.973846435546875,0.0,0.0,0.0,0.0,0.0,0.0,0.0
0.0,0.0,0.942047119140625,0.0,0.0,0.0,0.0,0.0,0.0,0.0
0.0,0.0,0.9771251678466797,0.0,0.0,0.0,0.0,0.0,0.0,0.0
0.0,0.0,0.9870939254760742,0.0,0.0,0.0,0.0,0.0,0.0,0.0
0.0,0.0,0.9461698532104492,0.0,0.0,0.0,0.0,0.0,0.0,0.0
0.0,0.0,0.9823112487792969,0.0,0.0,0.0,0.0,0.0,0.0,0.0
0.0,0.0,0.968684196472168,0.0,0.0,0.0,0.0,0.0,0.0,0.0
0.0,0.0,0.9900856018066406,0.0,0.0,0.0,0.0,0.0,0.0,0.0
0.0,0.0,0.9416704177856445,0.0,0.0,0.0,0.0,0.0,0.0,0.0
0.0,0.0,0.9003238677978516,0.0,0.0,0.0,0.0,0.0,0.0,0.0
0.0,0.0,0.9875860214233398,0.0,0.0,0.0,0.0,0.0,0.0,0.0
0.0,0.0,0.9772586822509766,0.0,0.0,0.0,0.0,0.0,0.0,0.0
0.0,0.0,0.8876466751098633,0.0,0.0,0.0,0.0,0.0,0.0,0.0
0.0,0.0,0.9867229461669922,0.0,0.0,0.0,0.0,0.0,0.0,0.0
0.7629558541266794,0.8655416439847577,0.9988222122192383,0.9865971705137752,0.7709464701318852,0.7629558541266794,0.8655416439847577,0.9865971705137752,0.7709464701318852,1.0
0.0,0.0,0.9861907958984375,0.0,0.0,0.0,0.0,0.0,0.0,0.0
0.8973713998239216,0.9459101153387246,0.998443603515625,0.9253615200051877,0.9673920412175445,0.8973713998239216,0.9459101153387246,0.9253615200051877,0.9673920412175445,1.0
0.0,0.0,0.9589653015136719,0.0,0.0,0.0,0.0,0.0,0.0,0.0
0.0,0.0,0.9398727416992188,0.0,0.0,0.0,0.0,0.0,0.0,0.0
0.0,0.0,0.9425563812255859,0.0,0.0,0.0,0.0,0.0,0.0,0.0
0.0,0.0,0.9512176513671875,0.0,0.0,0.0,0.0,0.0,0.0,0.0
0.0,0.0,0.9750814437866211,0.0,0.0,0.0,0.0,0.0,0.0,0.0
0.0,0.0,0.9423980712890625,0.0,0.0,0.0,0.0,0.0,0.0,0.0
0.0,0.0,0.9297466278076172,0.0,0.0,0.0,0.0,0.0,0.0,0.0
0.0,0.0,0.9723339080810547,0.0,0.0,0.0,0.0,0.0,0.0,0.0
0.0,0.0,0.9821329116821289,0.0,0.0,0.0,0.0,0.0,0.0,0.0
0.0,0.0,0.928828239440918,0.0,0.0,0.0,0.0,0.0,0.0,0.0
0.0,0.0,0.9855384826660156,0.0,0.0,0.0,0.0,0.0,0.0,0.0
0.0,0.0,0.99139404296875,0.0,0.0,0.0,0.0,0.0,0.0,0.0
0.0,0.0,0.9987268447875977,0.0,0.0,0.0,0.0,0.0,0.0,0.0
0.0,0.0,0.9968347549438477,0.0,0.0,0.0,0.0,0.0,0.0,0.0
0.0,0.0,0.9983072280883789,0.0,0.0,0.0,0.0,0.0,0.0,0.0
0.0,0.0,0.9976577758789062,0.0,0.0,0.0,0.0,0.0,0.0,0.0
0.0,0.0,0.9972095489501953,0.0,0.0,0.0,0.0,0.0,0.0,0.0
0.0,0.0,0.9956541061401367,0.0,0.0,0.0,0.0,0.0,0.0,0.0
0.0,0.0,0.9982376098632812,0.0,0.0,0.0,0.0,0.0,0.0,0.0
0.0,0.0,0.9972867965698242,0.0,0.0,0.0,0.0,0.0,0.0,0.0
0.0,0.0,0.9849185943603516,0.0,0.0,0.0,0.0,0.0,0.0,0.0
0.0,0.0,0.9979829788208008,0.0,0.0,0.0,0.0,0.0,0.0,0.0
0.0,0.0,0.9978036880493164,0.0,0.0,0.0,0.0,0.0,0.0,0.0
0.0,0.0,0.9981460571289062,0.0,0.0,0.0,0.0,0.0,0.0,0.0
0.0,0.0,0.9981956481933594,0.0,0.0,0.0,0.0,0.0,0.0,0.0
0.0,0.0,0.9987468719482422,0.0,0.0,0.0,0.0,0.0,0.0,0.0
0.0,0.0,0.9984951019287109,0.0,0.0,0.0,0.0,0.0,0.0,0.0
0.0,0.0,0.9971046447753906,0.0,0.0,0.0,0.0,0.0,0.0,0.0
0.0,0.0,0.99908447265625,0.0,0.0,0.0,0.0,0.0,0.0,0.0
0.0,0.0,0.9735946655273438,0.0,0.0,0.0,0.0,0.0,0.0,0.0
0.0,0.0,0.9675683975219727,0.0,0.0,0.0,0.0,0.0,0.0,0.0
0.0,0.0,0.9729337692260742,0.0,0.0,0.0,0.0,0.0,0.0,0.0
0.0,0.0,0.9693832397460938,0.0,0.0,0.0,0.0,0.0,0.0,0.0
0.0,0.0,0.9692068099975586,0.0,0.0,0.0,0.0,0.0,0.0,0.0
0.0,0.0,0.9577674865722656,0.0,0.0,0.0,0.0,0.0,0.0,0.0
0.0,0.0,0.9420604705810547,0.0,0.0,0.0,0.0,0.0,0.0,0.0
0.0,0.0,0.9828329086303711,0.0,0.0,0.0,0.0,0.0,0.0,0.0
0.0,0.0,0.9520425796508789,0.0,0.0,0.0,0.0,0.0,0.0,0.0
0.0,0.0,0.9522924423217773,0.0,0.0,0.0,0.0,0.0,0.0,0.0
0.0,0.0,0.9640169143676758,0.0,0.0,0.0,0.0,0.0,0.0,0.0
0.0,0.0,0.9302196502685547,0.0,0.0,0.0,0.0,0.0,0.0,0.0
0.0,0.0,0.9778890609741211,0.0,0.0,0.0,0.0,0.0,0.0,0.0
0.7432572126679823,0.852722371967655,0.9973945617675781,0.9270894385183449,0.7894001397345044,0.7432572126679823,0.852722371967655,0.9270894385183449,0.7894001397345044,1.0
0.0,0.0,0.9880027770996094,0.0,0.0,0.0,0.0,0.0,0.0,0.0
0.0,0.0,0.985722541809082,0.0,0.0,0.0,0.0,0.0,0.0,0.0
0.0,0.0,0.9602413177490234,0.0,0.0,0.0,0.0,0.0,0.0,0.0
0.0,0.0,0.9756803512573242,0.0,0.0,0.0,0.0,0.0,0.0,0.0
0.0,0.0,0.9561176300048828,0.0,0.0,0.0,0.0,0.0,0.0,0.0
0.0,0.0,0.9742393493652344,0.0,0.0,0.0,0.0,0.0,0.0,0.0
0.0,0.0,0.9715595245361328,0.0,0.0,0.0,0.0,0.0,0.0,0.0
0.0,0.0,0.9444522857666016,0.0,0.0,0.0,0.0,0.0,0.0,0.0
0.0,0.0,0.9695396423339844,0.0,0.0,0.0,0.0,0.0,0.0,0.0
0.0,0.0,0.9775981903076172,0.0,0.0,0.0,0.0,0.0,0.0,0.0
0.0,0.0,0.9718732833862305,0.0,0.0,0.0,0.0,0.0,0.0,0.0
0.0,0.0,0.9362850189208984,0.0,0.0,0.0,0.0,0.0,0.0,0.0
0.0,0.0,0.9745359420776367,0.0,0.0,0.0,0.0,0.0,0.0,0.0
0.0,0.0,0.9783306121826172,0.0,0.0,0.0,0.0,0.0,0.0,0.0
0.0,0.0,0.9774360656738281,0.0,0.0,0.0,0.0,0.0,0.0,0.0
0.0,0.0,0.9696903228759766,0.0,0.0,0.0,0.0,0.0,0.0,0.0
0.0,0.0,0.7961835861206055,0.0,0.0,0.0,0.0,0.0,0.0,0.0
0.0,0.0,0.8424921035766602,0.0,0.0,0.0,0.0,0.0,0.0,0.0
0.0,0.0,0.8104143142700195,0.0,0.0,0.0,0.0,0.0,0.0,0.0
0.0,0.0,0.8438653945922852,0.0,0.0,0.0,0.0,0.0,0.0,0.0
0.0,0.0,0.8452444076538086,0.0,0.0,0.0,0.0,0.0,0.0,0.0
0.0,0.0,0.7512054443359375,0.0,0.0,0.0,0.0,0.0,0.0,0.0
0.0,0.0,0.8167724609375,0.0,0.0,0.0,0.0,0.0,0.0,0.0
0.0,0.0,0.99951171875,0.0,0.0,0.0,0.0,0.0,0.0,0.0
0.8440574315341665,0.9154350803835339,0.9988813400268555,0.9323054331864905,0.8991644243025068,0.8440574315341665,0.9154350803835339,0.9323054331864905,0.8991644243025068,1.0
0.0,0.0,0.9923629760742188,0.0,0.0,0.0,0.0,0.0,0.0,0.0
0.0,0.0,0.9752960205078125,0.0,0.0,0.0,0.0,0.0,0.0,0.0
0.0,0.0,0.9573001861572266,0.0,0.0,0.0,0.0,0.0,0.0,0.0
0.0,0.0,0.9695901870727539,0.0,0.0,0.0,0.0,0.0,0.0,0.0
0.0,0.0,0.9120502471923828,0.0,0.0,0.0,0.0,0.0,0.0,0.0
0.0,0.0,0.9810705184936523,0.0,0.0,0.0,0.0,0.0,0.0,0.0
0.8260394958817108,0.9047334384000869,0.9966564178466797,0.8886516494074944,0.921408014168696,0.8260394958817108,0.9047334384000869,0.8886516494074944,0.921408014168696,1.0
0.0,0.0,0.9809999465942383,0.0,0.0,0.0,0.0,0.0,0.0,0.0
0.0,0.0,0.9819822311401367,0.0,0.0,0.0,0.0,0.0,0.0,0.0
0.0,0.0,0.8489751815795898,0.0,0.0,0.0,0.0,0.0,0.0,0.0
0.0,0.0,0.9824838638305664,0.0,0.0,0.0,0.0,0.0,0.0,0.0
0.0,0.0,0.9817180633544922,0.0,0.0,0.0,0.0,0.0,0.0,0.0
0.0,0.0,0.9969348907470703,0.0,0.0,0.0,0.0,0.0,0.0,0.0
0.0,0.0,0.9390487670898438,0.0,0.0,0.0,0.0,0.0,0.0,0.0
0.0,0.0,0.9951171875,0.0,0.0,0.0,0.0,0.0,0.0,0.0
0.0,0.0,0.9978551864624023,0.0,0.0,0.0,0.0,0.0,0.0,0.0
0.0,0.0,0.9976081848144531,0.0,0.0,0.0,0.0,0.0,0.0,0.0
0.0,0.0,0.996124267578125,0.0,0.0,0.0,0.0,0.0,0.0,0.0
0.0,0.0,0.9965715408325195,0.0,0.0,0.0,0.0,0.0,0.0,0.0
0.0,0.0,0.9981927871704102,0.0,0.0,0.0,0.0,0.0,0.0,0.0
0.0,0.0,0.9981002807617188,0.0,0.0,0.0,0.0,0.0,0.0,0.0
0.0,0.0,0.997593879699707,0.0,0.0,0.0,0.0,0.0,0.0,0.0
0.0,0.0,0.999690055847168,0.0,0.0,0.0,0.0,0.0,0.0,0.0
0.0,0.0,0.9986753463745117,0.0,0.0,0.0,0.0,0.0,0.0,0.0
0.0,0.0,0.9998703002929688,0.0,0.0,0.0,0.0,0.0,0.0,0.0
0.0,0.0,0.9290447235107422,0.0,0.0,0.0,0.0,0.0,0.0,0.0
0.0,0.0,0.9763526916503906,0.0,0.0,0.0,0.0,0.0,0.0,0.0
0.0,0.0,0.9782829284667969,0.0,0.0,0.0,0.0,0.0,0.0,0.0
0.0,0.0,0.976628303527832,0.0,0.0,0.0,0.0,0.0,0.0,0.0
0.0,0.0,0.9764986038208008,0.0,0.0,0.0,0.0,0.0,0.0,0.0
0.0,0.0,0.9784860610961914,0.0,0.0,0.0,0.0,0.0,0.0,0.0
0.0,0.0,0.9769887924194336,0.0,0.0,0.0,0.0,0.0,0.0,0.0
0.0,0.0,0.9787130355834961,0.0,0.0,0.0,0.0,0.0,0.0,0.0
0.0,0.0,0.978022575378418,0.0,0.0,0.0,0.0,0.0,0.0,0.0
0.0,0.0,0.9794416427612305,0.0,0.0,0.0,0.0,0.0,0.0,0.0
0.8459231094212083,0.9165312521456527,0.9965219497680664,0.889832014932006,0.9448822613373602,0.8459231094212083,0.9165312521456527,0.889832014932006,0.9448822613373602,1.0
0.0,0.0,0.9776372909545898,0.0,0.0,0.0,0.0,0.0,0.0,0.0
0.0,0.0,0.9485969543457031,0.0,0.0,0.0,0.0,0.0,0.0,0.0
0.0,0.0,0.9608001708984375,0.0,0.0,0.0,0.0,0.0,0.0,0.0
0.0,0.0,0.9933538436889648,0.0,0.0,0.0,0.0,0.0,0.0,0.0
0.0,0.0,0.9949111938476562,0.0,0.0,0.0,0.0,0.0,0.0,0.0
0.0,0.0,0.9939146041870117,0.0,0.0,0.0,0.0,0.0,0.0,0.0
0.0,0.0,0.9945440292358398,0.0,0.0,0.0,0.0,0.0,0.0,0.0
0.0,0.0,0.9942712783813477,0.0,0.0,0.0,0.0,0.0,0.0,0.0
0.0,0.0,0.99578857421875,0.0,0.0,0.0,0.0,0.0,0.0,0.0
0.0,0.0,0.9960117340087891,0.0,0.0,0.0,0.0,0.0,0.0,0.0
0.634018540910923,0.7760236803157375,0.9991340637207031,0.9899307740717432,0.6381338742393509,0.634018540910923,0.7760236803157375,0.9899307740717432,0.6381338742393509,1.0
0.0,0.0,0.9974040985107422,0.0,0.0,0.0,0.0,0.0,0.0,0.0
0.0,0.0,0.9964742660522461,0.0,0.0,0.0,0.0,0.0,0.0,0.0
0.0,0.0,0.9959449768066406,0.0,0.0,0.0,0.0,0.0,0.0,0.0
0.0,0.0,0.9968442916870117,0.0,0.0,0.0,0.0,0.0,0.0,0.0
0.0,0.0,0.9914121627807617,0.0,0.0,0.0,0.0,0.0,0.0,0.0
0.0,0.0,0.9201421737670898,0.0,0.0,0.0,0.0,0.0,0.0,0.0
0.0,0.0,0.8614444732666016,0.0,0.0,0.0,0.0,0.0,0.0,0.0
0.0,0.0,0.8655080795288086,0.0,0.0,0.0,0.0,0.0,0.0,0.0
0.932134475387536,0.9648753616909341,0.9956703186035156,0.9835333827542152,0.9469120617132097,0.932134475387536,0.9648753616909341,0.9835333827542152,0.9469120617132097,1.0
0.0,0.0,0.9003133773803711,0.0,0.0,0.0,0.0,0.0,0.0,0.0
0.0,0.0,0.8756399154663086,0.0,0.0,0.0,0.0,0.0,0.0,0.0
0.0,0.0,0.8766870498657227,0.0,0.0,0.0,0.0,0.0,0.0,0.0
0.0,0.0,0.9347171783447266,0.0,0.0,0.0,0.0,0.0,0.0,0.0
0.0,0.0,0.935943603515625,0.0,0.0,0.0,0.0,0.0,0.0,0.0
0.0,0.0,0.9370489120483398,0.0,0.0,0.0,0.0,0.0,0.0,0.0
0.0,0.0,0.9323940277099609,0.0,0.0,0.0,0.0,0.0,0.0,0.0
0.0,0.0,0.956873893737793,0.0,0.0,0.0,0.0,0.0,0.0,0.0
0.0,0.0,0.9677448272705078,0.0,0.0,0.0,0.0,0.0,0.0,0.0
0.0,0.0,0.9702234268188477,0.0,0.0,0.0,0.0,0.0,0.0,0.0
0.8631881948120699,0.9265711292241579,0.9960565567016602,0.9912610661499297,0.8698072947922918,0.8631881948120699,0.9265711292241579,0.9912610661499297,0.8698072947922918,1.0
0.0,0.0,0.9474277496337891,0.0,0.0,0.0,0.0,0.0,0.0,0.0
0.0,0.0,0.8875532150268555,0.0,0.0,0.0,0.0,0.0,0.0,0.0
0.0,0.0,0.8927278518676758,0.0,0.0,0.0,0.0,0.0,0.0,0.0
0.0,0.0,0.657130241394043,0.0,0.0,0.0,0.0,0.0,0.0,0.0
0.0,0.0,0.8955602645874023,0.0,0.0,0.0,0.0,0.0,0.0,0.0
0.0,0.0,0.8460626602172852,0.0,0.0,0.0,0.0,0.0,0.0,0.0
0.7856153501446205,0.87993794417257,0.9799251556396484,0.929855226201526,0.8351070164232589,0.7856153501446205,0.87993794417257,0.929855226201526,0.8351070164232589,1.0
0.0,0.0,0.9104709625244141,0.0,0.0,0.0,0.0,0.0,0.0,0.0
0.0,0.0,0.7253866195678711,0.0,0.0,0.0,0.0,0.0,0.0,0.0
0.0,0.0,0.9110240936279297,0.0,0.0,0.0,0.0,0.0,0.0,0.0
0.0,0.0,0.9875154495239258,0.0,0.0,0.0,0.0,0.0,0.0,0.0
0.0,0.0,0.9786663055419922,0.0,0.0,0.0,0.0,0.0,0.0,0.0
0.0,0.0,0.9130983352661133,0.0,0.0,0.0,0.0,0.0,0.0,0.0
0.0,0.0,0.9954404830932617,0.0,0.0,0.0,0.0,0.0,0.0,0.0
0.0,0.0,0.9505014419555664,0.0,0.0,0.0,0.0,0.0,0.0,0.0
0.0,0.0,0.9539108276367188,0.0,0.0,0.0,0.0,0.0,0.0,0.0
0.0,0.0,0.9539365768432617,0.0,0.0,0.0,0.0,0.0,0.0,0.0
0.0,0.0,0.9538354873657227,0.0,0.0,0.0,0.0,0.0,0.0,0.0
0.0,0.0,0.9581966400146484,0.0,0.0,0.0,0.0,0.0,0.0,0.0
0.0,0.0,0.9631204605102539,0.0,0.0,0.0,0.0,0.0,0.0,0.0
0.0,0.0,0.9454526901245117,0.0,0.0,0.0,0.0,0.0,0.0,0.0
0.0,0.0,0.9567117691040039,0.0,0.0,0.0,0.0,0.0,0.0,0.0
0.0,0.0,0.9688739776611328,0.0,0.0,0.0,0.0,0.0,0.0,0.0
0.0,0.0,0.9501752853393555,0.0,0.0,0.0,0.0,0.0,0.0,0.0
0.0,0.0,0.990839958190918,0.0,0.0,0.0,0.0,0.0,0.0,0.0
0.0,0.0,0.996272087097168,0.0,0.0,0.0,0.0,0.0,0.0,0.0
0.0,0.0,0.9728546142578125,0.0,0.0,0.0,0.0,0.0,0.0,0.0
0.0,0.0,0.9985027313232422,0.0,0.0,0.0,0.0,0.0,0.0,0.0
0.0,0.0,0.9994144439697266,0.0,0.0,0.0,0.0,0.0,0.0,0.0
0.0,0.0,0.998753547668457,0.0,0.0,0.0,0.0,0.0,0.0,0.0
0.0,0.0,0.926121711730957,0.0,0.0,0.0,0.0,0.0,0.0,0.0
0.0,0.0,0.960413932800293,0.0,0.0,0.0,0.0,0.0,0.0,0.0
0.0,0.0,0.9230051040649414,0.0,0.0,0.0,0.0,0.0,0.0,0.0
0.0,0.0,0.9669227600097656,0.0,0.0,0.0,0.0,0.0,0.0,0.0
0.0,0.0,0.9645538330078125,0.0,0.0,0.0,0.0,0.0,0.0,0.0
0.0,0.0,0.9326486587524414,0.0,0.0,0.0,0.0,0.0,0.0,0.0
0.7949861276258422,0.8857852608335633,0.9960536956787109,0.9649987972095261,0.818589939802061,0.7949861276258422,0.8857852608335633,0.9649987972095261,0.818589939802061,1.0
0.0,0.0,0.9519472122192383,0.0,0.0,0.0,0.0,0.0,0.0,0.0
0.0,0.0,0.9707174301147461,0.0,0.0,0.0,0.0,0.0,0.0,0.0
0.0,0.0,0.8386640548706055,0.0,0.0,0.0,0.0,0.0,0.0,0.0
0.7637336921546832,0.8660419603615557,0.9845943450927734,0.8379146006835796,0.8961232860256388,0.7637336921546832,0.8660419603615557,0.8379146006835796,0.8961232860256388,1.0
0.0,0.0,0.8814888000488281,0.0,0.0,0.0,0.0,0.0,0.0,0.0
0.0,0.0,0.9422235488891602,0.0,0.0,0.0,0.0,0.0,0.0,0.0
0.0,0.0,0.9505825042724609,0.0,0.0,0.0,0.0,0.0,0.0,0.0
0.0,0.0,0.9804153442382812,0.0,0.0,0.0,0.0,0.0,0.0,0.0
0.0,0.0,0.9890613555908203,0.0,0.0,0.0,0.0,0.0,0.0,0.0
0.0,0.0,0.9812288284301758,0.0,0.0,0.0,0.0,0.0,0.0,0.0
0.0,0.0,0.9819831848144531,0.0,0.0,0.0,0.0,0.0,0.0,0.0
0.0,0.0,0.9876937866210938,0.0,0.0,0.0,0.0,0.0,0.0,0.0
0.0,0.0,0.9936008453369141,0.0,0.0,0.0,0.0,0.0,0.0,0.0
0.0,0.0,0.9939937591552734,0.0,0.0,0.0,0.0,0.0,0.0,0.0
0.0,0.0,0.9802207946777344,0.0,0.0,0.0,0.0,0.0,0.0,0.0
0.0,0.0,0.9949655532836914,0.0,0.0,0.0,0.0,0.0,0.0,0.0
0.0,0.0,0.9951696395874023,0.0,0.0,0.0,0.0,0.0,0.0,0.0
0.0,0.0,0.9883222579956055,0.0,0.0,0.0,0.0,0.0,0.0,0.0
0.0,0.0,0.9959163665771484,0.0,0.0,0.0,0.0,0.0,0.0,0.0
0.0,0.0,0.9059200286865234,0.0,0.0,0.0,0.0,0.0,0.0,0.0
0.0,0.0,0.9120883941650391,0.0,0.0,0.0,0.0,0.0,0.0,0.0
0.7835112342985198,0.878616539364481,0.9929981231689453,0.8554503895434936,0.9030723219140837,0.7835112342985198,0.878616539364481,0.8554503895434936,0.9030723219140837,1.0
0.0,0.0,0.9286699295043945,0.0,0.0,0.0,0.0,0.0,0.0,0.0
0.0,0.0,0.9658918380737305,0.0,0.0,0.0,0.0,0.0,0.0,0.0
0.0,0.0,0.9715204238891602,0.0,0.0,0.0,0.0,0.0,0.0,0.0
0.0,0.0,0.9668169021606445,0.0,0.0,0.0,0.0,0.0,0.0,0.0
0.0,0.0,0.9712400436401367,0.0,0.0,0.0,0.0,0.0,0.0,0.0
0.0,0.0,0.971369743347168,0.0,0.0,0.0,0.0,0.0,0.0,0.0
0.0,0.0,0.9711885452270508,0.0,0.0,0.0,0.0,0.0,0.0,0.0
0.0,0.0,0.9711360931396484,0.0,0.0,0.0,0.0,0.0,0.0,0.0
0.0,0.0,0.9710283279418945,0.0,0.0,0.0,0.0,0.0,0.0,0.0
0.0,0.0,0.9711551666259766,0.0,0.0,0.0,0.0,0.0,0.0,0.0
0.0,0.0,0.971592903137207,0.0,0.0,0.0,0.0,0.0,0.0,0.0
0.0,0.0,0.971837043762207,0.0,0.0,0.0,0.0,0.0,0.0,0.0
0.0,0.0,0.9718790054321289,0.0,0.0,0.0,0.0,0.0,0.0,0.0
0.0,0.0,0.9718971252441406,0.0,0.0,0.0,0.0,0.0,0.0,0.0
0.0,0.0,0.9714994430541992,0.0,0.0,0.0,0.0,0.0,0.0,0.0
0.0,0.0,0.9714202880859375,0.0,0.0,0.0,0.0,0.0,0.0,0.0
0.0,0.0,0.9780797958374023,0.0,0.0,0.0,0.0,0.0,0.0,0.0
0.0,0.0,0.9265155792236328,0.0,0.0,0.0,0.0,0.0,0.0,0.0
0.0,0.0,0.9343538284301758,0.0,0.0,0.0,0.0,0.0,0.0,0.0
0.0,0.0,0.9442071914672852,0.0,0.0,0.0,0.0,0.0,0.0,0.0
0.0,0.0,0.9471445083618164,0.0,0.0,0.0,0.0,0.0,0.0,0.0
0.0,0.0,0.9481744766235352,0.0,0.0,0.0,0.0,0.0,0.0,0.0
0.0,0.0,0.948847770690918,0.0,0.0,0.0,0.0,0.0,0.0,0.0
0.0,0.0,0.9470205307006836,0.0,0.0,0.0,0.0,0.0,0.0,0.0
0.0,0.0,0.9487075805664062,0.0,0.0,0.0,0.0,0.0,0.0,0.0
0.0,0.0,0.9499168395996094,0.0,0.0,0.0,0.0,0.0,0.0,0.0
0.0,0.0,0.9531040191650391,0.0,0.0,0.0,0.0,0.0,0.0,0.0
0.0,0.0,0.9831104278564453,0.0,0.0,0.0,0.0,0.0,0.0,0.0
0.0,0.0,0.9926910400390625,0.0,0.0,0.0,0.0,0.0,0.0,0.0
0.0,0.0,0.984766960144043,0.0,0.0,0.0,0.0,0.0,0.0,0.0
0.0,0.0,0.9956941604614258,0.0,0.0,0.0,0.0,0.0,0.0,0.0
0.0,0.0,0.992976188659668,0.0,0.0,0.0,0.0,0.0,0.0,0.0
0.0,0.0,0.9842948913574219,0.0,0.0,0.0,0.0,0.0,0.0,0.0
0.0,0.0,0.9955549240112305,0.0,0.0,0.0,0.0,0.0,0.0,0.0
0.0,0.0,0.9165105819702148,0.0,0.0,0.0,0.0,0.0,0.0,0.0
0.0,0.0,0.9960622787475586,0.0,0.0,0.0,0.0,0.0,0.0,0.0
0.0,0.0,0.8858709335327148,0.0,0.0,0.0,0.0,0.0,0.0,0.0
0.0,0.0,0.9960718154907227,0.0,0.0,0.0,0.0,0.0,0.0,0.0
0.0,0.0,0.9863405227661133,0.0,0.0,0.0,0.0,0.0,0.0,0.0
0.0,0.0,0.9830245971679688,0.0,0.0,0.0,0.0,0.0,0.0,0.0
0.0,0.0,0.9887599945068359,0.0,0.0,0.0,0.0,0.0,0.0,0.0
0.0,0.0,0.988922119140625,0.0,0.0,0.0,0.0,0.0,0.0,0.0
0.0,0.0,0.9856557846069336,0.0,0.0,0.0,0.0,0.0,0.0,0.0
0.0,0.0,0.9887361526489258,0.0,0.0,0.0,0.0,0.0,0.0,0.0
0.0,0.0,0.9886608123779297,0.0,0.0,0.0,0.0,0.0,0.0,0.0
0.0,0.0,0.9883012771606445,0.0,0.0,0.0,0.0,0.0,0.0,0.0
0.0,0.0,0.9885272979736328,0.0,0.0,0.0,0.0,0.0,0.0,0.0
0.0,0.0,0.9887876510620117,0.0,0.0,0.0,0.0,0.0,0.0,0.0
0.0,0.0,0.9895715713500977,0.0,0.0,0.0,0.0,0.0,0.0,0.0
0.0,0.0,0.9890823364257812,0.0,0.0,0.0,0.0,0.0,0.0,0.0
0.6530612244897959,0.7901234567901234,0.999821662902832,0.9750692520775623,0.6641509433962264,0.6530612244897959,0.7901234567901234,0.9750692520775623,0.6641509433962264,1.0
0.0,0.0,0.9941329956054688,0.0,0.0,0.0,0.0,0.0,0.0,0.0
0.0,0.0,0.9931583404541016,0.0,0.0,0.0,0.0,0.0,0.0,0.0
0.0,0.0,0.994502067565918,0.0,0.0,0.0,0.0,0.0,0.0,0.0
0.0,0.0,0.9858283996582031,0.0,0.0,0.0,0.0,0.0,0.0,0.0
0.0,0.0,0.9913463592529297,0.0,0.0,0.0,0.0,0.0,0.0,0.0
0.0,0.0,0.9981403350830078,0.0,0.0,0.0,0.0,0.0,0.0,0.0
0.0,0.0,0.9977407455444336,0.0,0.0,0.0,0.0,0.0,0.0,0.0
0.0,0.0,0.9982929229736328,0.0,0.0,0.0,0.0,0.0,0.0,0.0
0.0,0.0,0.9810085296630859,0.0,0.0,0.0,0.0,0.0,0.0,0.0
0.0,0.0,0.9750089645385742,0.0,0.0,0.0,0.0,0.0,0.0,0.0
0.0,0.0,0.968907356262207,0.0,0.0,0.0,0.0,0.0,0.0,0.0
0.0,0.0,0.9811992645263672,0.0,0.0,0.0,0.0,0.0,0.0,0.0
0.0,0.0,0.9813308715820312,0.0,0.0,0.0,0.0,0.0,0.0,0.0
0.0,0.0,0.9940223693847656,0.0,0.0,0.0,0.0,0.0,0.0,0.0
0.0,0.0,0.9967432022094727,0.0,0.0,0.0,0.0,0.0,0.0,0.0
0.0,0.0,0.9963769912719727,0.0,0.0,0.0,0.0,0.0,0.0,0.0
0.0,0.0,0.9965362548828125,0.0,0.0,0.0,0.0,0.0,0.0,0.0
0.0,0.0,0.9976301193237305,0.0,0.0,0.0,0.0,0.0,0.0,0.0
0.0,0.0,0.9966821670532227,0.0,0.0,0.0,0.0,0.0,0.0,0.0
0.858352144469526,0.9237777102945642,0.999760627746582,0.9530075187969925,0.8962875662934591,0.858352144469526,0.9237777102945642,0.9530075187969925,0.8962875662934591,1.0
0.0,0.0,0.9960269927978516,0.0,0.0,0.0,0.0,0.0,0.0,0.0
0.0,0.0,0.9969949722290039,0.0,0.0,0.0,0.0,0.0,0.0,0.0
0.0,0.0,0.9979486465454102,0.0,0.0,0.0,0.0,0.0,0.0,0.0
0.0,0.0,0.9969844818115234,0.0,0.0,0.0,0.0,0.0,0.0,0.0
0.0,0.0,0.996424674987793,0.0,0.0,0.0,0.0,0.0,0.0,0.0
0.0,0.0,0.9969158172607422,0.0,0.0,0.0,0.0,0.0,0.0,0.0
0.0,0.0,0.9970054626464844,0.0,0.0,0.0,0.0,0.0,0.0,0.0
0.0,0.0,0.9972705841064453,0.0,0.0,0.0,0.0,0.0,0.0,0.0
0.0,0.0,0.9955310821533203,0.0,0.0,0.0,0.0,0.0,0.0,0.0
0.0,0.0,0.9965457916259766,0.0,0.0,0.0,0.0,0.0,0.0,0.0
0.0,0.0,0.9965915679931641,0.0,0.0,0.0,0.0,0.0,0.0,0.0
0.0,0.0,0.9967937469482422,0.0,0.0,0.0,0.0,0.0,0.0,0.0
0.0,0.0,0.9970245361328125,0.0,0.0,0.0,0.0,0.0,0.0,0.0
0.0,0.0,0.9962787628173828,0.0,0.0,0.0,0.0,0.0,0.0,0.0
0.0,0.0,0.9966440200805664,0.0,0.0,0.0,0.0,0.0,0.0,0.0
0.0,0.0,0.996760368347168,0.0,0.0,0.0,0.0,0.0,0.0,0.0
0.0,0.0,0.9979972839355469,0.0,0.0,0.0,0.0,0.0,0.0,0.0
0.0,0.0,0.9960966110229492,0.0,0.0,0.0,0.0,0.0,0.0,0.0
0.0,0.0,0.9962930679321289,0.0,0.0,0.0,0.0,0.0,0.0,0.0
0.0,0.0,0.9976234436035156,0.0,0.0,0.0,0.0,0.0,0.0,0.0
0.0,0.0,0.9972410202026367,0.0,0.0,0.0,0.0,0.0,0.0,0.0
0.0,0.0,0.9981307983398438,0.0,0.0,0.0,0.0,0.0,0.0,0.0
0.0,0.0,0.9961309432983398,0.0,0.0,0.0,0.0,0.0,0.0,0.0
0.0,0.0,0.9973001480102539,0.0,0.0,0.0,0.0,0.0,0.0,0.0
0.0,0.0,0.9971208572387695,0.0,0.0,0.0,0.0,0.0,0.0,0.0
0.0,0.0,0.9974832534790039,0.0,0.0,0.0,0.0,0.0,0.0,0.0
0.0,0.0,0.9979410171508789,0.0,0.0,0.0,0.0,0.0,0.0,0.0
0.0,0.0,0.9978017807006836,0.0,0.0,0.0,0.0,0.0,0.0,0.0
0.0,0.0,0.9970684051513672,0.0,0.0,0.0,0.0,0.0,0.0,0.0
0.0,0.0,0.9970369338989258,0.0,0.0,0.0,0.0,0.0,0.0,0.0
0.0,0.0,0.9977855682373047,0.0,0.0,0.0,0.0,0.0,0.0,0.0
0.0,0.0,0.9978809356689453,0.0,0.0,0.0,0.0,0.0,0.0,0.0
0.0,0.0,0.9968137741088867,0.0,0.0,0.0,0.0,0.0,0.0,0.0
0.0,0.0,0.9977216720581055,0.0,0.0,0.0,0.0,0.0,0.0,0.0
0.0,0.0,0.9978351593017578,0.0,0.0,0.0,0.0,0.0,0.0,0.0
0.0,0.0,0.9810981750488281,0.0,0.0,0.0,0.0,0.0,0.0,0.0
0.0,0.0,0.9833221435546875,0.0,0.0,0.0,0.0,0.0,0.0,0.0
0.0,0.0,0.9697151184082031,0.0,0.0,0.0,0.0,0.0,0.0,0.0
0.0,0.0,0.9907922744750977,0.0,0.0,0.0,0.0,0.0,0.0,0.0
0.0,0.0,0.9450540542602539,0.0,0.0,0.0,0.0,0.0,0.0,0.0
0.0,0.0,0.9731531143188477,0.0,0.0,0.0,0.0,0.0,0.0,0.0
0.0,0.0,0.9947347640991211,0.0,0.0,0.0,0.0,0.0,0.0,0.0
0.0,0.0,0.9506969451904297,0.0,0.0,0.0,0.0,0.0,0.0,0.0
0.0,0.0,0.9783954620361328,0.0,0.0,0.0,0.0,0.0,0.0,0.0
0.0,0.0,0.9907522201538086,0.0,0.0,0.0,0.0,0.0,0.0,0.0
0.0,0.0,0.9886102676391602,0.0,0.0,0.0,0.0,0.0,0.0,0.0
0.0,0.0,0.9844112396240234,0.0,0.0,0.0,0.0,0.0,0.0,0.0
0.0,0.0,0.9842729568481445,0.0,0.0,0.0,0.0,0.0,0.0,0.0
0.0,0.0,0.9256811141967773,0.0,0.0,0.0,0.0,0.0,0.0,0.0
0.0,0.0,0.9938068389892578,0.0,0.0,0.0,0.0,0.0,0.0,0.0
0.0,0.0,0.9977569580078125,0.0,0.0,0.0,0.0,0.0,0.0,0.0
0.0,0.0,0.9984674453735352,0.0,0.0,0.0,0.0,0.0,0.0,0.0
0.7838010204081632,0.8787987129066858,0.9996767044067383,0.9586583463338534,0.8112211221122112,0.7838010204081632,0.8787987129066858,0.9586583463338534,0.8112211221122112,1.0
0.9800741642580322,0.9899368235283074,0.997955322265625,0.9918361972480084,0.9880447105339593,0.9800741642580322,0.9899368235283074,0.9918361972480084,0.9880447105339593,1.0
0.0,0.0,0.8918628692626953,0.0,0.0,0.0,0.0,0.0,0.0,0.0
0.0,0.0,0.8421258926391602,0.0,0.0,0.0,0.0,0.0,0.0,0.0
0.0,0.0,0.8350715637207031,0.0,0.0,0.0,0.0,0.0,0.0,0.0
0.0,0.0,0.8268308639526367,0.0,0.0,0.0,0.0,0.0,0.0,0.0
0.0,0.0,0.8919219970703125,0.0,0.0,0.0,0.0,0.0,0.0,0.0
0.0,0.0,0.8925991058349609,0.0,0.0,0.0,0.0,0.0,0.0,0.0
0.0,0.0,0.8893585205078125,0.0,0.0,0.0,0.0,0.0,0.0,0.0
0.0,0.0,0.8941116333007812,0.0,0.0,0.0,0.0,0.0,0.0,0.0
0.0,0.0,0.8959083557128906,0.0,0.0,0.0,0.0,0.0,0.0,0.0
0.0,0.0,0.9995279312133789,0.0,0.0,0.0,0.0,0.0,0.0,0.0
0.0,0.0,0.9930744171142578,0.0,0.0,0.0,0.0,0.0,0.0,0.0
0.0,0.0,0.9908294677734375,0.0,0.0,0.0,0.0,0.0,0.0,0.0
0.0,0.0,0.922816276550293,0.0,0.0,0.0,0.0,0.0,0.0,0.0
0.8782789205510474,0.9351954184667939,0.999384880065918,0.9775257298886788,0.8963790446841294,0.8782789205510474,0.9351954184667939,0.9775257298886788,0.8963790446841294,1.0
0.0,0.0,0.9546594619750977,0.0,0.0,0.0,0.0,0.0,0.0,0.0
0.0,0.0,0.9810466766357422,0.0,0.0,0.0,0.0,0.0,0.0,0.0
0.0,0.0,0.947932243347168,0.0,0.0,0.0,0.0,0.0,0.0,0.0
0.0,0.0,0.9917192459106445,0.0,0.0,0.0,0.0,0.0,0.0,0.0
0.0,0.0,0.9986448287963867,0.0,0.0,0.0,0.0,0.0,0.0,0.0
0.0,0.0,0.9954853057861328,0.0,0.0,0.0,0.0,0.0,0.0,0.0
0.0,0.0,0.9987087249755859,0.0,0.0,0.0,0.0,0.0,0.0,0.0
0.0,0.0,0.9976921081542969,0.0,0.0,0.0,0.0,0.0,0.0,0.0
0.0,0.0,0.9980688095092773,0.0,0.0,0.0,0.0,0.0,0.0,0.0
0.0,0.0,0.9980545043945312,0.0,0.0,0.0,0.0,0.0,0.0,0.0
0.0,0.0,0.9971094131469727,0.0,0.0,0.0,0.0,0.0,0.0,0.0
0.0,0.0,0.997314453125,0.0,0.0,0.0,0.0,0.0,0.0,0.0
0.0,0.0,0.999079704284668,0.0,0.0,0.0,0.0,0.0,0.0,0.0
0.0,0.0,0.9985160827636719,0.0,0.0,0.0,0.0,0.0,0.0,0.0
0.0,0.0,0.9980154037475586,0.0,0.0,0.0,0.0,0.0,0.0,0.0
0.0,0.0,0.999176025390625,0.0,0.0,0.0,0.0,0.0,0.0,0.0
0.0,0.0,0.9990949630737305,0.0,0.0,0.0,0.0,0.0,0.0,0.0
0.0,0.0,0.9990558624267578,0.0,0.0,0.0,0.0,0.0,0.0,0.0
0.0,0.0,0.9127540588378906,0.0,0.0,0.0,0.0,0.0,0.0,0.0
0.0,0.0,0.9853706359863281,0.0,0.0,0.0,0.0,0.0,0.0,0.0
0.0,0.0,0.9408512115478516,0.0,0.0,0.0,0.0,0.0,0.0,0.0
0.0,0.0,0.9854011535644531,0.0,0.0,0.0,0.0,0.0,0.0,0.0
0.0,0.0,0.9399147033691406,0.0,0.0,0.0,0.0,0.0,0.0,0.0
0.0,0.0,0.9800987243652344,0.0,0.0,0.0,0.0,0.0,0.0,0.0
0.0,0.0,0.9889154434204102,0.0,0.0,0.0,0.0,0.0,0.0,0.0
0.0,0.0,0.9766387939453125,0.0,0.0,0.0,0.0,0.0,0.0,0.0
0.0,0.0,0.9795694351196289,0.0,0.0,0.0,0.0,0.0,0.0,0.0
0.0,0.0,0.9595098495483398,0.0,0.0,0.0,0.0,0.0,0.0,0.0
0.0,0.0,0.9795322418212891,0.0,0.0,0.0,0.0,0.0,0.0,0.0
0.0,0.0,0.9809532165527344,0.0,0.0,0.0,0.0,0.0,0.0,0.0
0.0,0.0,0.9808349609375,0.0,0.0,0.0,0.0,0.0,0.0,0.0
0.0,0.0,0.9274368286132812,0.0,0.0,0.0,0.0,0.0,0.0,0.0
0.0,0.0,0.9731502532958984,0.0,0.0,0.0,0.0,0.0,0.0,0.0
0.0,0.0,0.9777688980102539,0.0,0.0,0.0,0.0,0.0,0.0,0.0
0.9376156631353091,0.9678035546204529,0.9977817535400391,0.9682860624861511,0.9673215273934699,0.9376156631353091,0.9678035546204529,0.9682860624861511,0.9673215273934699,1.0
0.0,0.0,0.9600944519042969,0.0,0.0,0.0,0.0,0.0,0.0,0.0
0.0,0.0,0.959406852722168,0.0,0.0,0.0,0.0,0.0,0.0,0.0
0.0,0.0,0.8799257278442383,0.0,0.0,0.0,0.0,0.0,0.0,0.0
0.0,0.0,0.949427604675293,0.0,0.0,0.0,0.0,0.0,0.0,0.0
0.0,0.0,0.9652194976806641,0.0,0.0,0.0,0.0,0.0,0.0,0.0
0.0,0.0,0.9652643203735352,0.0,0.0,0.0,0.0,0.0,0.0,0.0
0.0,0.0,0.9796171188354492,0.0,0.0,0.0,0.0,0.0,0.0,0.0
0.0,0.0,0.9629364013671875,0.0,0.0,0.0,0.0,0.0,0.0,0.0
0.0,0.0,0.9641475677490234,0.0,0.0,0.0,0.0,0.0,0.0,0.0
0.0,0.0,0.9660778045654297,0.0,0.0,0.0,0.0,0.0,0.0,0.0
0.0,0.0,0.7594032287597656,0.0,0.0,0.0,0.0,0.0,0.0,0.0
0.0,0.0,0.9662284851074219,0.0,0.0,0.0,0.0,0.0,0.0,0.0
0.0,0.0,0.923396110534668,0.0,0.0,0.0,0.0,0.0,0.0,0.0
0.0,0.0,0.9211244583129883,0.0,0.0,0.0,0.0,0.0,0.0,0.0
0.0,0.0,0.9225502014160156,0.0,0.0,0.0,0.0,0.0,0.0,0.0
0.0,0.0,0.9479084014892578,0.0,0.0,0.0,0.0,0.0,0.0,0.0
0.0,0.0,0.9493093490600586,0.0,0.0,0.0,0.0,0.0,0.0,0.0
0.0,0.0,0.94970703125,0.0,0.0,0.0,0.0,0.0,0.0,0.0
0.0,0.0,0.935877799987793,0.0,0.0,0.0,0.0,0.0,0.0,0.0
0.0,0.0,0.9003877639770508,0.0,0.0,0.0,0.0,0.0,0.0,0.0
0.0,0.0,0.950836181640625,0.0,0.0,0.0,0.0,0.0,0.0,0.0
0.0,0.0,0.9378032684326172,0.0,0.0,0.0,0.0,0.0,0.0,0.0
0.0,0.0,0.9377574920654297,0.0,0.0,0.0,0.0,0.0,0.0,0.0
0.0,0.0,0.9505605697631836,0.0,0.0,0.0,0.0,0.0,0.0,0.0
0.0,0.0,0.9438028335571289,0.0,0.0,0.0,0.0,0.0,0.0,0.0
0.0,0.0,0.9552192687988281,0.0,0.0,0.0,0.0,0.0,0.0,0.0
0.0,0.0,0.9629497528076172,0.0,0.0,0.0,0.0,0.0,0.0,0.0
0.0,0.0,0.9657583236694336,0.0,0.0,0.0,0.0,0.0,0.0,0.0
0.0,0.0,0.9644060134887695,0.0,0.0,0.0,0.0,0.0,0.0,0.0
0.0,0.0,0.9656248092651367,0.0,0.0,0.0,0.0,0.0,0.0,0.0
0.0,0.0,0.9849119186401367,0.0,0.0,0.0,0.0,0.0,0.0,0.0
0.0,0.0,0.869354248046875,0.0,0.0,0.0,0.0,0.0,0.0,0.0
0.0,0.0,0.9919595718383789,0.0,0.0,0.0,0.0,0.0,0.0,0.0
0.0,0.0,0.9487705230712891,0.0,0.0,0.0,0.0,0.0,0.0,0.0
0.0,0.0,0.9669122695922852,0.0,0.0,0.0,0.0,0.0,0.0,0.0
0.0,0.0,0.957829475402832,0.0,0.0,0.0,0.0,0.0,0.0,0.0
0.0,0.0,0.9680747985839844,0.0,0.0,0.0,0.0,0.0,0.0,0.0
0.0,0.0,0.98577880859375,0.0,0.0,0.0,0.0,0.0,0.0,0.0
0.0,0.0,0.9397249221801758,0.0,0.0,0.0,0.0,0.0,0.0,0.0
0.0,0.0,0.9309301376342773,0.0,0.0,0.0,0.0,0.0,0.0,0.0
0.0,0.0,0.9967641830444336,0.0,0.0,0.0,0.0,0.0,0.0,0.0
0.0,0.0,0.9977874755859375,0.0,0.0,0.0,0.0,0.0,0.0,0.0
0.0,0.0,0.9985475540161133,0.0,0.0,0.0,0.0,0.0,0.0,0.0
0.0,0.0,0.9983816146850586,0.0,0.0,0.0,0.0,0.0,0.0,0.0
0.0,0.0,0.9986181259155273,0.0,0.0,0.0,0.0,0.0,0.0,0.0
0.0,0.0,0.9676952362060547,0.0,0.0,0.0,0.0,0.0,0.0,0.0
0.0,0.0,0.9986371994018555,0.0,0.0,0.0,0.0,0.0,0.0,0.0
0.0,0.0,0.9988822937011719,0.0,0.0,0.0,0.0,0.0,0.0,0.0
0.0,0.0,0.9988794326782227,0.0,0.0,0.0,0.0,0.0,0.0,0.0
0.0,0.0,0.9985313415527344,0.0,0.0,0.0,0.0,0.0,0.0,0.0
0.0,0.0,0.9979066848754883,0.0,0.0,0.0,0.0,0.0,0.0,0.0
0.0,0.0,0.9991264343261719,0.0,0.0,0.0,0.0,0.0,0.0,0.0
0.0,0.0,0.9988584518432617,0.0,0.0,0.0,0.0,0.0,0.0,0.0
0.0,0.0,0.9992246627807617,0.0,0.0,0.0,0.0,0.0,0.0,0.0
0.0,0.0,0.9988889694213867,0.0,0.0,0.0,0.0,0.0,0.0,0.0
0.0,0.0,0.9991188049316406,0.0,0.0,0.0,0.0,0.0,0.0,0.0
0.0,0.0,0.9988164901733398,0.0,0.0,0.0,0.0,0.0,0.0,0.0
0.0,0.0,0.9990663528442383,0.0,0.0,0.0,0.0,0.0,0.0,0.0
0.0,0.0,0.9988040924072266,0.0,0.0,0.0,0.0,0.0,0.0,0.0
0.0,0.0,0.945648193359375,0.0,0.0,0.0,0.0,0.0,0.0,0.0
0.0,0.0,0.9702119827270508,0.0,0.0,0.0,0.0,0.0,0.0,0.0
0.0,0.0,0.9728765487670898,0.0,0.0,0.0,0.0,0.0,0.0,0.0
0.0,0.0,0.948298454284668,0.0,0.0,0.0,0.0,0.0,0.0,0.0
0.0,0.0,0.9207773208618164,0.0,0.0,0.0,0.0,0.0,0.0,0.0
0.0,0.0,0.9715127944946289,0.0,0.0,0.0,0.0,0.0,0.0,0.0
0.0,0.0,0.9526233673095703,0.0,0.0,0.0,0.0,0.0,0.0,0.0
0.0,0.0,0.9862403869628906,0.0,0.0,0.0,0.0,0.0,0.0,0.0
0.0,0.0,0.9934959411621094,0.0,0.0,0.0,0.0,0.0,0.0,0.0
0.0,0.0,0.9923830032348633,0.0,0.0,0.0,0.0,0.0,0.0,0.0
0.0,0.0,0.9471893310546875,0.0,0.0,0.0,0.0,0.0,0.0,0.0
0.5025627191799299,0.6689407540394973,0.9982414245605469,1.0,0.5025627191799299,0.5025627191799299,0.6689407540394973,1.0,0.5025627191799299,1.0
0.0,0.0,0.9906339645385742,0.0,0.0,0.0,0.0,0.0,0.0,0.0
0.0,0.0,0.9955301284790039,0.0,0.0,0.0,0.0,0.0,0.0,0.0
0.0,0.0,0.9845991134643555,0.0,0.0,0.0,0.0,0.0,0.0,0.0
0.0,0.0,0.9822359085083008,0.0,0.0,0.0,0.0,0.0,0.0,0.0
0.0,0.0,0.9921207427978516,0.0,0.0,0.0,0.0,0.0,0.0,0.0
0.0,0.0,0.9921493530273438,0.0,0.0,0.0,0.0,0.0,0.0,0.0
0.0,0.0,0.9978742599487305,0.0,0.0,0.0,0.0,0.0,0.0,0.0
0.0,0.0,0.9990100860595703,0.0,0.0,0.0,0.0,0.0,0.0,0.0
0.0,0.0,0.9989547729492188,0.0,0.0,0.0,0.0,0.0,0.0,0.0
0.0,0.0,0.9981575012207031,0.0,0.0,0.0,0.0,0.0,0.0,0.0
0.0,0.0,0.9119529724121094,0.0,0.0,0.0,0.0,0.0,0.0,0.0
0.0,0.0,0.9969139099121094,0.0,0.0,0.0,0.0,0.0,0.0,0.0
0.0,0.0,0.9946451187133789,0.0,0.0,0.0,0.0,0.0,0.0,0.0
0.0,0.0,0.9874343872070312,0.0,0.0,0.0,0.0,0.0,0.0,0.0
0.7701342281879194,0.8701421800947867,0.9998693466186523,0.8676748582230623,0.8726235741444867,0.7701342281879194,0.8701421800947867,0.8676748582230623,0.8726235741444867,1.0
0.0,0.0,0.9859390258789062,0.0,0.0,0.0,0.0,0.0,0.0,0.0
0.0,0.0,0.9985027313232422,0.0,0.0,0.0,0.0,0.0,0.0,0.0
0.0,0.0,0.9949741363525391,0.0,0.0,0.0,0.0,0.0,0.0,0.0
0.0,0.0,0.9989480972290039,0.0,0.0,0.0,0.0,0.0,0.0,0.0
0.0,0.0,0.9871339797973633,0.0,0.0,0.0,0.0,0.0,0.0,0.0
0.0,0.0,0.9935884475708008,0.0,0.0,0.0,0.0,0.0,0.0,0.0
0.0,0.0,0.9989109039306641,0.0,0.0,0.0,0.0,0.0,0.0,0.0
0.0,0.0,0.9985876083374023,0.0,0.0,0.0,0.0,0.0,0.0,0.0
0.0,0.0,0.9938669204711914,0.0,0.0,0.0,0.0,0.0,0.0,0.0
0.0,0.0,0.9989471435546875,0.0,0.0,0.0,0.0,0.0,0.0,0.0
0.0,0.0,0.9990129470825195,0.0,0.0,0.0,0.0,0.0,0.0,0.0
0.0,0.0,0.9988012313842773,0.0,0.0,0.0,0.0,0.0,0.0,0.0
0.0,0.0,0.9990692138671875,0.0,0.0,0.0,0.0,0.0,0.0,0.0
0.0,0.0,0.9993686676025391,0.0,0.0,0.0,0.0,0.0,0.0,0.0
0.0,0.0,0.9993324279785156,0.0,0.0,0.0,0.0,0.0,0.0,0.0
0.0,0.0,0.9991245269775391,0.0,0.0,0.0,0.0,0.0,0.0,0.0
0.0,0.0,0.9990329742431641,0.0,0.0,0.0,0.0,0.0,0.0,0.0
0.0,0.0,0.8896942138671875,0.0,0.0,0.0,0.0,0.0,0.0,0.0
0.0,0.0,0.9492425918579102,0.0,0.0,0.0,0.0,0.0,0.0,0.0
0.0,0.0,0.9937343597412109,0.0,0.0,0.0,0.0,0.0,0.0,0.0
0.0,0.0,0.9897489547729492,0.0,0.0,0.0,0.0,0.0,0.0,0.0
0.0,0.0,0.9786758422851562,0.0,0.0,0.0,0.0,0.0,0.0,0.0
0.0,0.0,0.9442052841186523,0.0,0.0,0.0,0.0,0.0,0.0,0.0
0.0,0.0,0.9991054534912109,0.0,0.0,0.0,0.0,0.0,0.0,0.0
0.0,0.0,0.9971389770507812,0.0,0.0,0.0,0.0,0.0,0.0,0.0
0.0,0.0,0.998870849609375,0.0,0.0,0.0,0.0,0.0,0.0,0.0
0.0,0.0,0.984222412109375,0.0,0.0,0.0,0.0,0.0,0.0,0.0
0.0,0.0,0.9975948333740234,0.0,0.0,0.0,0.0,0.0,0.0,0.0
0.0,0.0,0.9988813400268555,0.0,0.0,0.0,0.0,0.0,0.0,0.0
0.0,0.0,0.9993410110473633,0.0,0.0,0.0,0.0,0.0,0.0,0.0
0.0,0.0,0.9998674392700195,0.0,0.0,0.0,0.0,0.0,0.0,0.0
0.0,0.0,0.9998416900634766,0.0,0.0,0.0,0.0,0.0,0.0,0.0
0.0,0.0,0.9889802932739258,0.0,0.0,0.0,0.0,0.0,0.0,0.0
0.0,0.0,0.961390495300293,0.0,0.0,0.0,0.0,0.0,0.0,0.0
0.0,0.0,0.9589700698852539,0.0,0.0,0.0,0.0,0.0,0.0,0.0
0.0,0.0,0.8872365951538086,0.0,0.0,0.0,0.0,0.0,0.0,0.0
0.0,0.0,0.9953479766845703,0.0,0.0,0.0,0.0,0.0,0.0,0.0
0.0,0.0,0.9930620193481445,0.0,0.0,0.0,0.0,0.0,0.0,0.0
0.0,0.0,0.9986848831176758,0.0,0.0,0.0,0.0,0.0,0.0,0.0
0.0,0.0,0.9902791976928711,0.0,0.0,0.0,0.0,0.0,0.0,0.0
0.0,0.0,0.9889097213745117,0.0,0.0,0.0,0.0,0.0,0.0,0.0
0.0,0.0,0.9917583465576172,0.0,0.0,0.0,0.0,0.0,0.0,0.0
0.0,0.0,0.9937171936035156,0.0,0.0,0.0,0.0,0.0,0.0,0.0
0.0,0.0,0.9933633804321289,0.0,0.0,0.0,0.0,0.0,0.0,0.0
0.0,0.0,0.9900798797607422,0.0,0.0,0.0,0.0,0.0,0.0,0.0
0.0,0.0,0.9913606643676758,0.0,0.0,0.0,0.0,0.0,0.0,0.0
0.0,0.0,0.9933815002441406,0.0,0.0,0.0,0.0,0.0,0.0,0.0
0.0,0.0,0.9945192337036133,0.0,0.0,0.0,0.0,0.0,0.0,0.0
0.0,0.0,0.9901151657104492,0.0,0.0,0.0,0.0,0.0,0.0,0.0
0.0,0.0,0.9932241439819336,0.0,0.0,0.0,0.0,0.0,0.0,0.0
0.0,0.0,0.9913053512573242,0.0,0.0,0.0,0.0,0.0,0.0,0.0
0.0,0.0,0.993159294128418,0.0,0.0,0.0,0.0,0.0,0.0,0.0
0.0,0.0,0.9931201934814453,0.0,0.0,0.0,0.0,0.0,0.0,0.0
0.0,0.0,0.9895830154418945,0.0,0.0,0.0,0.0,0.0,0.0,0.0
0.0,0.0,0.9906415939331055,0.0,0.0,0.0,0.0,0.0,0.0,0.0
0.0,0.0,0.993617057800293,0.0,0.0,0.0,0.0,0.0,0.0,0.0
0.0,0.0,0.9904241561889648,0.0,0.0,0.0,0.0,0.0,0.0,0.0
0.0,0.0,0.9937410354614258,0.0,0.0,0.0,0.0,0.0,0.0,0.0
0.0,0.0,0.9941282272338867,0.0,0.0,0.0,0.0,0.0,0.0,0.0
0.0,0.0,0.9940567016601562,0.0,0.0,0.0,0.0,0.0,0.0,0.0
0.0,0.0,0.9915237426757812,0.0,0.0,0.0,0.0,0.0,0.0,0.0
0.0,0.0,0.9931831359863281,0.0,0.0,0.0,0.0,0.0,0.0,0.0
0.0,0.0,0.9944009780883789,0.0,0.0,0.0,0.0,0.0,0.0,0.0
0.0,0.0,0.9935503005981445,0.0,0.0,0.0,0.0,0.0,0.0,0.0
0.0,0.0,0.9921293258666992,0.0,0.0,0.0,0.0,0.0,0.0,0.0
0.0,0.0,0.9940357208251953,0.0,0.0,0.0,0.0,0.0,0.0,0.0
0.0,0.0,0.9934406280517578,0.0,0.0,0.0,0.0,0.0,0.0,0.0
0.0,0.0,0.9940357208251953,0.0,0.0,0.0,0.0,0.0,0.0,0.0
0.0,0.0,0.991572380065918,0.0,0.0,0.0,0.0,0.0,0.0,0.0
0.0,0.0,0.990046501159668,0.0,0.0,0.0,0.0,0.0,0.0,0.0
0.0,0.0,0.9921817779541016,0.0,0.0,0.0,0.0,0.0,0.0,0.0
0.0,0.0,0.9938879013061523,0.0,0.0,0.0,0.0,0.0,0.0,0.0
0.0,0.0,0.9921426773071289,0.0,0.0,0.0,0.0,0.0,0.0,0.0
0.0,0.0,0.9904842376708984,0.0,0.0,0.0,0.0,0.0,0.0,0.0
0.0,0.0,0.9919672012329102,0.0,0.0,0.0,0.0,0.0,0.0,0.0
0.0,0.0,0.9939117431640625,0.0,0.0,0.0,0.0,0.0,0.0,0.0
0.0,0.0,0.9929399490356445,0.0,0.0,0.0,0.0,0.0,0.0,0.0
0.0,0.0,0.9936065673828125,0.0,0.0,0.0,0.0,0.0,0.0,0.0
0.0,0.0,0.9944972991943359,0.0,0.0,0.0,0.0,0.0,0.0,0.0
0.0,0.0,0.9954462051391602,0.0,0.0,0.0,0.0,0.0,0.0,0.0
0.0,0.0,0.993678092956543,0.0,0.0,0.0,0.0,0.0,0.0,0.0
0.0,0.0,0.9929437637329102,0.0,0.0,0.0,0.0,0.0,0.0,0.0
0.0,0.0,0.9949665069580078,0.0,0.0,0.0,0.0,0.0,0.0,0.0
0.0,0.0,0.9927892684936523,0.0,0.0,0.0,0.0,0.0,0.0,0.0
0.0,0.0,0.9932518005371094,0.0,0.0,0.0,0.0,0.0,0.0,0.0
0.0,0.0,0.9951047897338867,0.0,0.0,0.0,0.0,0.0,0.0,0.0
0.0,0.0,0.9928579330444336,0.0,0.0,0.0,0.0,0.0,0.0,0.0
0.0,0.0,0.9942283630371094,0.0,0.0,0.0,0.0,0.0,0.0,0.0
0.0,0.0,0.9942102432250977,0.0,0.0,0.0,0.0,0.0,0.0,0.0
0.0,0.0,0.9947710037231445,0.0,0.0,0.0,0.0,0.0,0.0,0.0
0.0,0.0,0.9956254959106445,0.0,0.0,0.0,0.0,0.0,0.0,0.0
0.0,0.0,0.9932365417480469,0.0,0.0,0.0,0.0,0.0,0.0,0.0
0.9319329965434725,0.964767409854115,0.999755859375,0.978230533072844,0.9516698343741515,0.9319329965434725,0.964767409854115,0.978230533072844,0.9516698343741515,1.0
0.0,0.0,0.9959173202514648,0.0,0.0,0.0,0.0,0.0,0.0,0.0
0.0,0.0,0.9938421249389648,0.0,0.0,0.0,0.0,0.0,0.0,0.0
0.0,0.0,0.9935503005981445,0.0,0.0,0.0,0.0,0.0,0.0,0.0
0.0,0.0,0.9944543838500977,0.0,0.0,0.0,0.0,0.0,0.0,0.0
0.0,0.0,0.9956989288330078,0.0,0.0,0.0,0.0,0.0,0.0,0.0
0.0,0.0,0.9960336685180664,0.0,0.0,0.0,0.0,0.0,0.0,0.0
0.0,0.0,0.9963006973266602,0.0,0.0,0.0,0.0,0.0,0.0,0.0
0.0,0.0,0.9943304061889648,0.0,0.0,0.0,0.0,0.0,0.0,0.0
0.0,0.0,0.9946517944335938,0.0,0.0,0.0,0.0,0.0,0.0,0.0
0.0,0.0,0.9913978576660156,0.0,0.0,0.0,0.0,0.0,0.0,0.0
0.0,0.0,0.9949140548706055,0.0,0.0,0.0,0.0,0.0,0.0,0.0
0.0,0.0,0.9954795837402344,0.0,0.0,0.0,0.0,0.0,0.0,0.0
0.6931407942238267,0.8187633262260128,0.9999189376831055,0.9320388349514563,0.7300380228136882,0.6931407942238267,0.8187633262260128,0.9320388349514563,0.7300380228136882,1.0
0.0,0.0,0.9993820190429688,0.0,0.0,0.0,0.0,0.0,0.0,0.0
0.0,0.0,0.9981784820556641,0.0,0.0,0.0,0.0,0.0,0.0,0.0
0.0,0.0,0.9578466415405273,0.0,0.0,0.0,0.0,0.0,0.0,0.0
0.0,0.0,0.9551973342895508,0.0,0.0,0.0,0.0,0.0,0.0,0.0
0.0,0.0,0.9594917297363281,0.0,0.0,0.0,0.0,0.0,0.0,0.0
0.0,0.0,0.9968385696411133,0.0,0.0,0.0,0.0,0.0,0.0,0.0
0.0,0.0,0.9974775314331055,0.0,0.0,0.0,0.0,0.0,0.0,0.0
0.0,0.0,0.9977788925170898,0.0,0.0,0.0,0.0,0.0,0.0,0.0
0.0,0.0,0.9624052047729492,0.0,0.0,0.0,0.0,0.0,0.0,0.0
0.0,0.0,0.9836435317993164,0.0,0.0,0.0,0.0,0.0,0.0,0.0
0.0,0.0,0.9982976913452148,0.0,0.0,0.0,0.0,0.0,0.0,0.0
0.0,0.0,0.9945516586303711,0.0,0.0,0.0,0.0,0.0,0.0,0.0
0.0,0.0,0.9983339309692383,0.0,0.0,0.0,0.0,0.0,0.0,0.0
0.0,0.0,0.9961833953857422,0.0,0.0,0.0,0.0,0.0,0.0,0.0
0.0,0.0,0.9996957778930664,0.0,0.0,0.0,0.0,0.0,0.0,0.0
0.0,0.0,0.9990062713623047,0.0,0.0,0.0,0.0,0.0,0.0,0.0
0.0,0.0,0.999506950378418,0.0,0.0,0.0,0.0,0.0,0.0,0.0
0.0,0.0,0.9997520446777344,0.0,0.0,0.0,0.0,0.0,0.0,0.0
0.0,0.0,0.9996204376220703,0.0,0.0,0.0,0.0,0.0,0.0,0.0
0.0,0.0,0.990814208984375,0.0,0.0,0.0,0.0,0.0,0.0,0.0
0.0,0.0,0.992828369140625,0.0,0.0,0.0,0.0,0.0,0.0,0.0
0.0,0.0,0.9916496276855469,0.0,0.0,0.0,0.0,0.0,0.0,0.0
0.0,0.0,0.9914541244506836,0.0,0.0,0.0,0.0,0.0,0.0,0.0
0.0,0.0,0.9926204681396484,0.0,0.0,0.0,0.0,0.0,0.0,0.0
0.0,0.0,0.9925956726074219,0.0,0.0,0.0,0.0,0.0,0.0,0.0
0.0,0.0,0.985356330871582,0.0,0.0,0.0,0.0,0.0,0.0,0.0
0.0,0.0,0.9921073913574219,0.0,0.0,0.0,0.0,0.0,0.0,0.0
0.0,0.0,0.981144905090332,0.0,0.0,0.0,0.0,0.0,0.0,0.0
0.0,0.0,0.9884862899780273,0.0,0.0,0.0,0.0,0.0,0.0,0.0
0.0,0.0,0.9839935302734375,0.0,0.0,0.0,0.0,0.0,0.0,0.0
0.0,0.0,0.9913396835327148,0.0,0.0,0.0,0.0,0.0,0.0,0.0
0.0,0.0,0.9948482513427734,0.0,0.0,0.0,0.0,0.0,0.0,0.0
0.0,0.0,0.9320735931396484,0.0,0.0,0.0,0.0,0.0,0.0,0.0
0.0,0.0,0.9443025588989258,0.0,0.0,0.0,0.0,0.0,0.0,0.0
0.0,0.0,0.9506826400756836,0.0,0.0,0.0,0.0,0.0,0.0,0.0
0.0,0.0,0.9957542419433594,0.0,0.0,0.0,0.0,0.0,0.0,0.0
0.0,0.0,0.9775199890136719,0.0,0.0,0.0,0.0,0.0,0.0,0.0
0.0,0.0,0.9878253936767578,0.0,0.0,0.0,0.0,0.0,0.0,0.0
0.0,0.0,0.9983797073364258,0.0,0.0,0.0,0.0,0.0,0.0,0.0
0.0,0.0,0.9936380386352539,0.0,0.0,0.0,0.0,0.0,0.0,0.0
0.0,0.0,0.9856443405151367,0.0,0.0,0.0,0.0,0.0,0.0,0.0
0.0,0.0,0.9949178695678711,0.0,0.0,0.0,0.0,0.0,0.0,0.0
0.0,0.0,0.9988641738891602,0.0,0.0,0.0,0.0,0.0,0.0,0.0
0.0,0.0,0.9997682571411133,0.0,0.0,0.0,0.0,0.0,0.0,0.0
0.0,0.0,0.9999141693115234,0.0,0.0,0.0,0.0,0.0,0.0,0.0
0.0,0.0,0.9753875732421875,0.0,0.0,0.0,0.0,0.0,0.0,0.0
0.0,0.0,0.9799680709838867,0.0,0.0,0.0,0.0,0.0,0.0,0.0
0.0,0.0,0.9805583953857422,0.0,0.0,0.0,0.0,0.0,0.0,0.0
0.6576590487955528,0.7934792734047508,0.9978857040405273,0.7250595846101464,0.876157169306727,0.6576590487955528,0.7934792734047508,0.7250595846101464,0.876157169306727,1.0
0.0,0.0,0.9809017181396484,0.0,0.0,0.0,0.0,0.0,0.0,0.0
0.0,0.0,0.9856538772583008,0.0,0.0,0.0,0.0,0.0,0.0,0.0
0.0,0.0,0.9743719100952148,0.0,0.0,0.0,0.0,0.0,0.0,0.0
0.0,0.0,0.9836215972900391,0.0,0.0,0.0,0.0,0.0,0.0,0.0
0.0,0.0,0.9792318344116211,0.0,0.0,0.0,0.0,0.0,0.0,0.0
0.0,0.0,0.9909477233886719,0.0,0.0,0.0,0.0,0.0,0.0,0.0
0.0,0.0,0.9770994186401367,0.0,0.0,0.0,0.0,0.0,0.0,0.0
0.0,0.0,0.9905567169189453,0.0,0.0,0.0,0.0,0.0,0.0,0.0
0.0,0.0,0.9903736114501953,0.0,0.0,0.0,0.0,0.0,0.0,0.0
0.0,0.0,0.9892997741699219,0.0,0.0,0.0,0.0,0.0,0.0,0.0
0.0,0.0,0.9891157150268555,0.0,0.0,0.0,0.0,0.0,0.0,0.0
0.0,0.0,0.9932098388671875,0.0,0.0,0.0,0.0,0.0,0.0,0.0
0.0,0.0,0.9915237426757812,0.0,0.0,0.0,0.0,0.0,0.0,0.0
0.0,0.0,0.9936485290527344,0.0,0.0,0.0,0.0,0.0,0.0,0.0
0.0,0.0,0.9942436218261719,0.0,0.0,0.0,0.0,0.0,0.0,0.0
0.0,0.0,0.9902544021606445,0.0,0.0,0.0,0.0,0.0,0.0,0.0
0.0,0.0,0.9928092956542969,0.0,0.0,0.0,0.0,0.0,0.0,0.0
0.0,0.0,0.9927244186401367,0.0,0.0,0.0,0.0,0.0,0.0,0.0
0.6985723556132382,0.8225405921680994,0.9991140365600586,0.7736255839022638,0.8780587275693311,0.6985723556132382,0.8225405921680994,0.7736255839022638,0.8780587275693311,1.0
0.0,0.0,0.9936017990112305,0.0,0.0,0.0,0.0,0.0,0.0,0.0
0.0,0.0,0.9941177368164062,0.0,0.0,0.0,0.0,0.0,0.0,0.0
0.0,0.0,0.9926586151123047,0.0,0.0,0.0,0.0,0.0,0.0,0.0
0.0,0.0,0.9931983947753906,0.0,0.0,0.0,0.0,0.0,0.0,0.0
0.0,0.0,0.9930276870727539,0.0,0.0,0.0,0.0,0.0,0.0,0.0
0.0,0.0,0.9916591644287109,0.0,0.0,0.0,0.0,0.0,0.0,0.0
0.0,0.0,0.9925069808959961,0.0,0.0,0.0,0.0,0.0,0.0,0.0
0.0,0.0,0.9961452484130859,0.0,0.0,0.0,0.0,0.0,0.0,0.0
0.0,0.0,0.9925165176391602,0.0,0.0,0.0,0.0,0.0,0.0,0.0
0.0,0.0,0.9933986663818359,0.0,0.0,0.0,0.0,0.0,0.0,0.0
0.0,0.0,0.9959993362426758,0.0,0.0,0.0,0.0,0.0,0.0,0.0
0.0,0.0,0.9932527542114258,0.0,0.0,0.0,0.0,0.0,0.0,0.0
0.0,0.0,0.9894485473632812,0.0,0.0,0.0,0.0,0.0,0.0,0.0
0.0,0.0,0.9947986602783203,0.0,0.0,0.0,0.0,0.0,0.0,0.0
0.0,0.0,0.9929542541503906,0.0,0.0,0.0,0.0,0.0,0.0,0.0
0.0,0.0,0.9937677383422852,0.0,0.0,0.0,0.0,0.0,0.0,0.0
0.0,0.0,0.9956760406494141,0.0,0.0,0.0,0.0,0.0,0.0,0.0
0.0,0.0,0.9967861175537109,0.0,0.0,0.0,0.0,0.0,0.0,0.0
0.0,0.0,0.994624137878418,0.0,0.0,0.0,0.0,0.0,0.0,0.0
0.0,0.0,0.9969472885131836,0.0,0.0,0.0,0.0,0.0,0.0,0.0
0.0,0.0,0.9929218292236328,0.0,0.0,0.0,0.0,0.0,0.0,0.0
0.0,0.0,0.9940061569213867,0.0,0.0,0.0,0.0,0.0,0.0,0.0
0.0,0.0,0.9925765991210938,0.0,0.0,0.0,0.0,0.0,0.0,0.0
0.0,0.0,0.9967508316040039,0.0,0.0,0.0,0.0,0.0,0.0,0.0
0.0,0.0,0.9969415664672852,0.0,0.0,0.0,0.0,0.0,0.0,0.0
0.0,0.0,0.9962882995605469,0.0,0.0,0.0,0.0,0.0,0.0,0.0
0.0,0.0,0.9966640472412109,0.0,0.0,0.0,0.0,0.0,0.0,0.0
0.0,0.0,0.99609375,0.0,0.0,0.0,0.0,0.0,0.0,0.0
0.0,0.0,0.9947595596313477,0.0,0.0,0.0,0.0,0.0,0.0,0.0
0.0,0.0,0.9975214004516602,0.0,0.0,0.0,0.0,0.0,0.0,0.0
0.0,0.0,0.9970922470092773,0.0,0.0,0.0,0.0,0.0,0.0,0.0
0.0,0.0,0.9934778213500977,0.0,0.0,0.0,0.0,0.0,0.0,0.0
0.0,0.0,0.9972934722900391,0.0,0.0,0.0,0.0,0.0,0.0,0.0
0.0,0.0,0.9975509643554688,0.0,0.0,0.0,0.0,0.0,0.0,0.0
0.0,0.0,0.9975185394287109,0.0,0.0,0.0,0.0,0.0,0.0,0.0
0.0,0.0,0.9973630905151367,0.0,0.0,0.0,0.0,0.0,0.0,0.0
0.0,0.0,0.9931364059448242,0.0,0.0,0.0,0.0,0.0,0.0,0.0
0.0,0.0,0.992854118347168,0.0,0.0,0.0,0.0,0.0,0.0,0.0
0.0,0.0,0.9951238632202148,0.0,0.0,0.0,0.0,0.0,0.0,0.0
0.0,0.0,0.9921712875366211,0.0,0.0,0.0,0.0,0.0,0.0,0.0
0.0,0.0,0.9951295852661133,0.0,0.0,0.0,0.0,0.0,0.0,0.0
0.0,0.0,0.9945602416992188,0.0,0.0,0.0,0.0,0.0,0.0,0.0
0.0,0.0,0.9939231872558594,0.0,0.0,0.0,0.0,0.0,0.0,0.0
0.0,0.0,0.9859733581542969,0.0,0.0,0.0,0.0,0.0,0.0,0.0
0.0,0.0,0.9891023635864258,0.0,0.0,0.0,0.0,0.0,0.0,0.0
0.0,0.0,0.9904193878173828,0.0,0.0,0.0,0.0,0.0,0.0,0.0
0.0,0.0,0.990138053894043,0.0,0.0,0.0,0.0,0.0,0.0,0.0
0.0,0.0,0.9909286499023438,0.0,0.0,0.0,0.0,0.0,0.0,0.0
0.0,0.0,0.9898910522460938,0.0,0.0,0.0,0.0,0.0,0.0,0.0
0.0,0.0,0.9913816452026367,0.0,0.0,0.0,0.0,0.0,0.0,0.0
0.0,0.0,0.9875049591064453,0.0,0.0,0.0,0.0,0.0,0.0,0.0
0.0,0.0,0.9879684448242188,0.0,0.0,0.0,0.0,0.0,0.0,0.0
0.0,0.0,0.9901132583618164,0.0,0.0,0.0,0.0,0.0,0.0,0.0
0.0,0.0,0.9898948669433594,0.0,0.0,0.0,0.0,0.0,0.0,0.0
0.0,0.0,0.9904384613037109,0.0,0.0,0.0,0.0,0.0,0.0,0.0
0.0,0.0,0.9908409118652344,0.0,0.0,0.0,0.0,0.0,0.0,0.0
0.0,0.0,0.98931884765625,0.0,0.0,0.0,0.0,0.0,0.0,0.0
0.0,0.0,0.9905080795288086,0.0,0.0,0.0,0.0,0.0,0.0,0.0
0.0,0.0,0.9904880523681641,0.0,0.0,0.0,0.0,0.0,0.0,0.0
0.0,0.0,0.9906673431396484,0.0,0.0,0.0,0.0,0.0,0.0,0.0
0.0,0.0,0.9902534484863281,0.0,0.0,0.0,0.0,0.0,0.0,0.0
0.0,0.0,0.9904766082763672,0.0,0.0,0.0,0.0,0.0,0.0,0.0
0.0,0.0,0.9913015365600586,0.0,0.0,0.0,0.0,0.0,0.0,0.0
0.0,0.0,0.9917163848876953,0.0,0.0,0.0,0.0,0.0,0.0,0.0
0.0,0.0,0.9920921325683594,0.0,0.0,0.0,0.0,0.0,0.0,0.0
0.0,0.0,0.9920215606689453,0.0,0.0,0.0,0.0,0.0,0.0,0.0
0.0,0.0,0.9920234680175781,0.0,0.0,0.0,0.0,0.0,0.0,0.0
0.0,0.0,0.9976463317871094,0.0,0.0,0.0,0.0,0.0,0.0,0.0
0.0,0.0,0.9975605010986328,0.0,0.0,0.0,0.0,0.0,0.0,0.0
0.0,0.0,0.9978656768798828,0.0,0.0,0.0,0.0,0.0,0.0,0.0
0.0,0.0,0.9976682662963867,0.0,0.0,0.0,0.0,0.0,0.0,0.0
0.0,0.0,0.9979953765869141,0.0,0.0,0.0,0.0,0.0,0.0,0.0
0.0,0.0,0.9965572357177734,0.0,0.0,0.0,0.0,0.0,0.0,0.0
0.0,0.0,0.9988069534301758,0.0,0.0,0.0,0.0,0.0,0.0,0.0
0.0,0.0,0.9989919662475586,0.0,0.0,0.0,0.0,0.0,0.0,0.0
0.0,0.0,0.9988861083984375,0.0,0.0,0.0,0.0,0.0,0.0,0.0
0.5873925501432665,0.740072202166065,0.999725341796875,1.0,0.5873925501432665,0.5873925501432665,0.740072202166065,1.0,0.5873925501432665,1.0
0.0,0.0,0.905421257019043,0.0,0.0,0.0,0.0,0.0,0.0,0.0
0.0,0.0,0.9227981567382812,0.0,0.0,0.0,0.0,0.0,0.0,0.0
0.0,0.0,0.9178333282470703,0.0,0.0,0.0,0.0,0.0,0.0,0.0
0.0,0.0,0.9239463806152344,0.0,0.0,0.0,0.0,0.0,0.0,0.0
0.0,0.0,0.9235610961914062,0.0,0.0,0.0,0.0,0.0,0.0,0.0
0.0,0.0,0.9259061813354492,0.0,0.0,0.0,0.0,0.0,0.0,0.0
0.0,0.0,0.9301948547363281,0.0,0.0,0.0,0.0,0.0,0.0,0.0
0.7570955058441471,0.8617579446604092,0.9827375411987305,0.9704486032750791,0.7749618823917254,0.7570955058441471,0.8617579446604092,0.9704486032750791,0.7749618823917254,1.0
0.0,0.0,0.9857025146484375,0.0,0.0,0.0,0.0,0.0,0.0,0.0
0.0,0.0,0.9987382888793945,0.0,0.0,0.0,0.0,0.0,0.0,0.0
0.0,0.0,0.9989662170410156,0.0,0.0,0.0,0.0,0.0,0.0,0.0
0.0,0.0,0.998753547668457,0.0,0.0,0.0,0.0,0.0,0.0,0.0
0.0,0.0,0.9985828399658203,0.0,0.0,0.0,0.0,0.0,0.0,0.0
0.0,0.0,0.9989795684814453,0.0,0.0,0.0,0.0,0.0,0.0,0.0
0.0,0.0,0.9988718032836914,0.0,0.0,0.0,0.0,0.0,0.0,0.0
0.0,0.0,0.9989099502563477,0.0,0.0,0.0,0.0,0.0,0.0,0.0
0.0,0.0,0.9987802505493164,0.0,0.0,0.0,0.0,0.0,0.0,0.0
0.0,0.0,0.9988870620727539,0.0,0.0,0.0,0.0,0.0,0.0,0.0
0.0,0.0,0.9987964630126953,0.0,0.0,0.0,0.0,0.0,0.0,0.0
0.0,0.0,0.9986581802368164,0.0,0.0,0.0,0.0,0.0,0.0,0.0
0.0,0.0,0.9988622665405273,0.0,0.0,0.0,0.0,0.0,0.0,0.0
0.0,0.0,0.9988412857055664,0.0,0.0,0.0,0.0,0.0,0.0,0.0
0.0,0.0,0.9991121292114258,0.0,0.0,0.0,0.0,0.0,0.0,0.0
0.0,0.0,0.9988889694213867,0.0,0.0,0.0,0.0,0.0,0.0,0.0
0.0,0.0,0.9989166259765625,0.0,0.0,0.0,0.0,0.0,0.0,0.0
0.0,0.0,0.9988126754760742,0.0,0.0,0.0,0.0,0.0,0.0,0.0
0.0,0.0,0.9987850189208984,0.0,0.0,0.0,0.0,0.0,0.0,0.0
0.0,0.0,0.9988241195678711,0.0,0.0,0.0,0.0,0.0,0.0,0.0
0.0,0.0,0.998866081237793,0.0,0.0,0.0,0.0,0.0,0.0,0.0
0.0,0.0,0.9991216659545898,0.0,0.0,0.0,0.0,0.0,0.0,0.0
0.0,0.0,0.9986019134521484,0.0,0.0,0.0,0.0,0.0,0.0,0.0
0.0,0.0,0.9987144470214844,0.0,0.0,0.0,0.0,0.0,0.0,0.0
0.0,0.0,0.9987545013427734,0.0,0.0,0.0,0.0,0.0,0.0,0.0
0.0,0.0,0.9988384246826172,0.0,0.0,0.0,0.0,0.0,0.0,0.0
0.0,0.0,0.9987239837646484,0.0,0.0,0.0,0.0,0.0,0.0,0.0
0.0,0.0,0.9989347457885742,0.0,0.0,0.0,0.0,0.0,0.0,0.0
0.0,0.0,0.9991207122802734,0.0,0.0,0.0,0.0,0.0,0.0,0.0
0.0,0.0,0.9988632202148438,0.0,0.0,0.0,0.0,0.0,0.0,0.0
0.0,0.0,0.9989137649536133,0.0,0.0,0.0,0.0,0.0,0.0,0.0
0.0,0.0,0.9987325668334961,0.0,0.0,0.0,0.0,0.0,0.0,0.0
0.0,0.0,0.9989023208618164,0.0,0.0,0.0,0.0,0.0,0.0,0.0
0.0,0.0,0.9988441467285156,0.0,0.0,0.0,0.0,0.0,0.0,0.0
0.0,0.0,0.9986057281494141,0.0,0.0,0.0,0.0,0.0,0.0,0.0
0.0,0.0,0.9989500045776367,0.0,0.0,0.0,0.0,0.0,0.0,0.0
0.0,0.0,0.9988803863525391,0.0,0.0,0.0,0.0,0.0,0.0,0.0
0.0,0.0,0.9989328384399414,0.0,0.0,0.0,0.0,0.0,0.0,0.0
0.0,0.0,0.9992876052856445,0.0,0.0,0.0,0.0,0.0,0.0,0.0
0.0,0.0,0.9988317489624023,0.0,0.0,0.0,0.0,0.0,0.0,0.0
0.0,0.0,0.9987192153930664,0.0,0.0,0.0,0.0,0.0,0.0,0.0
0.0,0.0,0.9986629486083984,0.0,0.0,0.0,0.0,0.0,0.0,0.0
0.0,0.0,0.9988622665405273,0.0,0.0,0.0,0.0,0.0,0.0,0.0
0.0,0.0,0.9989948272705078,0.0,0.0,0.0,0.0,0.0,0.0,0.0
0.0,0.0,0.998845100402832,0.0,0.0,0.0,0.0,0.0,0.0,0.0
0.0,0.0,0.9988412857055664,0.0,0.0,0.0,0.0,0.0,0.0,0.0
0.0,0.0,0.9987754821777344,0.0,0.0,0.0,0.0,0.0,0.0,0.0
0.0,0.0,0.9990377426147461,0.0,0.0,0.0,0.0,0.0,0.0,0.0
0.0,0.0,0.9989175796508789,0.0,0.0,0.0,0.0,0.0,0.0,0.0
0.0,0.0,0.9988460540771484,0.0,0.0,0.0,0.0,0.0,0.0,0.0
0.0,0.0,0.9987125396728516,0.0,0.0,0.0,0.0,0.0,0.0,0.0
0.0,0.0,0.9992055892944336,0.0,0.0,0.0,0.0,0.0,0.0,0.0
0.0,0.0,0.9991044998168945,0.0,0.0,0.0,0.0,0.0,0.0,0.0
0.0,0.0,0.9988870620727539,0.0,0.0,0.0,0.0,0.0,0.0,0.0
0.0,0.0,0.9988994598388672,0.0,0.0,0.0,0.0,0.0,0.0,0.0
0.0,0.0,0.9987325668334961,0.0,0.0,0.0,0.0,0.0,0.0,0.0
0.0,0.0,0.998866081237793,0.0,0.0,0.0,0.0,0.0,0.0,0.0
0.0,0.0,0.9988842010498047,0.0,0.0,0.0,0.0,0.0,0.0,0.0
0.0,0.0,0.998682975769043,0.0,0.0,0.0,0.0,0.0,0.0,0.0
0.0,0.0,0.9991998672485352,0.0,0.0,0.0,0.0,0.0,0.0,0.0
0.0,0.0,0.9989652633666992,0.0,0.0,0.0,0.0,0.0,0.0,0.0
0.0,0.0,0.9989900588989258,0.0,0.0,0.0,0.0,0.0,0.0,0.0
0.0,0.0,0.9988918304443359,0.0,0.0,0.0,0.0,0.0,0.0,0.0
0.0,0.0,0.9989213943481445,0.0,0.0,0.0,0.0,0.0,0.0,0.0
0.0,0.0,0.9988212585449219,0.0,0.0,0.0,0.0,0.0,0.0,0.0
0.0,0.0,0.9990005493164062,0.0,0.0,0.0,0.0,0.0,0.0,0.0
0.0,0.0,0.9989128112792969,0.0,0.0,0.0,0.0,0.0,0.0,0.0
0.0,0.0,0.9989700317382812,0.0,0.0,0.0,0.0,0.0,0.0,0.0
0.0,0.0,0.9991674423217773,0.0,0.0,0.0,0.0,0.0,0.0,0.0
0.0,0.0,0.999302864074707,0.0,0.0,0.0,0.0,0.0,0.0,0.0
0.0,0.0,0.9986591339111328,0.0,0.0,0.0,0.0,0.0,0.0,0.0
0.0,0.0,0.9987335205078125,0.0,0.0,0.0,0.0,0.0,0.0,0.0
0.0,0.0,0.9988937377929688,0.0,0.0,0.0,0.0,0.0,0.0,0.0
0.0,0.0,0.9989299774169922,0.0,0.0,0.0,0.0,0.0,0.0,0.0
0.0,0.0,0.9989452362060547,0.0,0.0,0.0,0.0,0.0,0.0,0.0
0.0,0.0,0.9989547729492188,0.0,0.0,0.0,0.0,0.0,0.0,0.0
0.0,0.0,0.9987516403198242,0.0,0.0,0.0,0.0,0.0,0.0,0.0
0.0,0.0,0.9992189407348633,0.0,0.0,0.0,0.0,0.0,0.0,0.0
0.0,0.0,0.9980964660644531,0.0,0.0,0.0,0.0,0.0,0.0,0.0
0.0,0.0,0.9993381500244141,0.0,0.0,0.0,0.0,0.0,0.0,0.0
0.0,0.0,0.9991083145141602,0.0,0.0,0.0,0.0,0.0,0.0,0.0
0.0,0.0,0.9995269775390625,0.0,0.0,0.0,0.0,0.0,0.0,0.0
0.0,0.0,0.9992103576660156,0.0,0.0,0.0,0.0,0.0,0.0,0.0
0.0,0.0,0.9994745254516602,0.0,0.0,0.0,0.0,0.0,0.0,0.0
0.0,0.0,0.9990367889404297,0.0,0.0,0.0,0.0,0.0,0.0,0.0
0.0,0.0,0.9993982315063477,0.0,0.0,0.0,0.0,0.0,0.0,0.0
0.0,0.0,0.9990940093994141,0.0,0.0,0.0,0.0,0.0,0.0,0.0
0.0,0.0,0.9991626739501953,0.0,0.0,0.0,0.0,0.0,0.0,0.0
0.0,0.0,0.9990806579589844,0.0,0.0,0.0,0.0,0.0,0.0,0.0
0.0,0.0,0.9991750717163086,0.0,0.0,0.0,0.0,0.0,0.0,0.0
0.0,0.0,0.9989442825317383,0.0,0.0,0.0,0.0,0.0,0.0,0.0
0.0,0.0,0.9991674423217773,0.0,0.0,0.0,0.0,0.0,0.0,0.0
0.0,0.0,0.9994487762451172,0.0,0.0,0.0,0.0,0.0,0.0,0.0
0.0,0.0,0.9992876052856445,0.0,0.0,0.0,0.0,0.0,0.0,0.0
0.0,0.0,0.9995021820068359,0.0,0.0,0.0,0.0,0.0,0.0,0.0
0.0,0.0,0.9986858367919922,0.0,0.0,0.0,0.0,0.0,0.0,0.0
0.0,0.0,0.9974451065063477,0.0,0.0,0.0,0.0,0.0,0.0,0.0
0.0,0.0,0.9979839324951172,0.0,0.0,0.0,0.0,0.0,0.0,0.0
0.0,0.0,0.9978084564208984,0.0,0.0,0.0,0.0,0.0,0.0,0.0
0.0,0.0,0.9988107681274414,0.0,0.0,0.0,0.0,0.0,0.0,0.0
0.0,0.0,0.9979076385498047,0.0,0.0,0.0,0.0,0.0,0.0,0.0
0.0,0.0,0.9989528656005859,0.0,0.0,0.0,0.0,0.0,0.0,0.0
0.0,0.0,0.9974298477172852,0.0,0.0,0.0,0.0,0.0,0.0,0.0
0.0,0.0,0.9988517761230469,0.0,0.0,0.0,0.0,0.0,0.0,0.0
0.0,0.0,0.9972305297851562,0.0,0.0,0.0,0.0,0.0,0.0,0.0
0.0,0.0,0.9987058639526367,0.0,0.0,0.0,0.0,0.0,0.0,0.0
0.0,0.0,0.9985618591308594,0.0,0.0,0.0,0.0,0.0,0.0,0.0
0.0,0.0,0.9984035491943359,0.0,0.0,0.0,0.0,0.0,0.0,0.0
0.0,0.0,0.9982481002807617,0.0,0.0,0.0,0.0,0.0,0.0,0.0
0.0,0.0,0.9986047744750977,0.0,0.0,0.0,0.0,0.0,0.0,0.0
0.0,0.0,0.9993381500244141,0.0,0.0,0.0,0.0,0.0,0.0,0.0
0.0,0.0,0.9972801208496094,0.0,0.0,0.0,0.0,0.0,0.0,0.0
0.0,0.0,0.998723030090332,0.0,0.0,0.0,0.0,0.0,0.0,0.0
0.0,0.0,0.9991903305053711,0.0,0.0,0.0,0.0,0.0,0.0,0.0
0.0,0.0,0.9989862442016602,0.0,0.0,0.0,0.0,0.0,0.0,0.0
0.0,0.0,0.9987707138061523,0.0,0.0,0.0,0.0,0.0,0.0,0.0
0.0,0.0,0.9994239807128906,0.0,0.0,0.0,0.0,0.0,0.0,0.0
0.0,0.0,0.9990453720092773,0.0,0.0,0.0,0.0,0.0,0.0,0.0
0.0,0.0,0.9994354248046875,0.0,0.0,0.0,0.0,0.0,0.0,0.0
0.0,0.0,0.9989337921142578,0.0,0.0,0.0,0.0,0.0,0.0,0.0
0.0,0.0,0.9989709854125977,0.0,0.0,0.0,0.0,0.0,0.0,0.0
0.0,0.0,0.9993648529052734,0.0,0.0,0.0,0.0,0.0,0.0,0.0
0.0,0.0,0.9994945526123047,0.0,0.0,0.0,0.0,0.0,0.0,0.0
0.0,0.0,0.9989709854125977,0.0,0.0,0.0,0.0,0.0,0.0,0.0
0.0,0.0,0.9988555908203125,0.0,0.0,0.0,0.0,0.0,0.0,0.0
0.0,0.0,0.9988765716552734,0.0,0.0,0.0,0.0,0.0,0.0,0.0
0.0,0.0,0.9997158050537109,0.0,0.0,0.0,0.0,0.0,0.0,0.0
0.0,0.0,0.999821662902832,0.0,0.0,0.0,0.0,0.0,0.0,0.0
0.0,0.0,0.998753547668457,0.0,0.0,0.0,0.0,0.0,0.0,0.0
0.0,0.0,0.9793004989624023,0.0,0.0,0.0,0.0,0.0,0.0,0.0
0.0,0.0,0.9782943725585938,0.0,0.0,0.0,0.0,0.0,0.0,0.0
0.0,0.0,0.9817771911621094,0.0,0.0,0.0,0.0,0.0,0.0,0.0
0.0,0.0,0.9788236618041992,0.0,0.0,0.0,0.0,0.0,0.0,0.0
0.7712230215827338,0.8708367181153533,0.9965124130249023,0.97439140056908,0.7871783411021007,0.7712230215827338,0.8708367181153533,0.97439140056908,0.7871783411021007,1.0
0.0,0.0,0.9787044525146484,0.0,0.0,0.0,0.0,0.0,0.0,0.0
0.0,0.0,0.9788599014282227,0.0,0.0,0.0,0.0,0.0,0.0,0.0
0.0,0.0,0.9786968231201172,0.0,0.0,0.0,0.0,0.0,0.0,0.0
0.0,0.0,0.9791116714477539,0.0,0.0,0.0,0.0,0.0,0.0,0.0
0.0,0.0,0.9822101593017578,0.0,0.0,0.0,0.0,0.0,0.0,0.0
0.0,0.0,0.9793405532836914,0.0,0.0,0.0,0.0,0.0,0.0,0.0
0.0,0.0,0.9781694412231445,0.0,0.0,0.0,0.0,0.0,0.0,0.0
0.0,0.0,0.9829168319702148,0.0,0.0,0.0,0.0,0.0,0.0,0.0
0.0,0.0,0.9844236373901367,0.0,0.0,0.0,0.0,0.0,0.0,0.0
0.0,0.0,0.9985389709472656,0.0,0.0,0.0,0.0,0.0,0.0,0.0
0.0,0.0,0.9979133605957031,0.0,0.0,0.0,0.0,0.0,0.0,0.0
0.0,0.0,0.9985132217407227,0.0,0.0,0.0,0.0,0.0,0.0,0.0
0.0,0.0,0.9992399215698242,0.0,0.0,0.0,0.0,0.0,0.0,0.0
0.0,0.0,0.9995384216308594,0.0,0.0,0.0,0.0,0.0,0.0,0.0
0.0,0.0,0.9993991851806641,0.0,0.0,0.0,0.0,0.0,0.0,0.0
0.0,0.0,0.9985084533691406,0.0,0.0,0.0,0.0,0.0,0.0,0.0
0.0,0.0,0.9990472793579102,0.0,0.0,0.0,0.0,0.0,0.0,0.0
0.0,0.0,0.9994802474975586,0.0,0.0,0.0,0.0,0.0,0.0,0.0
0.0,0.0,0.9996929168701172,0.0,0.0,0.0,0.0,0.0,0.0,0.0
0.0,0.0,0.9998359680175781,0.0,0.0,0.0,0.0,0.0,0.0,0.0
0.0,0.0,0.9982614517211914,0.0,0.0,0.0,0.0,0.0,0.0,0.0
0.0,0.0,0.9981803894042969,0.0,0.0,0.0,0.0,0.0,0.0,0.0
0.0,0.0,0.9983558654785156,0.0,0.0,0.0,0.0,0.0,0.0,0.0
0.0,0.0,0.9983186721801758,0.0,0.0,0.0,0.0,0.0,0.0,0.0
0.0,0.0,0.9983692169189453,0.0,0.0,0.0,0.0,0.0,0.0,0.0
0.0,0.0,0.9981498718261719,0.0,0.0,0.0,0.0,0.0,0.0,0.0
0.0,0.0,0.99835205078125,0.0,0.0,0.0,0.0,0.0,0.0,0.0
0.0,0.0,0.9988460540771484,0.0,0.0,0.0,0.0,0.0,0.0,0.0
0.0,0.0,0.9901447296142578,0.0,0.0,0.0,0.0,0.0,0.0,0.0
0.0,0.0,0.9583597183227539,0.0,0.0,0.0,0.0,0.0,0.0,0.0
0.0,0.0,0.9644861221313477,0.0,0.0,0.0,0.0,0.0,0.0,0.0
0.0,0.0,0.9734973907470703,0.0,0.0,0.0,0.0,0.0,0.0,0.0
0.0,0.0,0.9927501678466797,0.0,0.0,0.0,0.0,0.0,0.0,0.0
0.0,0.0,0.9606475830078125,0.0,0.0,0.0,0.0,0.0,0.0,0.0
0.0,0.0,0.994013786315918,0.0,0.0,0.0,0.0,0.0,0.0,0.0
0.0,0.0,0.9740982055664062,0.0,0.0,0.0,0.0,0.0,0.0,0.0
0.0,0.0,0.9814291000366211,0.0,0.0,0.0,0.0,0.0,0.0,0.0
0.0,0.0,0.9783649444580078,0.0,0.0,0.0,0.0,0.0,0.0,0.0
0.0,0.0,0.9342594146728516,0.0,0.0,0.0,0.0,0.0,0.0,0.0
0.0,0.0,0.9735918045043945,0.0,0.0,0.0,0.0,0.0,0.0,0.0
0.0,0.0,0.9779481887817383,0.0,0.0,0.0,0.0,0.0,0.0,0.0
0.0,0.0,0.9835004806518555,0.0,0.0,0.0,0.0,0.0,0.0,0.0
0.0,0.0,0.9819717407226562,0.0,0.0,0.0,0.0,0.0,0.0,0.0
0.0,0.0,0.9815168380737305,0.0,0.0,0.0,0.0,0.0,0.0,0.0
0.4504616477272727,0.6211286571183744,0.991145133972168,0.8966776625824694,0.47512329109182844,0.4504616477272727,0.6211286571183744,0.8966776625824694,0.47512329109182844,0.0
0.0,0.0,0.9787359237670898,0.0,0.0,0.0,0.0,0.0,0.0,0.0
0.0,0.0,0.9811601638793945,0.0,0.0,0.0,0.0,0.0,0.0,0.0
0.0,0.0,0.9779176712036133,0.0,0.0,0.0,0.0,0.0,0.0,0.0
0.0,0.0,0.9778232574462891,0.0,0.0,0.0,0.0,0.0,0.0,0.0
0.0,0.0,0.9836320877075195,0.0,0.0,0.0,0.0,0.0,0.0,0.0
0.0,0.0,0.9753818511962891,0.0,0.0,0.0,0.0,0.0,0.0,0.0
0.0,0.0,0.9797916412353516,0.0,0.0,0.0,0.0,0.0,0.0,0.0
0.0,0.0,0.9841251373291016,0.0,0.0,0.0,0.0,0.0,0.0,0.0
0.0,0.0,0.984288215637207,0.0,0.0,0.0,0.0,0.0,0.0,0.0
0.0,0.0,0.9742889404296875,0.0,0.0,0.0,0.0,0.0,0.0,0.0
0.0,0.0,0.990605354309082,0.0,0.0,0.0,0.0,0.0,0.0,0.0
0.0,0.0,0.9936542510986328,0.0,0.0,0.0,0.0,0.0,0.0,0.0
0.0,0.0,0.9938316345214844,0.0,0.0,0.0,0.0,0.0,0.0,0.0
0.0,0.0,0.993891716003418,0.0,0.0,0.0,0.0,0.0,0.0,0.0
0.0,0.0,0.9938488006591797,0.0,0.0,0.0,0.0,0.0,0.0,0.0
0.0,0.0,0.9937276840209961,0.0,0.0,0.0,0.0,0.0,0.0,0.0
0.0,0.0,0.99371337890625,0.0,0.0,0.0,0.0,0.0,0.0,0.0
0.0,0.0,0.9934768676757812,0.0,0.0,0.0,0.0,0.0,0.0,0.0
0.0,0.0,0.9940071105957031,0.0,0.0,0.0,0.0,0.0,0.0,0.0
0.0,0.0,0.993678092956543,0.0,0.0,0.0,0.0,0.0,0.0,0.0
0.0,0.0,0.993739128112793,0.0,0.0,0.0,0.0,0.0,0.0,0.0
0.0,0.0,0.9937067031860352,0.0,0.0,0.0,0.0,0.0,0.0,0.0
0.0,0.0,0.9936580657958984,0.0,0.0,0.0,0.0,0.0,0.0,0.0
0.0,0.0,0.9938192367553711,0.0,0.0,0.0,0.0,0.0,0.0,0.0
0.0,0.0,0.9645700454711914,0.0,0.0,0.0,0.0,0.0,0.0,0.0
0.0,0.0,0.9939756393432617,0.0,0.0,0.0,0.0,0.0,0.0,0.0
0.0,0.0,0.9938135147094727,0.0,0.0,0.0,0.0,0.0,0.0,0.0
0.0,0.0,0.9936037063598633,0.0,0.0,0.0,0.0,0.0,0.0,0.0
0.0,0.0,0.9936561584472656,0.0,0.0,0.0,0.0,0.0,0.0,0.0
0.0,0.0,0.9937381744384766,0.0,0.0,0.0,0.0,0.0,0.0,0.0
0.0,0.0,0.9932527542114258,0.0,0.0,0.0,0.0,0.0,0.0,0.0
0.0,0.0,0.9940166473388672,0.0,0.0,0.0,0.0,0.0,0.0,0.0
0.0,0.0,0.9937887191772461,0.0,0.0,0.0,0.0,0.0,0.0,0.0
0.0,0.0,0.9938058853149414,0.0,0.0,0.0,0.0,0.0,0.0,0.0
0.0,0.0,0.9937534332275391,0.0,0.0,0.0,0.0,0.0,0.0,0.0
0.0,0.0,0.9938831329345703,0.0,0.0,0.0,0.0,0.0,0.0,0.0
0.0,0.0,0.993840217590332,0.0,0.0,0.0,0.0,0.0,0.0,0.0
0.0,0.0,0.993988037109375,0.0,0.0,0.0,0.0,0.0,0.0,0.0
0.0,0.0,0.9939460754394531,0.0,0.0,0.0,0.0,0.0,0.0,0.0
0.0,0.0,0.9937782287597656,0.0,0.0,0.0,0.0,0.0,0.0,0.0
0.0,0.0,0.9939813613891602,0.0,0.0,0.0,0.0,0.0,0.0,0.0
0.0,0.0,0.9939050674438477,0.0,0.0,0.0,0.0,0.0,0.0,0.0
0.0,0.0,0.9940176010131836,0.0,0.0,0.0,0.0,0.0,0.0,0.0
0.0,0.0,0.9942741394042969,0.0,0.0,0.0,0.0,0.0,0.0,0.0
0.0,0.0,0.9937105178833008,0.0,0.0,0.0,0.0,0.0,0.0,0.0
0.0,0.0,0.99371337890625,0.0,0.0,0.0,0.0,0.0,0.0,0.0
0.0,0.0,0.9939537048339844,0.0,0.0,0.0,0.0,0.0,0.0,0.0
0.0,0.0,0.9940757751464844,0.0,0.0,0.0,0.0,0.0,0.0,0.0
0.0,0.0,0.9936294555664062,0.0,0.0,0.0,0.0,0.0,0.0,0.0
0.0,0.0,0.9938011169433594,0.0,0.0,0.0,0.0,0.0,0.0,0.0
0.0,0.0,0.9940423965454102,0.0,0.0,0.0,0.0,0.0,0.0,0.0
0.0,0.0,0.9938907623291016,0.0,0.0,0.0,0.0,0.0,0.0,0.0
0.0,0.0,0.9939403533935547,0.0,0.0,0.0,0.0,0.0,0.0,0.0
0.0,0.0,0.9939374923706055,0.0,0.0,0.0,0.0,0.0,0.0,0.0
0.0,0.0,0.9940023422241211,0.0,0.0,0.0,0.0,0.0,0.0,0.0
0.0,0.0,0.9939279556274414,0.0,0.0,0.0,0.0,0.0,0.0,0.0
0.0,0.0,0.9937934875488281,0.0,0.0,0.0,0.0,0.0,0.0,0.0
0.0,0.0,0.9941263198852539,0.0,0.0,0.0,0.0,0.0,0.0,0.0
0.0,0.0,0.9939937591552734,0.0,0.0,0.0,0.0,0.0,0.0,0.0
0.0,0.0,0.9940052032470703,0.0,0.0,0.0,0.0,0.0,0.0,0.0
0.0,0.0,0.9940681457519531,0.0,0.0,0.0,0.0,0.0,0.0,0.0
0.0,0.0,0.9938392639160156,0.0,0.0,0.0,0.0,0.0,0.0,0.0
0.0,0.0,0.9941129684448242,0.0,0.0,0.0,0.0,0.0,0.0,0.0
0.0,0.0,0.9941883087158203,0.0,0.0,0.0,0.0,0.0,0.0,0.0
0.0,0.0,0.9942216873168945,0.0,0.0,0.0,0.0,0.0,0.0,0.0
0.0,0.0,0.9942407608032227,0.0,0.0,0.0,0.0,0.0,0.0,0.0
0.0,0.0,0.9940500259399414,0.0,0.0,0.0,0.0,0.0,0.0,0.0
0.0,0.0,0.9940938949584961,0.0,0.0,0.0,0.0,0.0,0.0,0.0
0.0,0.0,0.9937067031860352,0.0,0.0,0.0,0.0,0.0,0.0,0.0
0.0,0.0,0.9938211441040039,0.0,0.0,0.0,0.0,0.0,0.0,0.0
0.0,0.0,0.9939775466918945,0.0,0.0,0.0,0.0,0.0,0.0,0.0
0.0,0.0,0.9940910339355469,0.0,0.0,0.0,0.0,0.0,0.0,0.0
0.0,0.0,0.9940662384033203,0.0,0.0,0.0,0.0,0.0,0.0,0.0
0.0,0.0,0.9934415817260742,0.0,0.0,0.0,0.0,0.0,0.0,0.0
0.0,0.0,0.9940242767333984,0.0,0.0,0.0,0.0,0.0,0.0,0.0
0.0,0.0,0.9940080642700195,0.0,0.0,0.0,0.0,0.0,0.0,0.0
0.0,0.0,0.9943046569824219,0.0,0.0,0.0,0.0,0.0,0.0,0.0
0.9570610687022901,0.9780594831789371,0.9988842010498047,0.98855193328279,0.9677874267052624,0.9570610687022901,0.9780594831789371,0.98855193328279,0.9677874267052624,1.0
0.0,0.0,0.969416618347168,0.0,0.0,0.0,0.0,0.0,0.0,0.0
0.0,0.0,0.9692535400390625,0.0,0.0,0.0,0.0,0.0,0.0,0.0
0.0,0.0,0.9738855361938477,0.0,0.0,0.0,0.0,0.0,0.0,0.0
0.0,0.0,0.969268798828125,0.0,0.0,0.0,0.0,0.0,0.0,0.0
0.0,0.0,0.969329833984375,0.0,0.0,0.0,0.0,0.0,0.0,0.0
0.0,0.0,0.9703254699707031,0.0,0.0,0.0,0.0,0.0,0.0,0.0
0.0,0.0,0.9736309051513672,0.0,0.0,0.0,0.0,0.0,0.0,0.0
0.0,0.0,0.9737071990966797,0.0,0.0,0.0,0.0,0.0,0.0,0.0
0.0,0.0,0.9737453460693359,0.0,0.0,0.0,0.0,0.0,0.0,0.0
0.0,0.0,0.9735641479492188,0.0,0.0,0.0,0.0,0.0,0.0,0.0
0.0,0.0,0.9734716415405273,0.0,0.0,0.0,0.0,0.0,0.0,0.0
0.0,0.0,0.9734611511230469,0.0,0.0,0.0,0.0,0.0,0.0,0.0
0.0,0.0,0.9741544723510742,0.0,0.0,0.0,0.0,0.0,0.0,0.0
0.0,0.0,0.9735317230224609,0.0,0.0,0.0,0.0,0.0,0.0,0.0
0.0,0.0,0.9734525680541992,0.0,0.0,0.0,0.0,0.0,0.0,0.0
0.0,0.0,0.9739618301391602,0.0,0.0,0.0,0.0,0.0,0.0,0.0
0.0,0.0,0.9734954833984375,0.0,0.0,0.0,0.0,0.0,0.0,0.0
0.0,0.0,0.9740524291992188,0.0,0.0,0.0,0.0,0.0,0.0,0.0
0.0,0.0,0.9734268188476562,0.0,0.0,0.0,0.0,0.0,0.0,0.0
0.0,0.0,0.9739475250244141,0.0,0.0,0.0,0.0,0.0,0.0,0.0
0.0,0.0,0.9734287261962891,0.0,0.0,0.0,0.0,0.0,0.0,0.0
0.0,0.0,0.974095344543457,0.0,0.0,0.0,0.0,0.0,0.0,0.0
0.0,0.0,0.9734582901000977,0.0,0.0,0.0,0.0,0.0,0.0,0.0
0.0,0.0,0.9736166000366211,0.0,0.0,0.0,0.0,0.0,0.0,0.0
0.0,0.0,0.9833469390869141,0.0,0.0,0.0,0.0,0.0,0.0,0.0
0.0,0.0,0.9878406524658203,0.0,0.0,0.0,0.0,0.0,0.0,0.0
0.0,0.0,0.987858772277832,0.0,0.0,0.0,0.0,0.0,0.0,0.0
0.0,0.0,0.9881258010864258,0.0,0.0,0.0,0.0,0.0,0.0,0.0
0.0,0.0,0.9881696701049805,0.0,0.0,0.0,0.0,0.0,0.0,0.0
0.0,0.0,0.9894542694091797,0.0,0.0,0.0,0.0,0.0,0.0,0.0
0.0,0.0,0.987971305847168,0.0,0.0,0.0,0.0,0.0,0.0,0.0
0.0,0.0,0.9880142211914062,0.0,0.0,0.0,0.0,0.0,0.0,0.0
0.0,0.0,0.9876918792724609,0.0,0.0,0.0,0.0,0.0,0.0,0.0
0.0,0.0,0.988276481628418,0.0,0.0,0.0,0.0,0.0,0.0,0.0
0.0,0.0,0.9882364273071289,0.0,0.0,0.0,0.0,0.0,0.0,0.0
0.0,0.0,0.9878196716308594,0.0,0.0,0.0,0.0,0.0,0.0,0.0
0.0,0.0,0.9913148880004883,0.0,0.0,0.0,0.0,0.0,0.0,0.0
0.0,0.0,0.9919795989990234,0.0,0.0,0.0,0.0,0.0,0.0,0.0
0.0,0.0,0.9926443099975586,0.0,0.0,0.0,0.0,0.0,0.0,0.0
0.0,0.0,0.9930629730224609,0.0,0.0,0.0,0.0,0.0,0.0,0.0
0.0,0.0,0.9902887344360352,0.0,0.0,0.0,0.0,0.0,0.0,0.0
0.0,0.0,0.9882535934448242,0.0,0.0,0.0,0.0,0.0,0.0,0.0
0.0,0.0,0.98681640625,0.0,0.0,0.0,0.0,0.0,0.0,0.0
0.0,0.0,0.9903278350830078,0.0,0.0,0.0,0.0,0.0,0.0,0.0
0.0,0.0,0.9886960983276367,0.0,0.0,0.0,0.0,0.0,0.0,0.0
0.0,0.0,0.9859695434570312,0.0,0.0,0.0,0.0,0.0,0.0,0.0
0.0,0.0,0.9915933609008789,0.0,0.0,0.0,0.0,0.0,0.0,0.0
0.0,0.0,0.9918241500854492,0.0,0.0,0.0,0.0,0.0,0.0,0.0
0.0,0.0,0.9920120239257812,0.0,0.0,0.0,0.0,0.0,0.0,0.0
0.0,0.0,0.9891548156738281,0.0,0.0,0.0,0.0,0.0,0.0,0.0
0.0,0.0,0.9882907867431641,0.0,0.0,0.0,0.0,0.0,0.0,0.0
0.0,0.0,0.9921960830688477,0.0,0.0,0.0,0.0,0.0,0.0,0.0
0.8769386378961564,0.9344350637686366,0.9993038177490234,0.9379733141002524,0.93092340730136,0.8769386378961564,0.9344350637686366,0.9379733141002524,0.93092340730136,1.0
0.0,0.0,0.9887313842773438,0.0,0.0,0.0,0.0,0.0,0.0,0.0
0.0,0.0,0.9923677444458008,0.0,0.0,0.0,0.0,0.0,0.0,0.0
0.0,0.0,0.990504264831543,0.0,0.0,0.0,0.0,0.0,0.0,0.0
0.0,0.0,0.990656852722168,0.0,0.0,0.0,0.0,0.0,0.0,0.0
0.0,0.0,0.9921236038208008,0.0,0.0,0.0,0.0,0.0,0.0,0.0
0.0,0.0,0.9929895401000977,0.0,0.0,0.0,0.0,0.0,0.0,0.0
0.0,0.0,0.9944229125976562,0.0,0.0,0.0,0.0,0.0,0.0,0.0
0.0,0.0,0.994502067565918,0.0,0.0,0.0,0.0,0.0,0.0,0.0
0.0,0.0,0.9944324493408203,0.0,0.0,0.0,0.0,0.0,0.0,0.0
0.0,0.0,0.9664773941040039,0.0,0.0,0.0,0.0,0.0,0.0,0.0
0.0,0.0,0.9959087371826172,0.0,0.0,0.0,0.0,0.0,0.0,0.0
0.0,0.0,0.9985017776489258,0.0,0.0,0.0,0.0,0.0,0.0,0.0
0.0,0.0,0.9959611892700195,0.0,0.0,0.0,0.0,0.0,0.0,0.0
0.0,0.0,0.9992074966430664,0.0,0.0,0.0,0.0,0.0,0.0,0.0
0.0,0.0,0.9991216659545898,0.0,0.0,0.0,0.0,0.0,0.0,0.0
0.0,0.0,0.999577522277832,0.0,0.0,0.0,0.0,0.0,0.0,0.0
0.0,0.0,0.9991979598999023,0.0,0.0,0.0,0.0,0.0,0.0,0.0
0.0,0.0,0.999699592590332,0.0,0.0,0.0,0.0,0.0,0.0,0.0
0.0,0.0,0.9997282028198242,0.0,0.0,0.0,0.0,0.0,0.0,0.0
0.0,0.0,0.9998846054077148,0.0,0.0,0.0,0.0,0.0,0.0,0.0
0.0,0.0,0.9939155578613281,0.0,0.0,0.0,0.0,0.0,0.0,0.0
0.87518573551263,0.9334389857369255,0.9999198913574219,0.9378980891719745,0.9290220820189274,0.87518573551263,0.9334389857369255,0.9378980891719745,0.9290220820189274,1.0
0.0,0.0,0.9974155426025391,0.0,0.0,0.0,0.0,0.0,0.0,0.0
0.0,0.0,0.9989109039306641,0.0,0.0,0.0,0.0,0.0,0.0,0.0
0.0,0.0,0.9959239959716797,0.0,0.0,0.0,0.0,0.0,0.0,0.0
0.0,0.0,0.9985904693603516,0.0,0.0,0.0,0.0,0.0,0.0,0.0
0.0,0.0,0.9983386993408203,0.0,0.0,0.0,0.0,0.0,0.0,0.0
0.0,0.0,0.9989376068115234,0.0,0.0,0.0,0.0,0.0,0.0,0.0
0.0,0.0,0.9987287521362305,0.0,0.0,0.0,0.0,0.0,0.0,0.0
0.0,0.0,0.9988250732421875,0.0,0.0,0.0,0.0,0.0,0.0,0.0
0.0,0.0,0.9986276626586914,0.0,0.0,0.0,0.0,0.0,0.0,0.0
0.0,0.0,0.9988269805908203,0.0,0.0,0.0,0.0,0.0,0.0,0.0
0.0,0.0,0.9988832473754883,0.0,0.0,0.0,0.0,0.0,0.0,0.0
0.0,0.0,0.999028205871582,0.0,0.0,0.0,0.0,0.0,0.0,0.0
0.0,0.0,0.9988222122192383,0.0,0.0,0.0,0.0,0.0,0.0,0.0
0.0,0.0,0.9987154006958008,0.0,0.0,0.0,0.0,0.0,0.0,0.0
0.0,0.0,0.9986600875854492,0.0,0.0,0.0,0.0,0.0,0.0,0.0
0.0,0.0,0.9989509582519531,0.0,0.0,0.0,0.0,0.0,0.0,0.0
0.0,0.0,0.9987125396728516,0.0,0.0,0.0,0.0,0.0,0.0,0.0
0.0,0.0,0.9989013671875,0.0,0.0,0.0,0.0,0.0,0.0,0.0
0.0,0.0,0.9988107681274414,0.0,0.0,0.0,0.0,0.0,0.0,0.0
0.0,0.0,0.9987220764160156,0.0,0.0,0.0,0.0,0.0,0.0,0.0
0.0,0.0,0.9990987777709961,0.0,0.0,0.0,0.0,0.0,0.0,0.0
0.0,0.0,0.9989652633666992,0.0,0.0,0.0,0.0,0.0,0.0,0.0
0.0,0.0,0.9988203048706055,0.0,0.0,0.0,0.0,0.0,0.0,0.0
0.0,0.0,0.9986600875854492,0.0,0.0,0.0,0.0,0.0,0.0,0.0
0.0,0.0,0.9989948272705078,0.0,0.0,0.0,0.0,0.0,0.0,0.0
0.0,0.0,0.9987964630126953,0.0,0.0,0.0,0.0,0.0,0.0,0.0
0.0,0.0,0.9986143112182617,0.0,0.0,0.0,0.0,0.0,0.0,0.0
0.0,0.0,0.9985799789428711,0.0,0.0,0.0,0.0,0.0,0.0,0.0
0.0,0.0,0.9987764358520508,0.0,0.0,0.0,0.0,0.0,0.0,0.0
0.0,0.0,0.9991292953491211,0.0,0.0,0.0,0.0,0.0,0.0,0.0
0.0,0.0,0.9985857009887695,0.0,0.0,0.0,0.0,0.0,0.0,0.0
0.0,0.0,0.9991979598999023,0.0,0.0,0.0,0.0,0.0,0.0,0.0
0.0,0.0,0.9985828399658203,0.0,0.0,0.0,0.0,0.0,0.0,0.0
0.0,0.0,0.9992570877075195,0.0,0.0,0.0,0.0,0.0,0.0,0.0
0.0,0.0,0.9990901947021484,0.0,0.0,0.0,0.0,0.0,0.0,0.0
0.0,0.0,0.9990634918212891,0.0,0.0,0.0,0.0,0.0,0.0,0.0
0.0,0.0,0.9984169006347656,0.0,0.0,0.0,0.0,0.0,0.0,0.0
0.0,0.0,0.997706413269043,0.0,0.0,0.0,0.0,0.0,0.0,0.0
0.0,0.0,0.9980630874633789,0.0,0.0,0.0,0.0,0.0,0.0,0.0
0.0,0.0,0.9984369277954102,0.0,0.0,0.0,0.0,0.0,0.0,0.0
0.0,0.0,0.9982357025146484,0.0,0.0,0.0,0.0,0.0,0.0,0.0
0.0,0.0,0.9983863830566406,0.0,0.0,0.0,0.0,0.0,0.0,0.0
0.0,0.0,0.998539924621582,0.0,0.0,0.0,0.0,0.0,0.0,0.0
0.0,0.0,0.9990711212158203,0.0,0.0,0.0,0.0,0.0,0.0,0.0
0.0,0.0,0.9993505477905273,0.0,0.0,0.0,0.0,0.0,0.0,0.0
0.0,0.0,0.9992752075195312,0.0,0.0,0.0,0.0,0.0,0.0,0.0
0.0,0.0,0.9992361068725586,0.0,0.0,0.0,0.0,0.0,0.0,0.0
0.0,0.0,0.9945011138916016,0.0,0.0,0.0,0.0,0.0,0.0,0.0
0.0,0.0,0.995030403137207,0.0,0.0,0.0,0.0,0.0,0.0,0.0
0.0,0.0,0.9957122802734375,0.0,0.0,0.0,0.0,0.0,0.0,0.0
0.0,0.0,0.9964046478271484,0.0,0.0,0.0,0.0,0.0,0.0,0.0
0.0,0.0,0.9954633712768555,0.0,0.0,0.0,0.0,0.0,0.0,0.0
0.0,0.0,0.9961414337158203,0.0,0.0,0.0,0.0,0.0,0.0,0.0
0.0,0.0,0.9961318969726562,0.0,0.0,0.0,0.0,0.0,0.0,0.0
0.0,0.0,0.9964704513549805,0.0,0.0,0.0,0.0,0.0,0.0,0.0
0.0,0.0,0.9964113235473633,0.0,0.0,0.0,0.0,0.0,0.0,0.0
0.0,0.0,0.9964942932128906,0.0,0.0,0.0,0.0,0.0,0.0,0.0
0.0,0.0,0.9971561431884766,0.0,0.0,0.0,0.0,0.0,0.0,0.0
0.0,0.0,0.9973764419555664,0.0,0.0,0.0,0.0,0.0,0.0,0.0
0.0,0.0,0.9973716735839844,0.0,0.0,0.0,0.0,0.0,0.0,0.0
0.0,0.0,0.9972572326660156,0.0,0.0,0.0,0.0,0.0,0.0,0.0
0.0,0.0,0.9938583374023438,0.0,0.0,0.0,0.0,0.0,0.0,0.0
0.0,0.0,0.9495668411254883,0.0,0.0,0.0,0.0,0.0,0.0,0.0
0.0,0.0,0.9508810043334961,0.0,0.0,0.0,0.0,0.0,0.0,0.0
0.0,0.0,0.9518394470214844,0.0,0.0,0.0,0.0,0.0,0.0,0.0
0.0,0.0,0.953984260559082,0.0,0.0,0.0,0.0,0.0,0.0,0.0
0.0,0.0,0.9552621841430664,0.0,0.0,0.0,0.0,0.0,0.0,0.0
0.0,0.0,0.9551239013671875,0.0,0.0,0.0,0.0,0.0,0.0,0.0
0.0,0.0,0.9530391693115234,0.0,0.0,0.0,0.0,0.0,0.0,0.0
0.0,0.0,0.9554672241210938,0.0,0.0,0.0,0.0,0.0,0.0,0.0
0.0,0.0,0.9554033279418945,0.0,0.0,0.0,0.0,0.0,0.0,0.0
0.0,0.0,0.9361572265625,0.0,0.0,0.0,0.0,0.0,0.0,0.0
0.0,0.0,0.9394645690917969,0.0,0.0,0.0,0.0,0.0,0.0,0.0
0.0,0.0,0.9911394119262695,0.0,0.0,0.0,0.0,0.0,0.0,0.0
0.0,0.0,0.9636592864990234,0.0,0.0,0.0,0.0,0.0,0.0,0.0
0.0,0.0,0.9945611953735352,0.0,0.0,0.0,0.0,0.0,0.0,0.0
0.7877551020408163,0.8812785388127854,0.9999008178710938,0.8616071428571429,0.9018691588785047,0.7877551020408163,0.8812785388127854,0.8616071428571429,0.9018691588785047,1.0
0.0,0.0,0.9987697601318359,0.0,0.0,0.0,0.0,0.0,0.0,0.0
0.0,0.0,0.9900398254394531,0.0,0.0,0.0,0.0,0.0,0.0,0.0
0.0,0.0,0.9986419677734375,0.0,0.0,0.0,0.0,0.0,0.0,0.0
0.0,0.0,0.9956693649291992,0.0,0.0,0.0,0.0,0.0,0.0,0.0
0.0,0.0,0.9988937377929688,0.0,0.0,0.0,0.0,0.0,0.0,0.0
0.0,0.0,0.9255971908569336,0.0,0.0,0.0,0.0,0.0,0.0,0.0
0.0,0.0,0.9619665145874023,0.0,0.0,0.0,0.0,0.0,0.0,0.0
0.0,0.0,0.9333915710449219,0.0,0.0,0.0,0.0,0.0,0.0,0.0
0.0,0.0,0.9343452453613281,0.0,0.0,0.0,0.0,0.0,0.0,0.0
0.0,0.0,0.9312858581542969,0.0,0.0,0.0,0.0,0.0,0.0,0.0
0.0,0.0,0.9552316665649414,0.0,0.0,0.0,0.0,0.0,0.0,0.0
0.0,0.0,0.9550943374633789,0.0,0.0,0.0,0.0,0.0,0.0,0.0
0.0,0.0,0.9351396560668945,0.0,0.0,0.0,0.0,0.0,0.0,0.0
0.0,0.0,0.9391984939575195,0.0,0.0,0.0,0.0,0.0,0.0,0.0
0.0,0.0,0.8994169235229492,0.0,0.0,0.0,0.0,0.0,0.0,0.0
0.7525697786333012,0.8588186191595457,0.993870735168457,0.9153828143291969,0.8088381330685204,0.7525697786333012,0.8588186191595457,0.9153828143291969,0.8088381330685204,1.0
0.0,0.0,0.9083719253540039,0.0,0.0,0.0,0.0,0.0,0.0,0.0
0.0,0.0,0.9183731079101562,0.0,0.0,0.0,0.0,0.0,0.0,0.0
0.0,0.0,0.9746274948120117,0.0,0.0,0.0,0.0,0.0,0.0,0.0
0.0,0.0,0.9336919784545898,0.0,0.0,0.0,0.0,0.0,0.0,0.0
0.0,0.0,0.9372167587280273,0.0,0.0,0.0,0.0,0.0,0.0,0.0
0.0,0.0,0.9950122833251953,0.0,0.0,0.0,0.0,0.0,0.0,0.0
0.0,0.0,0.9980382919311523,0.0,0.0,0.0,0.0,0.0,0.0,0.0
0.0,0.0,0.9996891021728516,0.0,0.0,0.0,0.0,0.0,0.0,0.0
0.0,0.0,0.9889640808105469,0.0,0.0,0.0,0.0,0.0,0.0,0.0
0.7947144879660217,0.8856166184591112,0.9987554550170898,0.8571428571428571,0.9160471441523119,0.7947144879660217,0.8856166184591112,0.8571428571428571,0.9160471441523119,1.0
0.0,0.0,0.9879722595214844,0.0,0.0,0.0,0.0,0.0,0.0,0.0
0.0,0.0,0.9748210906982422,0.0,0.0,0.0,0.0,0.0,0.0,0.0
0.0,0.0,0.9915990829467773,0.0,0.0,0.0,0.0,0.0,0.0,0.0
0.0,0.0,0.9869022369384766,0.0,0.0,0.0,0.0,0.0,0.0,0.0
0.0,0.0,0.9888210296630859,0.0,0.0,0.0,0.0,0.0,0.0,0.0
0.0,0.0,0.9888801574707031,0.0,0.0,0.0,0.0,0.0,0.0,0.0
0.0,0.0,0.9895410537719727,0.0,0.0,0.0,0.0,0.0,0.0,0.0
0.0,0.0,0.9942951202392578,0.0,0.0,0.0,0.0,0.0,0.0,0.0
0.0,0.0,0.9952802658081055,0.0,0.0,0.0,0.0,0.0,0.0,0.0
0.0,0.0,0.9964160919189453,0.0,0.0,0.0,0.0,0.0,0.0,0.0
0.0,0.0,0.9960565567016602,0.0,0.0,0.0,0.0,0.0,0.0,0.0
0.0,0.0,0.9919137954711914,0.0,0.0,0.0,0.0,0.0,0.0,0.0
0.0,0.0,0.9151678085327148,0.0,0.0,0.0,0.0,0.0,0.0,0.0
0.0,0.0,0.9968500137329102,0.0,0.0,0.0,0.0,0.0,0.0,0.0
0.0,0.0,0.9385557174682617,0.0,0.0,0.0,0.0,0.0,0.0,0.0
0.7978533094812165,0.8875621890547264,0.9998922348022461,0.8762278978388998,0.8991935483870968,0.7978533094812165,0.8875621890547264,0.8762278978388998,0.8991935483870968,1.0
0.0,0.0,0.9932088851928711,0.0,0.0,0.0,0.0,0.0,0.0,0.0
0.0,0.0,0.9954442977905273,0.0,0.0,0.0,0.0,0.0,0.0,0.0
0.0,0.0,0.9942817687988281,0.0,0.0,0.0,0.0,0.0,0.0,0.0
0.0,0.0,0.9975004196166992,0.0,0.0,0.0,0.0,0.0,0.0,0.0
0.0,0.0,0.9909114837646484,0.0,0.0,0.0,0.0,0.0,0.0,0.0
0.0,0.0,0.9968976974487305,0.0,0.0,0.0,0.0,0.0,0.0,0.0
0.0,0.0,0.9977445602416992,0.0,0.0,0.0,0.0,0.0,0.0,0.0
0.0,0.0,0.9962902069091797,0.0,0.0,0.0,0.0,0.0,0.0,0.0
0.0,0.0,0.9967937469482422,0.0,0.0,0.0,0.0,0.0,0.0,0.0
0.0,0.0,0.9985294342041016,0.0,0.0,0.0,0.0,0.0,0.0,0.0
0.0,0.0,0.9973831176757812,0.0,0.0,0.0,0.0,0.0,0.0,0.0
0.0,0.0,0.997161865234375,0.0,0.0,0.0,0.0,0.0,0.0,0.0
0.0,0.0,0.9975910186767578,0.0,0.0,0.0,0.0,0.0,0.0,0.0
0.0,0.0,0.9970159530639648,0.0,0.0,0.0,0.0,0.0,0.0,0.0
0.0,0.0,0.9982995986938477,0.0,0.0,0.0,0.0,0.0,0.0,0.0
0.0,0.0,0.9985027313232422,0.0,0.0,0.0,0.0,0.0,0.0,0.0
0.0,0.0,0.9975547790527344,0.0,0.0,0.0,0.0,0.0,0.0,0.0
0.0,0.0,0.9978132247924805,0.0,0.0,0.0,0.0,0.0,0.0,0.0
0.0,0.0,0.9976224899291992,0.0,0.0,0.0,0.0,0.0,0.0,0.0
0.0,0.0,0.9974451065063477,0.0,0.0,0.0,0.0,0.0,0.0,0.0
0.0,0.0,0.99835205078125,0.0,0.0,0.0,0.0,0.0,0.0,0.0
0.0,0.0,0.9986429214477539,0.0,0.0,0.0,0.0,0.0,0.0,0.0
0.8065476190476191,0.8929159802306426,0.9999380111694336,0.9575971731448764,0.8364197530864198,0.8065476190476191,0.8929159802306426,0.9575971731448764,0.8364197530864198,1.0
0.0,0.0,0.9987554550170898,0.0,0.0,0.0,0.0,0.0,0.0,0.0
0.0,0.0,0.9996347427368164,0.0,0.0,0.0,0.0,0.0,0.0,0.0
0.0,0.0,0.9249544143676758,0.0,0.0,0.0,0.0,0.0,0.0,0.0
0.0,0.0,0.9173851013183594,0.0,0.0,0.0,0.0,0.0,0.0,0.0
0.0,0.0,0.9471168518066406,0.0,0.0,0.0,0.0,0.0,0.0,0.0
0.0,0.0,0.9190254211425781,0.0,0.0,0.0,0.0,0.0,0.0,0.0
0.0,0.0,0.9237937927246094,0.0,0.0,0.0,0.0,0.0,0.0,0.0
0.0,0.0,0.929020881652832,0.0,0.0,0.0,0.0,0.0,0.0,0.0
0.0,0.0,0.9714288711547852,0.0,0.0,0.0,0.0,0.0,0.0,0.0
0.0,0.0,0.9730224609375,0.0,0.0,0.0,0.0,0.0,0.0,0.0
0.0,0.0,0.9783897399902344,0.0,0.0,0.0,0.0,0.0,0.0,0.0
0.0,0.0,0.9918203353881836,0.0,0.0,0.0,0.0,0.0,0.0,0.0
0.0,0.0,0.9924678802490234,0.0,0.0,0.0,0.0,0.0,0.0,0.0
0.0,0.0,0.9510393142700195,0.0,0.0,0.0,0.0,0.0,0.0,0.0
0.9103214890016921,0.9530558015943312,0.9997978210449219,0.9759637188208616,0.9311986153180442,0.9103214890016921,0.9530558015943312,0.9759637188208616,0.9311986153180442,1.0
0.0,0.0,0.9943752288818359,0.0,0.0,0.0,0.0,0.0,0.0,0.0
0.0,0.0,0.9951019287109375,0.0,0.0,0.0,0.0,0.0,0.0,0.0
0.0,0.0,0.9940471649169922,0.0,0.0,0.0,0.0,0.0,0.0,0.0
0.0,0.0,0.9966621398925781,0.0,0.0,0.0,0.0,0.0,0.0,0.0
0.0,0.0,0.9975013732910156,0.0,0.0,0.0,0.0,0.0,0.0,0.0
0.0,0.0,0.997650146484375,0.0,0.0,0.0,0.0,0.0,0.0,0.0
0.0,0.0,0.9573659896850586,0.0,0.0,0.0,0.0,0.0,0.0,0.0
0.0,0.0,0.8985309600830078,0.0,0.0,0.0,0.0,0.0,0.0,0.0
0.0,0.0,0.9324188232421875,0.0,0.0,0.0,0.0,0.0,0.0,0.0
0.0,0.0,0.9383106231689453,0.0,0.0,0.0,0.0,0.0,0.0,0.0
0.0,0.0,0.9677066802978516,0.0,0.0,0.0,0.0,0.0,0.0,0.0
0.0,0.0,0.9583244323730469,0.0,0.0,0.0,0.0,0.0,0.0,0.0
0.0,0.0,0.9621200561523438,0.0,0.0,0.0,0.0,0.0,0.0,0.0
0.0,0.0,0.9005661010742188,0.0,0.0,0.0,0.0,0.0,0.0,0.0
0.0,0.0,0.9549350738525391,0.0,0.0,0.0,0.0,0.0,0.0,0.0
0.0,0.0,0.9563789367675781,0.0,0.0,0.0,0.0,0.0,0.0,0.0
0.0,0.0,0.9753217697143555,0.0,0.0,0.0,0.0,0.0,0.0,0.0
0.0,0.0,0.963109016418457,0.0,0.0,0.0,0.0,0.0,0.0,0.0
0.0,0.0,0.9617900848388672,0.0,0.0,0.0,0.0,0.0,0.0,0.0
0.0,0.0,0.9918689727783203,0.0,0.0,0.0,0.0,0.0,0.0,0.0
0.7692307692307693,0.8695652173913043,0.9991359710693359,0.9168184578020644,0.8269441401971522,0.7692307692307693,0.8695652173913043,0.9168184578020644,0.8269441401971522,1.0
0.0,0.0,0.9963836669921875,0.0,0.0,0.0,0.0,0.0,0.0,0.0
0.0,0.0,0.9928731918334961,0.0,0.0,0.0,0.0,0.0,0.0,0.0
0.0,0.0,0.9882383346557617,0.0,0.0,0.0,0.0,0.0,0.0,0.0
0.0,0.0,0.9664402008056641,0.0,0.0,0.0,0.0,0.0,0.0,0.0
0.0,0.0,0.9145135879516602,0.0,0.0,0.0,0.0,0.0,0.0,0.0
0.0,0.0,0.9649286270141602,0.0,0.0,0.0,0.0,0.0,0.0,0.0
0.0,0.0,0.9677581787109375,0.0,0.0,0.0,0.0,0.0,0.0,0.0
0.0,0.0,0.9743938446044922,0.0,0.0,0.0,0.0,0.0,0.0,0.0
0.0,0.0,0.9368715286254883,0.0,0.0,0.0,0.0,0.0,0.0,0.0
0.0,0.0,0.9682350158691406,0.0,0.0,0.0,0.0,0.0,0.0,0.0
0.0,0.0,0.9688997268676758,0.0,0.0,0.0,0.0,0.0,0.0,0.0
0.0,0.0,0.9633502960205078,0.0,0.0,0.0,0.0,0.0,0.0,0.0
0.0,0.0,0.963709831237793,0.0,0.0,0.0,0.0,0.0,0.0,0.0
0.0,0.0,0.9922542572021484,0.0,0.0,0.0,0.0,0.0,0.0,0.0
0.0,0.0,0.9435396194458008,0.0,0.0,0.0,0.0,0.0,0.0,0.0
0.0,0.0,0.996525764465332,0.0,0.0,0.0,0.0,0.0,0.0,0.0
0.0,0.0,0.9994392395019531,0.0,0.0,0.0,0.0,0.0,0.0,0.0
0.0,0.0,0.9641084671020508,0.0,0.0,0.0,0.0,0.0,0.0,0.0
0.7652122804591343,0.8669917934857121,0.9935235977172852,0.9842138029171114,0.7747208512723581,0.7652122804591343,0.8669917934857121,0.9842138029171114,0.7747208512723581,1.0
0.0,0.0,0.9682836532592773,0.0,0.0,0.0,0.0,0.0,0.0,0.0
0.0,0.0,0.9263935089111328,0.0,0.0,0.0,0.0,0.0,0.0,0.0
0.0,0.0,0.8261642456054688,0.0,0.0,0.0,0.0,0.0,0.0,0.0
0.0,0.0,0.9717884063720703,0.0,0.0,0.0,0.0,0.0,0.0,0.0
0.0,0.0,0.9496545791625977,0.0,0.0,0.0,0.0,0.0,0.0,0.0
0.0,0.0,0.9897260665893555,0.0,0.0,0.0,0.0,0.0,0.0,0.0
0.0,0.0,0.9707813262939453,0.0,0.0,0.0,0.0,0.0,0.0,0.0
0.0,0.0,0.9244604110717773,0.0,0.0,0.0,0.0,0.0,0.0,0.0
0.0,0.0,0.9803066253662109,0.0,0.0,0.0,0.0,0.0,0.0,0.0
0.0,0.0,0.9750423431396484,0.0,0.0,0.0,0.0,0.0,0.0,0.0
0.0,0.0,0.9422712326049805,0.0,0.0,0.0,0.0,0.0,0.0,0.0
0.0,0.0,0.9415073394775391,0.0,0.0,0.0,0.0,0.0,0.0,0.0
0.0,0.0,0.9494895935058594,0.0,0.0,0.0,0.0,0.0,0.0,0.0
0.0,0.0,0.9443016052246094,0.0,0.0,0.0,0.0,0.0,0.0,0.0
0.0,0.0,0.9997749328613281,0.0,0.0,0.0,0.0,0.0,0.0,0.0
0.0,0.0,0.9998130798339844,0.0,0.0,0.0,0.0,0.0,0.0,0.0
0.0,0.0,0.9475059509277344,0.0,0.0,0.0,0.0,0.0,0.0,0.0
0.0,0.0,0.9755001068115234,0.0,0.0,0.0,0.0,0.0,0.0,0.0
0.0,0.0,0.9589643478393555,0.0,0.0,0.0,0.0,0.0,0.0,0.0
0.0,0.0,0.9509820938110352,0.0,0.0,0.0,0.0,0.0,0.0,0.0
0.0,0.0,0.9576072692871094,0.0,0.0,0.0,0.0,0.0,0.0,0.0
0.0,0.0,0.9937124252319336,0.0,0.0,0.0,0.0,0.0,0.0,0.0
0.0,0.0,0.954106330871582,0.0,0.0,0.0,0.0,0.0,0.0,0.0
0.0,0.0,0.9045791625976562,0.0,0.0,0.0,0.0,0.0,0.0,0.0
0.0,0.0,0.9914789199829102,0.0,0.0,0.0,0.0,0.0,0.0,0.0
0.0,0.0,0.9321603775024414,0.0,0.0,0.0,0.0,0.0,0.0,0.0
0.5228758169934641,0.6866952789699571,0.999791145324707,0.9836065573770492,0.5274725274725275,0.5228758169934641,0.6866952789699571,0.9836065573770492,0.5274725274725275,1.0
0.0,0.0,0.9956111907958984,0.0,0.0,0.0,0.0,0.0,0.0,0.0
0.0,0.0,0.9972810745239258,0.0,0.0,0.0,0.0,0.0,0.0,0.0
0.0,0.0,0.9868984222412109,0.0,0.0,0.0,0.0,0.0,0.0,0.0
0.0,0.0,0.9887914657592773,0.0,0.0,0.0,0.0,0.0,0.0,0.0
0.929456384323641,0.963438605687328,0.9994678497314453,0.977269706234215,0.9499935392169531,0.929456384323641,0.963438605687328,0.977269706234215,0.9499935392169531,1.0
0.0,0.0,0.9873132705688477,0.0,0.0,0.0,0.0,0.0,0.0,0.0
0.0,0.0,0.9886932373046875,0.0,0.0,0.0,0.0,0.0,0.0,0.0
0.0,0.0,0.9725961685180664,0.0,0.0,0.0,0.0,0.0,0.0,0.0
0.0,0.0,0.9783296585083008,0.0,0.0,0.0,0.0,0.0,0.0,0.0
0.0,0.0,0.9920825958251953,0.0,0.0,0.0,0.0,0.0,0.0,0.0
0.0,0.0,0.991856575012207,0.0,0.0,0.0,0.0,0.0,0.0,0.0
0.0,0.0,0.9901533126831055,0.0,0.0,0.0,0.0,0.0,0.0,0.0
0.0,0.0,0.9843206405639648,0.0,0.0,0.0,0.0,0.0,0.0,0.0
0.45182724252491696,0.6224256292906178,0.9985837936401367,0.96,0.4604966139954853,0.45182724252491696,0.6224256292906178,0.96,0.4604966139954853,0.0
0.0,0.0,0.9964017868041992,0.0,0.0,0.0,0.0,0.0,0.0,0.0
0.0,0.0,0.9972419738769531,0.0,0.0,0.0,0.0,0.0,0.0,0.0
0.0,0.0,0.996891975402832,0.0,0.0,0.0,0.0,0.0,0.0,0.0
0.0,0.0,0.9603147506713867,0.0,0.0,0.0,0.0,0.0,0.0,0.0
0.0,0.0,0.9601287841796875,0.0,0.0,0.0,0.0,0.0,0.0,0.0
0.0,0.0,0.9366140365600586,0.0,0.0,0.0,0.0,0.0,0.0,0.0
0.0,0.0,0.9601125717163086,0.0,0.0,0.0,0.0,0.0,0.0,0.0
0.0,0.0,0.9611082077026367,0.0,0.0,0.0,0.0,0.0,0.0,0.0
0.0,0.0,0.960545539855957,0.0,0.0,0.0,0.0,0.0,0.0,0.0
0.0,0.0,0.9606504440307617,0.0,0.0,0.0,0.0,0.0,0.0,0.0
0.0,0.0,0.9602079391479492,0.0,0.0,0.0,0.0,0.0,0.0,0.0
0.0,0.0,0.9598550796508789,0.0,0.0,0.0,0.0,0.0,0.0,0.0
0.0,0.0,0.9603862762451172,0.0,0.0,0.0,0.0,0.0,0.0,0.0
0.0,0.0,0.9606313705444336,0.0,0.0,0.0,0.0,0.0,0.0,0.0
0.0,0.0,0.9601659774780273,0.0,0.0,0.0,0.0,0.0,0.0,0.0
0.0,0.0,0.9602451324462891,0.0,0.0,0.0,0.0,0.0,0.0,0.0
0.0,0.0,0.9608573913574219,0.0,0.0,0.0,0.0,0.0,0.0,0.0
0.0,0.0,0.9601497650146484,0.0,0.0,0.0,0.0,0.0,0.0,0.0
0.0,0.0,0.9602937698364258,0.0,0.0,0.0,0.0,0.0,0.0,0.0
0.0,0.0,0.9602880477905273,0.0,0.0,0.0,0.0,0.0,0.0,0.0
0.0,0.0,0.9604558944702148,0.0,0.0,0.0,0.0,0.0,0.0,0.0
0.0,0.0,0.9603214263916016,0.0,0.0,0.0,0.0,0.0,0.0,0.0
0.0,0.0,0.960780143737793,0.0,0.0,0.0,0.0,0.0,0.0,0.0
0.0,0.0,0.9604053497314453,0.0,0.0,0.0,0.0,0.0,0.0,0.0
0.8865136531023462,0.9398433471652712,0.9953269958496094,0.9234276615763191,0.9568532360072994,0.8865136531023462,0.9398433471652712,0.9234276615763191,0.9568532360072994,1.0
0.0,0.0,0.9610376358032227,0.0,0.0,0.0,0.0,0.0,0.0,0.0
0.0,0.0,0.9612627029418945,0.0,0.0,0.0,0.0,0.0,0.0,0.0
0.0,0.0,0.960881233215332,0.0,0.0,0.0,0.0,0.0,0.0,0.0
0.0,0.0,0.9614086151123047,0.0,0.0,0.0,0.0,0.0,0.0,0.0
0.0,0.0,0.9607763290405273,0.0,0.0,0.0,0.0,0.0,0.0,0.0
0.0,0.0,0.9599132537841797,0.0,0.0,0.0,0.0,0.0,0.0,0.0
0.0,0.0,0.9616813659667969,0.0,0.0,0.0,0.0,0.0,0.0,0.0
0.0,0.0,0.9611167907714844,0.0,0.0,0.0,0.0,0.0,0.0,0.0
0.0,0.0,0.9608335494995117,0.0,0.0,0.0,0.0,0.0,0.0,0.0
0.0,0.0,0.9610300064086914,0.0,0.0,0.0,0.0,0.0,0.0,0.0
0.0,0.0,0.9615659713745117,0.0,0.0,0.0,0.0,0.0,0.0,0.0
0.0,0.0,0.9616060256958008,0.0,0.0,0.0,0.0,0.0,0.0,0.0
0.0,0.0,0.9612903594970703,0.0,0.0,0.0,0.0,0.0,0.0,0.0
0.0,0.0,0.9979915618896484,0.0,0.0,0.0,0.0,0.0,0.0,0.0
0.0,0.0,0.999201774597168,0.0,0.0,0.0,0.0,0.0,0.0,0.0
0.0,0.0,0.9985494613647461,0.0,0.0,0.0,0.0,0.0,0.0,0.0
0.0,0.0,0.9980802536010742,0.0,0.0,0.0,0.0,0.0,0.0,0.0
0.0,0.0,0.9984960556030273,0.0,0.0,0.0,0.0,0.0,0.0,0.0
0.0,0.0,0.9984006881713867,0.0,0.0,0.0,0.0,0.0,0.0,0.0
0.0,0.0,0.9982519149780273,0.0,0.0,0.0,0.0,0.0,0.0,0.0
0.0,0.0,0.9996433258056641,0.0,0.0,0.0,0.0,0.0,0.0,0.0
0.0,0.0,0.9980430603027344,0.0,0.0,0.0,0.0,0.0,0.0,0.0
0.0,0.0,0.9984703063964844,0.0,0.0,0.0,0.0,0.0,0.0,0.0
0.0,0.0,0.9938068389892578,0.0,0.0,0.0,0.0,0.0,0.0,0.0
0.0,0.0,0.9995174407958984,0.0,0.0,0.0,0.0,0.0,0.0,0.0
0.0,0.0,0.9987678527832031,0.0,0.0,0.0,0.0,0.0,0.0,0.0
0.0,0.0,0.9990863800048828,0.0,0.0,0.0,0.0,0.0,0.0,0.0
0.0,0.0,0.9996061325073242,0.0,0.0,0.0,0.0,0.0,0.0,0.0
0.0,0.0,0.9994840621948242,0.0,0.0,0.0,0.0,0.0,0.0,0.0
0.0,0.0,0.9990739822387695,0.0,0.0,0.0,0.0,0.0,0.0,0.0
0.0,0.0,0.9996128082275391,0.0,0.0,0.0,0.0,0.0,0.0,0.0
0.0,0.0,0.9986381530761719,0.0,0.0,0.0,0.0,0.0,0.0,0.0
0.0,0.0,0.9992837905883789,0.0,0.0,0.0,0.0,0.0,0.0,0.0
0.0,0.0,0.999028205871582,0.0,0.0,0.0,0.0,0.0,0.0,0.0
0.0,0.0,0.9991283416748047,0.0,0.0,0.0,0.0,0.0,0.0,0.0
0.0,0.0,0.9991617202758789,0.0,0.0,0.0,0.0,0.0,0.0,0.0
0.0,0.0,0.9991130828857422,0.0,0.0,0.0,0.0,0.0,0.0,0.0
0.0,0.0,0.9991436004638672,0.0,0.0,0.0,0.0,0.0,0.0,0.0
0.0,0.0,0.9997720718383789,0.0,0.0,0.0,0.0,0.0,0.0,0.0
0.0,0.0,0.9986400604248047,0.0,0.0,0.0,0.0,0.0,0.0,0.0
0.0,0.0,0.9990854263305664,0.0,0.0,0.0,0.0,0.0,0.0,0.0
0.0,0.0,0.9998779296875,0.0,0.0,0.0,0.0,0.0,0.0,0.0
0.0,0.0,0.9992141723632812,0.0,0.0,0.0,0.0,0.0,0.0,0.0
0.0,0.0,0.9988203048706055,0.0,0.0,0.0,0.0,0.0,0.0,0.0
0.0,0.0,0.9998807907104492,0.0,0.0,0.0,0.0,0.0,0.0,0.0
0.0,0.0,0.9994049072265625,0.0,0.0,0.0,0.0,0.0,0.0,0.0
0.0,0.0,0.9999246597290039,0.0,0.0,0.0,0.0,0.0,0.0,0.0
0.0,0.0,0.9980497360229492,0.0,0.0,0.0,0.0,0.0,0.0,0.0
0.0,0.0,0.9977140426635742,0.0,0.0,0.0,0.0,0.0,0.0,0.0
0.0,0.0,0.9936285018920898,0.0,0.0,0.0,0.0,0.0,0.0,0.0
0.0,0.0,0.9952192306518555,0.0,0.0,0.0,0.0,0.0,0.0,0.0
0.0,0.0,0.9984912872314453,0.0,0.0,0.0,0.0,0.0,0.0,0.0
0.0,0.0,0.9982805252075195,0.0,0.0,0.0,0.0,0.0,0.0,0.0
0.0,0.0,0.9983577728271484,0.0,0.0,0.0,0.0,0.0,0.0,0.0
0.0,0.0,0.9978151321411133,0.0,0.0,0.0,0.0,0.0,0.0,0.0
0.0,0.0,0.9980430603027344,0.0,0.0,0.0,0.0,0.0,0.0,0.0
0.0,0.0,0.9977540969848633,0.0,0.0,0.0,0.0,0.0,0.0,0.0
0.0,0.0,0.99822998046875,0.0,0.0,0.0,0.0,0.0,0.0,0.0
0.0,0.0,0.9977550506591797,0.0,0.0,0.0,0.0,0.0,0.0,0.0
0.0,0.0,0.9987831115722656,0.0,0.0,0.0,0.0,0.0,0.0,0.0
0.0,0.0,0.9986400604248047,0.0,0.0,0.0,0.0,0.0,0.0,0.0
0.0,0.0,0.9981517791748047,0.0,0.0,0.0,0.0,0.0,0.0,0.0
0.0,0.0,0.9986972808837891,0.0,0.0,0.0,0.0,0.0,0.0,0.0
0.0,0.0,0.9994649887084961,0.0,0.0,0.0,0.0,0.0,0.0,0.0
0.0,0.0,0.998255729675293,0.0,0.0,0.0,0.0,0.0,0.0,0.0
0.0,0.0,0.9984283447265625,0.0,0.0,0.0,0.0,0.0,0.0,0.0
0.0,0.0,0.9981460571289062,0.0,0.0,0.0,0.0,0.0,0.0,0.0
0.0,0.0,0.9981613159179688,0.0,0.0,0.0,0.0,0.0,0.0,0.0
0.0,0.0,0.9994621276855469,0.0,0.0,0.0,0.0,0.0,0.0,0.0
0.0,0.0,0.9986791610717773,0.0,0.0,0.0,0.0,0.0,0.0,0.0
0.0,0.0,0.9995765686035156,0.0,0.0,0.0,0.0,0.0,0.0,0.0
0.0,0.0,0.9956827163696289,0.0,0.0,0.0,0.0,0.0,0.0,0.0
0.0,0.0,0.9851160049438477,0.0,0.0,0.0,0.0,0.0,0.0,0.0
0.0,0.0,0.9843301773071289,0.0,0.0,0.0,0.0,0.0,0.0,0.0
0.0,0.0,0.9910812377929688,0.0,0.0,0.0,0.0,0.0,0.0,0.0
0.0,0.0,0.9905738830566406,0.0,0.0,0.0,0.0,0.0,0.0,0.0
0.0,0.0,0.9709568023681641,0.0,0.0,0.0,0.0,0.0,0.0,0.0
0.0,0.0,0.9908580780029297,0.0,0.0,0.0,0.0,0.0,0.0,0.0
0.0,0.0,0.9926309585571289,0.0,0.0,0.0,0.0,0.0,0.0,0.0
0.0,0.0,0.9910860061645508,0.0,0.0,0.0,0.0,0.0,0.0,0.0
0.0,0.0,0.9922876358032227,0.0,0.0,0.0,0.0,0.0,0.0,0.0
0.0,0.0,0.9933958053588867,0.0,0.0,0.0,0.0,0.0,0.0,0.0
0.0,0.0,0.9923095703125,0.0,0.0,0.0,0.0,0.0,0.0,0.0
0.0,0.0,0.9914999008178711,0.0,0.0,0.0,0.0,0.0,0.0,0.0
0.7501369112814896,0.857232261597434,0.9982595443725586,0.803843896713615,0.91821685939333,0.7501369112814896,0.857232261597434,0.803843896713615,0.91821685939333,1.0
0.0,0.0,0.9926471710205078,0.0,0.0,0.0,0.0,0.0,0.0,0.0
0.0,0.0,0.9925785064697266,0.0,0.0,0.0,0.0,0.0,0.0,0.0
0.0,0.0,0.9925756454467773,0.0,0.0,0.0,0.0,0.0,0.0,0.0
0.0,0.0,0.9929542541503906,0.0,0.0,0.0,0.0,0.0,0.0,0.0
0.0,0.0,0.9927444458007812,0.0,0.0,0.0,0.0,0.0,0.0,0.0
0.0,0.0,0.9931821823120117,0.0,0.0,0.0,0.0,0.0,0.0,0.0
0.0,0.0,0.9923181533813477,0.0,0.0,0.0,0.0,0.0,0.0,0.0
0.0,0.0,0.99273681640625,0.0,0.0,0.0,0.0,0.0,0.0,0.0
0.0,0.0,0.9880886077880859,0.0,0.0,0.0,0.0,0.0,0.0,0.0
0.0,0.0,0.9923267364501953,0.0,0.0,0.0,0.0,0.0,0.0,0.0
0.0,0.0,0.9924659729003906,0.0,0.0,0.0,0.0,0.0,0.0,0.0
0.0,0.0,0.993077278137207,0.0,0.0,0.0,0.0,0.0,0.0,0.0
0.0,0.0,0.9926891326904297,0.0,0.0,0.0,0.0,0.0,0.0,0.0
0.0,0.0,0.9933671951293945,0.0,0.0,0.0,0.0,0.0,0.0,0.0
0.0,0.0,0.9927301406860352,0.0,0.0,0.0,0.0,0.0,0.0,0.0
0.0,0.0,0.9926824569702148,0.0,0.0,0.0,0.0,0.0,0.0,0.0
0.0,0.0,0.9929933547973633,0.0,0.0,0.0,0.0,0.0,0.0,0.0
0.0,0.0,0.9925823211669922,0.0,0.0,0.0,0.0,0.0,0.0,0.0
0.0,0.0,0.992833137512207,0.0,0.0,0.0,0.0,0.0,0.0,0.0
0.0,0.0,0.9935665130615234,0.0,0.0,0.0,0.0,0.0,0.0,0.0
0.0,0.0,0.9927215576171875,0.0,0.0,0.0,0.0,0.0,0.0,0.0
0.0,0.0,0.9934234619140625,0.0,0.0,0.0,0.0,0.0,0.0,0.0
0.0,0.0,0.9891977310180664,0.0,0.0,0.0,0.0,0.0,0.0,0.0
0.0,0.0,0.9934301376342773,0.0,0.0,0.0,0.0,0.0,0.0,0.0
0.0,0.0,0.9942045211791992,0.0,0.0,0.0,0.0,0.0,0.0,0.0
0.0,0.0,0.9927711486816406,0.0,0.0,0.0,0.0,0.0,0.0,0.0
0.0,0.0,0.9926977157592773,0.0,0.0,0.0,0.0,0.0,0.0,0.0
0.0,0.0,0.9937267303466797,0.0,0.0,0.0,0.0,0.0,0.0,0.0
0.0,0.0,0.9940500259399414,0.0,0.0,0.0,0.0,0.0,0.0,0.0
0.0,0.0,0.9927787780761719,0.0,0.0,0.0,0.0,0.0,0.0,0.0
0.0,0.0,0.9934902191162109,0.0,0.0,0.0,0.0,0.0,0.0,0.0
0.0,0.0,0.9929800033569336,0.0,0.0,0.0,0.0,0.0,0.0,0.0
0.0,0.0,0.9929819107055664,0.0,0.0,0.0,0.0,0.0,0.0,0.0
0.0,0.0,0.9931192398071289,0.0,0.0,0.0,0.0,0.0,0.0,0.0
0.0,0.0,0.9908056259155273,0.0,0.0,0.0,0.0,0.0,0.0,0.0
0.0,0.0,0.9925670623779297,0.0,0.0,0.0,0.0,0.0,0.0,0.0
0.0,0.0,0.9927606582641602,0.0,0.0,0.0,0.0,0.0,0.0,0.0
0.0,0.0,0.9932546615600586,0.0,0.0,0.0,0.0,0.0,0.0,0.0
0.0,0.0,0.9936513900756836,0.0,0.0,0.0,0.0,0.0,0.0,0.0
0.0,0.0,0.9935283660888672,0.0,0.0,0.0,0.0,0.0,0.0,0.0
0.0,0.0,0.9941701889038086,0.0,0.0,0.0,0.0,0.0,0.0,0.0
0.0,0.0,0.9941291809082031,0.0,0.0,0.0,0.0,0.0,0.0,0.0
0.0,0.0,0.9938831329345703,0.0,0.0,0.0,0.0,0.0,0.0,0.0
0.0,0.0,0.993499755859375,0.0,0.0,0.0,0.0,0.0,0.0,0.0
0.0,0.0,0.9942092895507812,0.0,0.0,0.0,0.0,0.0,0.0,0.0
0.0,0.0,0.9940204620361328,0.0,0.0,0.0,0.0,0.0,0.0,0.0
0.0,0.0,0.9938802719116211,0.0,0.0,0.0,0.0,0.0,0.0,0.0
0.0,0.0,0.9933452606201172,0.0,0.0,0.0,0.0,0.0,0.0,0.0
0.0,0.0,0.9935493469238281,0.0,0.0,0.0,0.0,0.0,0.0,0.0
0.0,0.0,0.9938335418701172,0.0,0.0,0.0,0.0,0.0,0.0,0.0
0.0,0.0,0.9938220977783203,0.0,0.0,0.0,0.0,0.0,0.0,0.0
0.0,0.0,0.9940729141235352,0.0,0.0,0.0,0.0,0.0,0.0,0.0
0.0,0.0,0.988616943359375,0.0,0.0,0.0,0.0,0.0,0.0,0.0
0.0,0.0,0.9954986572265625,0.0,0.0,0.0,0.0,0.0,0.0,0.0
0.0,0.0,0.9963521957397461,0.0,0.0,0.0,0.0,0.0,0.0,0.0
0.0,0.0,0.9960355758666992,0.0,0.0,0.0,0.0,0.0,0.0,0.0
0.0,0.0,0.9904165267944336,0.0,0.0,0.0,0.0,0.0,0.0,0.0
0.0,0.0,0.9962234497070312,0.0,0.0,0.0,0.0,0.0,0.0,0.0
0.0,0.0,0.9956769943237305,0.0,0.0,0.0,0.0,0.0,0.0,0.0
0.0,0.0,0.9949197769165039,0.0,0.0,0.0,0.0,0.0,0.0,0.0
0.0,0.0,0.9953622817993164,0.0,0.0,0.0,0.0,0.0,0.0,0.0
0.0,0.0,0.9966249465942383,0.0,0.0,0.0,0.0,0.0,0.0,0.0
0.0,0.0,0.9970989227294922,0.0,0.0,0.0,0.0,0.0,0.0,0.0
0.0,0.0,0.9967241287231445,0.0,0.0,0.0,0.0,0.0,0.0,0.0
0.0,0.0,0.9960031509399414,0.0,0.0,0.0,0.0,0.0,0.0,0.0
0.0,0.0,0.9914579391479492,0.0,0.0,0.0,0.0,0.0,0.0,0.0
0.0,0.0,0.9967985153198242,0.0,0.0,0.0,0.0,0.0,0.0,0.0
0.0,0.0,0.9950428009033203,0.0,0.0,0.0,0.0,0.0,0.0,0.0
0.0,0.0,0.9959774017333984,0.0,0.0,0.0,0.0,0.0,0.0,0.0
0.0,0.0,0.995513916015625,0.0,0.0,0.0,0.0,0.0,0.0,0.0
0.0,0.0,0.9952421188354492,0.0,0.0,0.0,0.0,0.0,0.0,0.0
0.0,0.0,0.9962539672851562,0.0,0.0,0.0,0.0,0.0,0.0,0.0
0.0,0.0,0.9962368011474609,0.0,0.0,0.0,0.0,0.0,0.0,0.0
0.0,0.0,0.9962844848632812,0.0,0.0,0.0,0.0,0.0,0.0,0.0
0.0,0.0,0.995880126953125,0.0,0.0,0.0,0.0,0.0,0.0,0.0
0.0,0.0,0.9962987899780273,0.0,0.0,0.0,0.0,0.0,0.0,0.0
0.7324455205811138,0.8455625436757512,0.9993677139282227,0.8146319569120287,0.8789346246973365,0.7324455205811138,0.8455625436757512,0.8146319569120287,0.8789346246973365,1.0
0.0,0.0,0.997248649597168,0.0,0.0,0.0,0.0,0.0,0.0,0.0
0.0,0.0,0.9963922500610352,0.0,0.0,0.0,0.0,0.0,0.0,0.0
0.0,0.0,0.9970226287841797,0.0,0.0,0.0,0.0,0.0,0.0,0.0
0.0,0.0,0.9964151382446289,0.0,0.0,0.0,0.0,0.0,0.0,0.0
0.0,0.0,0.9963541030883789,0.0,0.0,0.0,0.0,0.0,0.0,0.0
0.0,0.0,0.9965600967407227,0.0,0.0,0.0,0.0,0.0,0.0,0.0
0.0,0.0,0.9971189498901367,0.0,0.0,0.0,0.0,0.0,0.0,0.0
0.0,0.0,0.9971342086791992,0.0,0.0,0.0,0.0,0.0,0.0,0.0
0.0,0.0,0.9965019226074219,0.0,0.0,0.0,0.0,0.0,0.0,0.0
0.0,0.0,0.9961977005004883,0.0,0.0,0.0,0.0,0.0,0.0,0.0
0.0,0.0,0.9954862594604492,0.0,0.0,0.0,0.0,0.0,0.0,0.0
0.0,0.0,0.9960975646972656,0.0,0.0,0.0,0.0,0.0,0.0,0.0
0.0,0.0,0.9976987838745117,0.0,0.0,0.0,0.0,0.0,0.0,0.0
0.0,0.0,0.9965009689331055,0.0,0.0,0.0,0.0,0.0,0.0,0.0
0.0,0.0,0.9964179992675781,0.0,0.0,0.0,0.0,0.0,0.0,0.0
0.0,0.0,0.9964990615844727,0.0,0.0,0.0,0.0,0.0,0.0,0.0
0.0,0.0,0.9965457916259766,0.0,0.0,0.0,0.0,0.0,0.0,0.0
0.0,0.0,0.9973964691162109,0.0,0.0,0.0,0.0,0.0,0.0,0.0
0.0,0.0,0.9969816207885742,0.0,0.0,0.0,0.0,0.0,0.0,0.0
0.0,0.0,0.9973068237304688,0.0,0.0,0.0,0.0,0.0,0.0,0.0
0.0,0.0,0.9970035552978516,0.0,0.0,0.0,0.0,0.0,0.0,0.0
0.0,0.0,0.9970073699951172,0.0,0.0,0.0,0.0,0.0,0.0,0.0
0.0,0.0,0.9979324340820312,0.0,0.0,0.0,0.0,0.0,0.0,0.0
0.0,0.0,0.9979019165039062,0.0,0.0,0.0,0.0,0.0,0.0,0.0
0.0,0.0,0.9953498840332031,0.0,0.0,0.0,0.0,0.0,0.0,0.0
0.0,0.0,0.9968423843383789,0.0,0.0,0.0,0.0,0.0,0.0,0.0
0.0,0.0,0.9970159530639648,0.0,0.0,0.0,0.0,0.0,0.0,0.0
0.0,0.0,0.9973039627075195,0.0,0.0,0.0,0.0,0.0,0.0,0.0
0.0,0.0,0.9971199035644531,0.0,0.0,0.0,0.0,0.0,0.0,0.0
0.0,0.0,0.9965572357177734,0.0,0.0,0.0,0.0,0.0,0.0,0.0
0.0,0.0,0.9968328475952148,0.0,0.0,0.0,0.0,0.0,0.0,0.0
0.0,0.0,0.9968557357788086,0.0,0.0,0.0,0.0,0.0,0.0,0.0
0.0,0.0,0.996861457824707,0.0,0.0,0.0,0.0,0.0,0.0,0.0
0.0,0.0,0.9968223571777344,0.0,0.0,0.0,0.0,0.0,0.0,0.0
0.0,0.0,0.9978914260864258,0.0,0.0,0.0,0.0,0.0,0.0,0.0
0.0,0.0,0.9968729019165039,0.0,0.0,0.0,0.0,0.0,0.0,0.0
0.0,0.0,0.9970436096191406,0.0,0.0,0.0,0.0,0.0,0.0,0.0
0.0,0.0,0.9975757598876953,0.0,0.0,0.0,0.0,0.0,0.0,0.0
0.0,0.0,0.9970607757568359,0.0,0.0,0.0,0.0,0.0,0.0,0.0
0.0,0.0,0.9971675872802734,0.0,0.0,0.0,0.0,0.0,0.0,0.0
0.0,0.0,0.9977188110351562,0.0,0.0,0.0,0.0,0.0,0.0,0.0
0.0,0.0,0.9971590042114258,0.0,0.0,0.0,0.0,0.0,0.0,0.0
0.0,0.0,0.9979314804077148,0.0,0.0,0.0,0.0,0.0,0.0,0.0
0.0,0.0,0.9973831176757812,0.0,0.0,0.0,0.0,0.0,0.0,0.0
0.0,0.0,0.9974393844604492,0.0,0.0,0.0,0.0,0.0,0.0,0.0
0.0,0.0,0.9960927963256836,0.0,0.0,0.0,0.0,0.0,0.0,0.0
0.0,0.0,0.9974088668823242,0.0,0.0,0.0,0.0,0.0,0.0,0.0
0.0,0.0,0.9969968795776367,0.0,0.0,0.0,0.0,0.0,0.0,0.0
0.0,0.0,0.9976873397827148,0.0,0.0,0.0,0.0,0.0,0.0,0.0
0.0,0.0,0.9978513717651367,0.0,0.0,0.0,0.0,0.0,0.0,0.0
0.0,0.0,0.9971189498901367,0.0,0.0,0.0,0.0,0.0,0.0,0.0
0.0,0.0,0.9979486465454102,0.0,0.0,0.0,0.0,0.0,0.0,0.0
0.0,0.0,0.9978513717651367,0.0,0.0,0.0,0.0,0.0,0.0,0.0
0.0,0.0,0.9986457824707031,0.0,0.0,0.0,0.0,0.0,0.0,0.0
0.0,0.0,0.9925317764282227,0.0,0.0,0.0,0.0,0.0,0.0,0.0
0.0,0.0,0.998805046081543,0.0,0.0,0.0,0.0,0.0,0.0,0.0
0.0,0.0,0.9976043701171875,0.0,0.0,0.0,0.0,0.0,0.0,0.0
0.0,0.0,0.9979639053344727,0.0,0.0,0.0,0.0,0.0,0.0,0.0
0.0,0.0,0.9980335235595703,0.0,0.0,0.0,0.0,0.0,0.0,0.0
0.0,0.0,0.997523307800293,0.0,0.0,0.0,0.0,0.0,0.0,0.0
0.0,0.0,0.9977321624755859,0.0,0.0,0.0,0.0,0.0,0.0,0.0
0.0,0.0,0.9974374771118164,0.0,0.0,0.0,0.0,0.0,0.0,0.0
0.0,0.0,0.9984779357910156,0.0,0.0,0.0,0.0,0.0,0.0,0.0
0.0,0.0,0.9982309341430664,0.0,0.0,0.0,0.0,0.0,0.0,0.0
0.0,0.0,0.9977226257324219,0.0,0.0,0.0,0.0,0.0,0.0,0.0
0.0,0.0,0.9977855682373047,0.0,0.0,0.0,0.0,0.0,0.0,0.0
0.0,0.0,0.9979124069213867,0.0,0.0,0.0,0.0,0.0,0.0,0.0
0.0,0.0,0.9975786209106445,0.0,0.0,0.0,0.0,0.0,0.0,0.0
0.0,0.0,0.9988698959350586,0.0,0.0,0.0,0.0,0.0,0.0,0.0
0.0,0.0,0.9981307983398438,0.0,0.0,0.0,0.0,0.0,0.0,0.0
0.0,0.0,0.9982671737670898,0.0,0.0,0.0,0.0,0.0,0.0,0.0
0.0,0.0,0.9982328414916992,0.0,0.0,0.0,0.0,0.0,0.0,0.0
0.0,0.0,0.9981451034545898,0.0,0.0,0.0,0.0,0.0,0.0,0.0
0.0,0.0,0.9980344772338867,0.0,0.0,0.0,0.0,0.0,0.0,0.0
0.0,0.0,0.9980506896972656,0.0,0.0,0.0,0.0,0.0,0.0,0.0
0.0,0.0,0.9985780715942383,0.0,0.0,0.0,0.0,0.0,0.0,0.0
0.0,0.0,0.999506950378418,0.0,0.0,0.0,0.0,0.0,0.0,0.0
0.0,0.0,0.998356819152832,0.0,0.0,0.0,0.0,0.0,0.0,0.0
0.0,0.0,0.9983444213867188,0.0,0.0,0.0,0.0,0.0,0.0,0.0
0.0,0.0,0.9983482360839844,0.0,0.0,0.0,0.0,0.0,0.0,0.0
0.0,0.0,0.9986934661865234,0.0,0.0,0.0,0.0,0.0,0.0,0.0
0.0,0.0,0.9991769790649414,0.0,0.0,0.0,0.0,0.0,0.0,0.0
0.0,0.0,0.9986562728881836,0.0,0.0,0.0,0.0,0.0,0.0,0.0
0.0,0.0,0.9983940124511719,0.0,0.0,0.0,0.0,0.0,0.0,0.0
0.0,0.0,0.9987802505493164,0.0,0.0,0.0,0.0,0.0,0.0,0.0
0.0,0.0,0.9982280731201172,0.0,0.0,0.0,0.0,0.0,0.0,0.0
0.0,0.0,0.9980649948120117,0.0,0.0,0.0,0.0,0.0,0.0,0.0
0.0,0.0,0.9983749389648438,0.0,0.0,0.0,0.0,0.0,0.0,0.0
0.0,0.0,0.9982919692993164,0.0,0.0,0.0,0.0,0.0,0.0,0.0
0.0,0.0,0.9987106323242188,0.0,0.0,0.0,0.0,0.0,0.0,0.0
0.0,0.0,0.9987115859985352,0.0,0.0,0.0,0.0,0.0,0.0,0.0
0.0,0.0,0.9995174407958984,0.0,0.0,0.0,0.0,0.0,0.0,0.0
0.0,0.0,0.9971694946289062,0.0,0.0,0.0,0.0,0.0,0.0,0.0
0.0,0.0,0.9980335235595703,0.0,0.0,0.0,0.0,0.0,0.0,0.0
0.0,0.0,0.9991931915283203,0.0,0.0,0.0,0.0,0.0,0.0,0.0
0.0,0.0,0.9986867904663086,0.0,0.0,0.0,0.0,0.0,0.0,0.0
0.0,0.0,0.9983577728271484,0.0,0.0,0.0,0.0,0.0,0.0,0.0
0.0,0.0,0.998499870300293,0.0,0.0,0.0,0.0,0.0,0.0,0.0
0.0,0.0,0.9982576370239258,0.0,0.0,0.0,0.0,0.0,0.0,0.0
0.0,0.0,0.998570442199707,0.0,0.0,0.0,0.0,0.0,0.0,0.0
0.0,0.0,0.9983768463134766,0.0,0.0,0.0,0.0,0.0,0.0,0.0
0.0,0.0,0.9993057250976562,0.0,0.0,0.0,0.0,0.0,0.0,0.0
0.0,0.0,0.9990739822387695,0.0,0.0,0.0,0.0,0.0,0.0,0.0
0.0,0.0,0.9989423751831055,0.0,0.0,0.0,0.0,0.0,0.0,0.0
0.0,0.0,0.9992284774780273,0.0,0.0,0.0,0.0,0.0,0.0,0.0
0.0,0.0,0.998682975769043,0.0,0.0,0.0,0.0,0.0,0.0,0.0
0.0,0.0,0.9989442825317383,0.0,0.0,0.0,0.0,0.0,0.0,0.0
0.0010214504596527069,0.0020408163265306124,0.9990673065185547,0.0012484394506866417,0.00558659217877095,0.0010214504596527069,0.0020408163265306124,0.0012484394506866417,0.00558659217877095,0.0
0.0,0.0,0.9996404647827148,0.0,0.0,0.0,0.0,0.0,0.0,0.0
0.0,0.0,0.9993076324462891,0.0,0.0,0.0,0.0,0.0,0.0,0.0
0.0,0.0,0.9997100830078125,0.0,0.0,0.0,0.0,0.0,0.0,0.0
0.0,0.0,0.9988641738891602,0.0,0.0,0.0,0.0,0.0,0.0,0.0
0.0,0.0,0.9991607666015625,0.0,0.0,0.0,0.0,0.0,0.0,0.0
0.0,0.0,0.9995107650756836,0.0,0.0,0.0,0.0,0.0,0.0,0.0
0.0,0.0,0.9979496002197266,0.0,0.0,0.0,0.0,0.0,0.0,0.0
0.0,0.0,0.9992799758911133,0.0,0.0,0.0,0.0,0.0,0.0,0.0
0.0,0.0,0.9976434707641602,0.0,0.0,0.0,0.0,0.0,0.0,0.0
0.0,0.0,0.9960842132568359,0.0,0.0,0.0,0.0,0.0,0.0,0.0
0.0,0.0,0.9975080490112305,0.0,0.0,0.0,0.0,0.0,0.0,0.0
0.0,0.0,0.9974088668823242,0.0,0.0,0.0,0.0,0.0,0.0,0.0
0.0,0.0,0.9971704483032227,0.0,0.0,0.0,0.0,0.0,0.0,0.0
0.0,0.0,0.9980983734130859,0.0,0.0,0.0,0.0,0.0,0.0,0.0
0.0,0.0,0.9981632232666016,0.0,0.0,0.0,0.0,0.0,0.0,0.0
0.0,0.0,0.9987821578979492,0.0,0.0,0.0,0.0,0.0,0.0,0.0
0.0,0.0,0.9970903396606445,0.0,0.0,0.0,0.0,0.0,0.0,0.0
0.0,0.0,0.9982681274414062,0.0,0.0,0.0,0.0,0.0,0.0,0.0
0.0,0.0,0.9969711303710938,0.0,0.0,0.0,0.0,0.0,0.0,0.0
0.0,0.0,0.9993906021118164,0.0,0.0,0.0,0.0,0.0,0.0,0.0
0.0,0.0,0.9986028671264648,0.0,0.0,0.0,0.0,0.0,0.0,0.0
0.0,0.0,0.9965200424194336,0.0,0.0,0.0,0.0,0.0,0.0,0.0
0.0,0.0,0.9982242584228516,0.0,0.0,0.0,0.0,0.0,0.0,0.0
0.0,0.0,0.9988250732421875,0.0,0.0,0.0,0.0,0.0,0.0,0.0
0.0,0.0,0.9979877471923828,0.0,0.0,0.0,0.0,0.0,0.0,0.0
0.0,0.0,0.9978656768798828,0.0,0.0,0.0,0.0,0.0,0.0,0.0
0.0,0.0,0.9971284866333008,0.0,0.0,0.0,0.0,0.0,0.0,0.0
0.0,0.0,0.9962940216064453,0.0,0.0,0.0,0.0,0.0,0.0,0.0
0.0,0.0,0.9971284866333008,0.0,0.0,0.0,0.0,0.0,0.0,0.0
0.0,0.0,0.9971590042114258,0.0,0.0,0.0,0.0,0.0,0.0,0.0
0.0,0.0,0.9973001480102539,0.0,0.0,0.0,0.0,0.0,0.0,0.0
0.0,0.0,0.9972591400146484,0.0,0.0,0.0,0.0,0.0,0.0,0.0
0.0,0.0,0.9960641860961914,0.0,0.0,0.0,0.0,0.0,0.0,0.0
0.0,0.0,0.9964494705200195,0.0,0.0,0.0,0.0,0.0,0.0,0.0
0.0,0.0,0.9970998764038086,0.0,0.0,0.0,0.0,0.0,0.0,0.0
0.0,0.0,0.9983739852905273,0.0,0.0,0.0,0.0,0.0,0.0,0.0
0.0,0.0,0.9968166351318359,0.0,0.0,0.0,0.0,0.0,0.0,0.0
0.0,0.0,0.9972057342529297,0.0,0.0,0.0,0.0,0.0,0.0,0.0
0.0,0.0,0.9972763061523438,0.0,0.0,0.0,0.0,0.0,0.0,0.0
0.0,0.0,0.995793342590332,0.0,0.0,0.0,0.0,0.0,0.0,0.0
0.0,0.0,0.9959850311279297,0.0,0.0,0.0,0.0,0.0,0.0,0.0
0.0,0.0,0.9962940216064453,0.0,0.0,0.0,0.0,0.0,0.0,0.0
0.0,0.0,0.9968996047973633,0.0,0.0,0.0,0.0,0.0,0.0,0.0
0.0,0.0,0.9982395172119141,0.0,0.0,0.0,0.0,0.0,0.0,0.0
0.0,0.0,0.9972295761108398,0.0,0.0,0.0,0.0,0.0,0.0,0.0
0.0,0.0,0.99737548828125,0.0,0.0,0.0,0.0,0.0,0.0,0.0
0.0,0.0,0.9978857040405273,0.0,0.0,0.0,0.0,0.0,0.0,0.0
0.0,0.0,0.9994697570800781,0.0,0.0,0.0,0.0,0.0,0.0,0.0
0.0,0.0,0.9968433380126953,0.0,0.0,0.0,0.0,0.0,0.0,0.0
0.0,0.0,0.9994192123413086,0.0,0.0,0.0,0.0,0.0,0.0,0.0
0.0,0.0,0.9963178634643555,0.0,0.0,0.0,0.0,0.0,0.0,0.0
0.0,0.0,0.997502326965332,0.0,0.0,0.0,0.0,0.0,0.0,0.0
0.0,0.0,0.9980401992797852,0.0,0.0,0.0,0.0,0.0,0.0,0.0
0.0,0.0,0.9997282028198242,0.0,0.0,0.0,0.0,0.0,0.0,0.0
0.0,0.0,0.9993734359741211,0.0,0.0,0.0,0.0,0.0,0.0,0.0
0.9158466236851035,0.9560750974140985,0.9997634887695312,0.9510218463706835,0.9611823361823362,0.9158466236851035,0.9560750974140985,0.9510218463706835,0.9611823361823362,1.0
0.0,0.0,0.9958868026733398,0.0,0.0,0.0,0.0,0.0,0.0,0.0
0.0,0.0,0.9945411682128906,0.0,0.0,0.0,0.0,0.0,0.0,0.0
0.0,0.0,0.9956159591674805,0.0,0.0,0.0,0.0,0.0,0.0,0.0
0.0,0.0,0.9959421157836914,0.0,0.0,0.0,0.0,0.0,0.0,0.0
0.0,0.0,0.9955577850341797,0.0,0.0,0.0,0.0,0.0,0.0,0.0
0.0,0.0,0.9945335388183594,0.0,0.0,0.0,0.0,0.0,0.0,0.0
0.0,0.0,0.9965410232543945,0.0,0.0,0.0,0.0,0.0,0.0,0.0
0.0,0.0,0.9945583343505859,0.0,0.0,0.0,0.0,0.0,0.0,0.0
0.0,0.0,0.9944562911987305,0.0,0.0,0.0,0.0,0.0,0.0,0.0
0.0,0.0,0.9951238632202148,0.0,0.0,0.0,0.0,0.0,0.0,0.0
0.0,0.0,0.9950885772705078,0.0,0.0,0.0,0.0,0.0,0.0,0.0
0.0,0.0,0.995427131652832,0.0,0.0,0.0,0.0,0.0,0.0,0.0
0.0,0.0,0.9950313568115234,0.0,0.0,0.0,0.0,0.0,0.0,0.0
0.0,0.0,0.9961252212524414,0.0,0.0,0.0,0.0,0.0,0.0,0.0
0.0,0.0,0.9957981109619141,0.0,0.0,0.0,0.0,0.0,0.0,0.0
0.0,0.0,0.9954566955566406,0.0,0.0,0.0,0.0,0.0,0.0,0.0
0.0,0.0,0.9956321716308594,0.0,0.0,0.0,0.0,0.0,0.0,0.0
0.0,0.0,0.995722770690918,0.0,0.0,0.0,0.0,0.0,0.0,0.0
0.0,0.0,0.9946784973144531,0.0,0.0,0.0,0.0,0.0,0.0,0.0
0.0,0.0,0.995762825012207,0.0,0.0,0.0,0.0,0.0,0.0,0.0
0.0,0.0,0.9968843460083008,0.0,0.0,0.0,0.0,0.0,0.0,0.0
0.0,0.0,0.995518684387207,0.0,0.0,0.0,0.0,0.0,0.0,0.0
0.0,0.0,0.9955854415893555,0.0,0.0,0.0,0.0,0.0,0.0,0.0
0.0,0.0,0.9950847625732422,0.0,0.0,0.0,0.0,0.0,0.0,0.0
0.0,0.0,0.9967021942138672,0.0,0.0,0.0,0.0,0.0,0.0,0.0
0.0,0.0,0.9969491958618164,0.0,0.0,0.0,0.0,0.0,0.0,0.0
0.0,0.0,0.9959182739257812,0.0,0.0,0.0,0.0,0.0,0.0,0.0
0.0,0.0,0.9963617324829102,0.0,0.0,0.0,0.0,0.0,0.0,0.0
0.0,0.0,0.9960508346557617,0.0,0.0,0.0,0.0,0.0,0.0,0.0
0.0,0.0,0.9968900680541992,0.0,0.0,0.0,0.0,0.0,0.0,0.0
0.0,0.0,0.9952354431152344,0.0,0.0,0.0,0.0,0.0,0.0,0.0
0.0,0.0,0.9967374801635742,0.0,0.0,0.0,0.0,0.0,0.0,0.0
0.0,0.0,0.9968166351318359,0.0,0.0,0.0,0.0,0.0,0.0,0.0
0.0,0.0,0.9959783554077148,0.0,0.0,0.0,0.0,0.0,0.0,0.0
0.0,0.0,0.9967317581176758,0.0,0.0,0.0,0.0,0.0,0.0,0.0
0.0,0.0,0.9964494705200195,0.0,0.0,0.0,0.0,0.0,0.0,0.0
0.0,0.0,0.9971446990966797,0.0,0.0,0.0,0.0,0.0,0.0,0.0
0.0,0.0,0.9965353012084961,0.0,0.0,0.0,0.0,0.0,0.0,0.0
0.0,0.0,0.9920063018798828,0.0,0.0,0.0,0.0,0.0,0.0,0.0
0.0,0.0,0.9973239898681641,0.0,0.0,0.0,0.0,0.0,0.0,0.0
0.0,0.0,0.9972305297851562,0.0,0.0,0.0,0.0,0.0,0.0,0.0
0.0,0.0,0.9976253509521484,0.0,0.0,0.0,0.0,0.0,0.0,0.0
0.0,0.0,0.996673583984375,0.0,0.0,0.0,0.0,0.0,0.0,0.0
0.0,0.0,0.9981060028076172,0.0,0.0,0.0,0.0,0.0,0.0,0.0
0.0,0.0,0.9966573715209961,0.0,0.0,0.0,0.0,0.0,0.0,0.0
0.0,0.0,0.9972553253173828,0.0,0.0,0.0,0.0,0.0,0.0,0.0
0.8991257565568258,0.9468838526912181,0.9998569488525391,0.9323570432357043,0.9618705035971223,0.8991257565568258,0.9468838526912181,0.9323570432357043,0.9618705035971223,1.0
0.0,0.0,0.9968338012695312,0.0,0.0,0.0,0.0,0.0,0.0,0.0
0.0,0.0,0.9974441528320312,0.0,0.0,0.0,0.0,0.0,0.0,0.0
0.0,0.0,0.9970235824584961,0.0,0.0,0.0,0.0,0.0,0.0,0.0
0.0,0.0,0.9968204498291016,0.0,0.0,0.0,0.0,0.0,0.0,0.0
0.0,0.0,0.9968147277832031,0.0,0.0,0.0,0.0,0.0,0.0,0.0
0.0,0.0,0.9975605010986328,0.0,0.0,0.0,0.0,0.0,0.0,0.0
0.0,0.0,0.9971523284912109,0.0,0.0,0.0,0.0,0.0,0.0,0.0
0.0,0.0,0.9977712631225586,0.0,0.0,0.0,0.0,0.0,0.0,0.0
0.0,0.0,0.9970293045043945,0.0,0.0,0.0,0.0,0.0,0.0,0.0
0.0,0.0,0.998509407043457,0.0,0.0,0.0,0.0,0.0,0.0,0.0
0.0,0.0,0.9975194931030273,0.0,0.0,0.0,0.0,0.0,0.0,0.0
0.0,0.0,0.9972772598266602,0.0,0.0,0.0,0.0,0.0,0.0,0.0
0.0,0.0,0.9973220825195312,0.0,0.0,0.0,0.0,0.0,0.0,0.0
0.0,0.0,0.9967155456542969,0.0,0.0,0.0,0.0,0.0,0.0,0.0
0.0,0.0,0.9969768524169922,0.0,0.0,0.0,0.0,0.0,0.0,0.0
0.0,0.0,0.9977350234985352,0.0,0.0,0.0,0.0,0.0,0.0,0.0
0.0,0.0,0.9969005584716797,0.0,0.0,0.0,0.0,0.0,0.0,0.0
0.0,0.0,0.9974994659423828,0.0,0.0,0.0,0.0,0.0,0.0,0.0
0.0,0.0,0.9969692230224609,0.0,0.0,0.0,0.0,0.0,0.0,0.0
0.0,0.0,0.9978103637695312,0.0,0.0,0.0,0.0,0.0,0.0,0.0
0.0,0.0,0.9974117279052734,0.0,0.0,0.0,0.0,0.0,0.0,0.0
0.0,0.0,0.9972877502441406,0.0,0.0,0.0,0.0,0.0,0.0,0.0
0.0,0.0,0.9971933364868164,0.0,0.0,0.0,0.0,0.0,0.0,0.0
0.0,0.0,0.99853515625,0.0,0.0,0.0,0.0,0.0,0.0,0.0
0.0,0.0,0.9975156784057617,0.0,0.0,0.0,0.0,0.0,0.0,0.0
0.0,0.0,0.997528076171875,0.0,0.0,0.0,0.0,0.0,0.0,0.0
0.0,0.0,0.9971847534179688,0.0,0.0,0.0,0.0,0.0,0.0,0.0
0.0,0.0,0.9971065521240234,0.0,0.0,0.0,0.0,0.0,0.0,0.0
0.0,0.0,0.9970312118530273,0.0,0.0,0.0,0.0,0.0,0.0,0.0
0.0,0.0,0.9983148574829102,0.0,0.0,0.0,0.0,0.0,0.0,0.0
0.0,0.0,0.9980001449584961,0.0,0.0,0.0,0.0,0.0,0.0,0.0
0.0,0.0,0.9974193572998047,0.0,0.0,0.0,0.0,0.0,0.0,0.0
0.0,0.0,0.9975051879882812,0.0,0.0,0.0,0.0,0.0,0.0,0.0
0.0,0.0,0.9979104995727539,0.0,0.0,0.0,0.0,0.0,0.0,0.0
0.0,0.0,0.9975614547729492,0.0,0.0,0.0,0.0,0.0,0.0,0.0
0.0,0.0,0.9971923828125,0.0,0.0,0.0,0.0,0.0,0.0,0.0
0.0,0.0,0.9978570938110352,0.0,0.0,0.0,0.0,0.0,0.0,0.0
0.0,0.0,0.9985675811767578,0.0,0.0,0.0,0.0,0.0,0.0,0.0
0.0,0.0,0.9976062774658203,0.0,0.0,0.0,0.0,0.0,0.0,0.0
0.0,0.0,0.9979362487792969,0.0,0.0,0.0,0.0,0.0,0.0,0.0
0.0,0.0,0.9984989166259766,0.0,0.0,0.0,0.0,0.0,0.0,0.0
0.0,0.0,0.9972295761108398,0.0,0.0,0.0,0.0,0.0,0.0,0.0
0.0,0.0,0.9970188140869141,0.0,0.0,0.0,0.0,0.0,0.0,0.0
0.0,0.0,0.9973735809326172,0.0,0.0,0.0,0.0,0.0,0.0,0.0
0.0,0.0,0.9983358383178711,0.0,0.0,0.0,0.0,0.0,0.0,0.0
0.0,0.0,0.9970808029174805,0.0,0.0,0.0,0.0,0.0,0.0,0.0
0.0,0.0,0.9878644943237305,0.0,0.0,0.0,0.0,0.0,0.0,0.0
0.0,0.0,0.9886207580566406,0.0,0.0,0.0,0.0,0.0,0.0,0.0
0.8670944087992667,0.9288168875797742,0.9986171722412109,0.8789370993217505,0.9846986572291038,0.8670944087992667,0.9288168875797742,0.8789370993217505,0.9846986572291038,1.0
0.0,0.0,0.9890336990356445,0.0,0.0,0.0,0.0,0.0,0.0,0.0
0.0,0.0,0.9892787933349609,0.0,0.0,0.0,0.0,0.0,0.0,0.0
0.0,0.0,0.9896860122680664,0.0,0.0,0.0,0.0,0.0,0.0,0.0
0.0,0.0,0.9897975921630859,0.0,0.0,0.0,0.0,0.0,0.0,0.0
0.0,0.0,0.9891510009765625,0.0,0.0,0.0,0.0,0.0,0.0,0.0
0.0,0.0,0.9899263381958008,0.0,0.0,0.0,0.0,0.0,0.0,0.0
0.0,0.0,0.9901161193847656,0.0,0.0,0.0,0.0,0.0,0.0,0.0
0.0,0.0,0.9889297485351562,0.0,0.0,0.0,0.0,0.0,0.0,0.0
0.0,0.0,0.9895687103271484,0.0,0.0,0.0,0.0,0.0,0.0,0.0
0.0,0.0,0.9886665344238281,0.0,0.0,0.0,0.0,0.0,0.0,0.0
0.0,0.0,0.989349365234375,0.0,0.0,0.0,0.0,0.0,0.0,0.0
0.0,0.0,0.9893388748168945,0.0,0.0,0.0,0.0,0.0,0.0,0.0
0.0,0.0,0.9892091751098633,0.0,0.0,0.0,0.0,0.0,0.0,0.0
0.0,0.0,0.9877834320068359,0.0,0.0,0.0,0.0,0.0,0.0,0.0
0.0,0.0,0.9902811050415039,0.0,0.0,0.0,0.0,0.0,0.0,0.0
0.0,0.0,0.989130973815918,0.0,0.0,0.0,0.0,0.0,0.0,0.0
0.0,0.0,0.9896812438964844,0.0,0.0,0.0,0.0,0.0,0.0,0.0
0.0,0.0,0.9895133972167969,0.0,0.0,0.0,0.0,0.0,0.0,0.0
0.0,0.0,0.989898681640625,0.0,0.0,0.0,0.0,0.0,0.0,0.0
0.0,0.0,0.9892606735229492,0.0,0.0,0.0,0.0,0.0,0.0,0.0
0.0,0.0,0.9897699356079102,0.0,0.0,0.0,0.0,0.0,0.0,0.0
0.0,0.0,0.9890718460083008,0.0,0.0,0.0,0.0,0.0,0.0,0.0
0.0,0.0,0.9893503189086914,0.0,0.0,0.0,0.0,0.0,0.0,0.0
0.0,0.0,0.989689826965332,0.0,0.0,0.0,0.0,0.0,0.0,0.0
0.0,0.0,0.9890861511230469,0.0,0.0,0.0,0.0,0.0,0.0,0.0
0.0,0.0,0.989436149597168,0.0,0.0,0.0,0.0,0.0,0.0,0.0
0.0,0.0,0.9892740249633789,0.0,0.0,0.0,0.0,0.0,0.0,0.0
0.0,0.0,0.988525390625,0.0,0.0,0.0,0.0,0.0,0.0,0.0
0.0,0.0,0.9899330139160156,0.0,0.0,0.0,0.0,0.0,0.0,0.0
0.0,0.0,0.989227294921875,0.0,0.0,0.0,0.0,0.0,0.0,0.0
0.0,0.0,0.9897680282592773,0.0,0.0,0.0,0.0,0.0,0.0,0.0
0.0,0.0,0.9896917343139648,0.0,0.0,0.0,0.0,0.0,0.0,0.0
0.0,0.0,0.989466667175293,0.0,0.0,0.0,0.0,0.0,0.0,0.0
0.0,0.0,0.989771842956543,0.0,0.0,0.0,0.0,0.0,0.0,0.0
0.0,0.0,0.9894638061523438,0.0,0.0,0.0,0.0,0.0,0.0,0.0
0.0,0.0,0.9853677749633789,0.0,0.0,0.0,0.0,0.0,0.0,0.0
0.0,0.0,0.9890480041503906,0.0,0.0,0.0,0.0,0.0,0.0,0.0
0.0,0.0,0.9893665313720703,0.0,0.0,0.0,0.0,0.0,0.0,0.0
0.0,0.0,0.9897174835205078,0.0,0.0,0.0,0.0,0.0,0.0,0.0
0.0,0.0,0.9902238845825195,0.0,0.0,0.0,0.0,0.0,0.0,0.0
0.0,0.0,0.990605354309082,0.0,0.0,0.0,0.0,0.0,0.0,0.0
0.0,0.0,0.9898853302001953,0.0,0.0,0.0,0.0,0.0,0.0,0.0
0.0,0.0,0.990656852722168,0.0,0.0,0.0,0.0,0.0,0.0,0.0
0.0,0.0,0.9896020889282227,0.0,0.0,0.0,0.0,0.0,0.0,0.0
0.0,0.0,0.9902992248535156,0.0,0.0,0.0,0.0,0.0,0.0,0.0
0.0,0.0,0.9903087615966797,0.0,0.0,0.0,0.0,0.0,0.0,0.0
0.0,0.0,0.9898624420166016,0.0,0.0,0.0,0.0,0.0,0.0,0.0
0.0,0.0,0.9898061752319336,0.0,0.0,0.0,0.0,0.0,0.0,0.0
0.0,0.0,0.9897003173828125,0.0,0.0,0.0,0.0,0.0,0.0,0.0
0.0,0.0,0.9899320602416992,0.0,0.0,0.0,0.0,0.0,0.0,0.0
0.0,0.0,0.9898204803466797,0.0,0.0,0.0,0.0,0.0,0.0,0.0
0.0,0.0,0.9903736114501953,0.0,0.0,0.0,0.0,0.0,0.0,0.0
0.0,0.0,0.9899492263793945,0.0,0.0,0.0,0.0,0.0,0.0,0.0
0.0,0.0,0.9881725311279297,0.0,0.0,0.0,0.0,0.0,0.0,0.0
0.0,0.0,0.9872407913208008,0.0,0.0,0.0,0.0,0.0,0.0,0.0
0.0,0.0,0.9372167587280273,0.0,0.0,0.0,0.0,0.0,0.0,0.0
0.0,0.0,0.9898223876953125,0.0,0.0,0.0,0.0,0.0,0.0,0.0
0.0,0.0,0.9900455474853516,0.0,0.0,0.0,0.0,0.0,0.0,0.0
0.0,0.0,0.9898996353149414,0.0,0.0,0.0,0.0,0.0,0.0,0.0
0.0,0.0,0.9910182952880859,0.0,0.0,0.0,0.0,0.0,0.0,0.0
0.0,0.0,0.9899959564208984,0.0,0.0,0.0,0.0,0.0,0.0,0.0
0.0,0.0,0.9907140731811523,0.0,0.0,0.0,0.0,0.0,0.0,0.0
0.0,0.0,0.9911260604858398,0.0,0.0,0.0,0.0,0.0,0.0,0.0
0.0,0.0,0.9893035888671875,0.0,0.0,0.0,0.0,0.0,0.0,0.0
0.0,0.0,0.9889593124389648,0.0,0.0,0.0,0.0,0.0,0.0,0.0
0.0,0.0,0.9903068542480469,0.0,0.0,0.0,0.0,0.0,0.0,0.0
0.0,0.0,0.990849494934082,0.0,0.0,0.0,0.0,0.0,0.0,0.0
0.0,0.0,0.9900960922241211,0.0,0.0,0.0,0.0,0.0,0.0,0.0
0.0,0.0,0.9897527694702148,0.0,0.0,0.0,0.0,0.0,0.0,0.0
0.0,0.0,0.9900321960449219,0.0,0.0,0.0,0.0,0.0,0.0,0.0
0.0,0.0,0.9902935028076172,0.0,0.0,0.0,0.0,0.0,0.0,0.0
0.0,0.0,0.990330696105957,0.0,0.0,0.0,0.0,0.0,0.0,0.0
0.0,0.0,0.9910469055175781,0.0,0.0,0.0,0.0,0.0,0.0,0.0
0.0,0.0,0.99053955078125,0.0,0.0,0.0,0.0,0.0,0.0,0.0
0.0,0.0,0.9904813766479492,0.0,0.0,0.0,0.0,0.0,0.0,0.0
0.0,0.0,0.9904613494873047,0.0,0.0,0.0,0.0,0.0,0.0,0.0
0.0,0.0,0.9900588989257812,0.0,0.0,0.0,0.0,0.0,0.0,0.0
0.0,0.0,0.9906702041625977,0.0,0.0,0.0,0.0,0.0,0.0,0.0
0.0,0.0,0.9904470443725586,0.0,0.0,0.0,0.0,0.0,0.0,0.0
0.0,0.0,0.9906797409057617,0.0,0.0,0.0,0.0,0.0,0.0,0.0
0.0,0.0,0.9910697937011719,0.0,0.0,0.0,0.0,0.0,0.0,0.0
0.0,0.0,0.9914989471435547,0.0,0.0,0.0,0.0,0.0,0.0,0.0
0.0,0.0,0.9913120269775391,0.0,0.0,0.0,0.0,0.0,0.0,0.0
0.0,0.0,0.9910593032836914,0.0,0.0,0.0,0.0,0.0,0.0,0.0
0.0,0.0,0.9910039901733398,0.0,0.0,0.0,0.0,0.0,0.0,0.0
0.0,0.0,0.990778923034668,0.0,0.0,0.0,0.0,0.0,0.0,0.0
0.0,0.0,0.9911956787109375,0.0,0.0,0.0,0.0,0.0,0.0,0.0
0.0,0.0,0.9902706146240234,0.0,0.0,0.0,0.0,0.0,0.0,0.0
0.0,0.0,0.9913368225097656,0.0,0.0,0.0,0.0,0.0,0.0,0.0
0.0,0.0,0.99072265625,0.0,0.0,0.0,0.0,0.0,0.0,0.0
0.0,0.0,0.9907855987548828,0.0,0.0,0.0,0.0,0.0,0.0,0.0
0.0,0.0,0.9914474487304688,0.0,0.0,0.0,0.0,0.0,0.0,0.0
0.0,0.0,0.9912967681884766,0.0,0.0,0.0,0.0,0.0,0.0,0.0
0.0,0.0,0.9983587265014648,0.0,0.0,0.0,0.0,0.0,0.0,0.0
0.0,0.0,0.9974260330200195,0.0,0.0,0.0,0.0,0.0,0.0,0.0
0.0,0.0,0.9976634979248047,0.0,0.0,0.0,0.0,0.0,0.0,0.0
0.0,0.0,0.9979314804077148,0.0,0.0,0.0,0.0,0.0,0.0,0.0
0.0,0.0,0.997685432434082,0.0,0.0,0.0,0.0,0.0,0.0,0.0
0.0,0.0,0.9974737167358398,0.0,0.0,0.0,0.0,0.0,0.0,0.0
0.0,0.0,0.9978408813476562,0.0,0.0,0.0,0.0,0.0,0.0,0.0
0.0,0.0,0.997319221496582,0.0,0.0,0.0,0.0,0.0,0.0,0.0
0.0,0.0,0.9972743988037109,0.0,0.0,0.0,0.0,0.0,0.0,0.0
0.0,0.0,0.9983015060424805,0.0,0.0,0.0,0.0,0.0,0.0,0.0
0.0,0.0,0.9981603622436523,0.0,0.0,0.0,0.0,0.0,0.0,0.0
0.0,0.0,0.9980707168579102,0.0,0.0,0.0,0.0,0.0,0.0,0.0
0.0,0.0,0.9988775253295898,0.0,0.0,0.0,0.0,0.0,0.0,0.0
0.0,0.0,0.998509407043457,0.0,0.0,0.0,0.0,0.0,0.0,0.0
0.0,0.0,0.9983539581298828,0.0,0.0,0.0,0.0,0.0,0.0,0.0
0.0,0.0,0.998016357421875,0.0,0.0,0.0,0.0,0.0,0.0,0.0
0.0,0.0,0.998265266418457,0.0,0.0,0.0,0.0,0.0,0.0,0.0
0.0,0.0,0.9976902008056641,0.0,0.0,0.0,0.0,0.0,0.0,0.0
0.0,0.0,0.9992599487304688,0.0,0.0,0.0,0.0,0.0,0.0,0.0
0.0,0.0,0.9987621307373047,0.0,0.0,0.0,0.0,0.0,0.0,0.0
0.0,0.0,0.9991750717163086,0.0,0.0,0.0,0.0,0.0,0.0,0.0
0.0,0.0,0.9979515075683594,0.0,0.0,0.0,0.0,0.0,0.0,0.0
0.0,0.0,0.9983005523681641,0.0,0.0,0.0,0.0,0.0,0.0,0.0
0.0,0.0,0.9983701705932617,0.0,0.0,0.0,0.0,0.0,0.0,0.0
0.0,0.0,0.9975910186767578,0.0,0.0,0.0,0.0,0.0,0.0,0.0
0.0,0.0,0.9987049102783203,0.0,0.0,0.0,0.0,0.0,0.0,0.0
0.0,0.0,0.9978141784667969,0.0,0.0,0.0,0.0,0.0,0.0,0.0
0.0,0.0,0.9983415603637695,0.0,0.0,0.0,0.0,0.0,0.0,0.0
0.0,0.0,0.9986495971679688,0.0,0.0,0.0,0.0,0.0,0.0,0.0
0.0,0.0,0.9987287521362305,0.0,0.0,0.0,0.0,0.0,0.0,0.0
0.0,0.0,0.9984798431396484,0.0,0.0,0.0,0.0,0.0,0.0,0.0
0.0,0.0,0.9993371963500977,0.0,0.0,0.0,0.0,0.0,0.0,0.0
0.0,0.0,0.9977350234985352,0.0,0.0,0.0,0.0,0.0,0.0,0.0
0.0,0.0,0.9978084564208984,0.0,0.0,0.0,0.0,0.0,0.0,0.0
0.0,0.0,0.9985971450805664,0.0,0.0,0.0,0.0,0.0,0.0,0.0
0.0,0.0,0.9990196228027344,0.0,0.0,0.0,0.0,0.0,0.0,0.0
0.0,0.0,0.9998273849487305,0.0,0.0,0.0,0.0,0.0,0.0,0.0
0.0,0.0,0.9981861114501953,0.0,0.0,0.0,0.0,0.0,0.0,0.0
0.0,0.0,0.999629020690918,0.0,0.0,0.0,0.0,0.0,0.0,0.0
0.0,0.0,0.9986953735351562,0.0,0.0,0.0,0.0,0.0,0.0,0.0
0.0,0.0,0.9988889694213867,0.0,0.0,0.0,0.0,0.0,0.0,0.0
0.0,0.0,0.9984254837036133,0.0,0.0,0.0,0.0,0.0,0.0,0.0
0.0,0.0,0.9990825653076172,0.0,0.0,0.0,0.0,0.0,0.0,0.0
0.0,0.0,0.9985532760620117,0.0,0.0,0.0,0.0,0.0,0.0,0.0
0.0,0.0,0.9994220733642578,0.0,0.0,0.0,0.0,0.0,0.0,0.0
0.0,0.0,0.998744010925293,0.0,0.0,0.0,0.0,0.0,0.0,0.0
0.0,0.0,0.9994077682495117,0.0,0.0,0.0,0.0,0.0,0.0,0.0
0.0,0.0,0.9990272521972656,0.0,0.0,0.0,0.0,0.0,0.0,0.0
0.0,0.0,0.9993505477905273,0.0,0.0,0.0,0.0,0.0,0.0,0.0
0.0,0.0,0.99908447265625,0.0,0.0,0.0,0.0,0.0,0.0,0.0
0.0,0.0,0.9988346099853516,0.0,0.0,0.0,0.0,0.0,0.0,0.0
0.0,0.0,0.9995393753051758,0.0,0.0,0.0,0.0,0.0,0.0,0.0
0.0,0.0,0.9991369247436523,0.0,0.0,0.0,0.0,0.0,0.0,0.0
0.0,0.0,0.9990940093994141,0.0,0.0,0.0,0.0,0.0,0.0,0.0
0.0,0.0,0.9998321533203125,0.0,0.0,0.0,0.0,0.0,0.0,0.0
0.0,0.0,0.9996929168701172,0.0,0.0,0.0,0.0,0.0,0.0,0.0
0.0,0.0,0.9995746612548828,0.0,0.0,0.0,0.0,0.0,0.0,0.0
0.0,0.0,0.9995756149291992,0.0,0.0,0.0,0.0,0.0,0.0,0.0
0.0,0.0,0.9998159408569336,0.0,0.0,0.0,0.0,0.0,0.0,0.0
0.0,0.0,0.990142822265625,0.0,0.0,0.0,0.0,0.0,0.0,0.0
0.0,0.0,0.9991998672485352,0.0,0.0,0.0,0.0,0.0,0.0,0.0
0.0,0.0,0.999180793762207,0.0,0.0,0.0,0.0,0.0,0.0,0.0
0.0,0.0,0.9724903106689453,0.0,0.0,0.0,0.0,0.0,0.0,0.0
0.0,0.0,0.9789533615112305,0.0,0.0,0.0,0.0,0.0,0.0,0.0
0.0,0.0,0.9809770584106445,0.0,0.0,0.0,0.0,0.0,0.0,0.0
0.0,0.0,0.9784650802612305,0.0,0.0,0.0,0.0,0.0,0.0,0.0
0.0,0.0,0.984562873840332,0.0,0.0,0.0,0.0,0.0,0.0,0.0
0.0,0.0,0.9862098693847656,0.0,0.0,0.0,0.0,0.0,0.0,0.0
0.0,0.0,0.9864921569824219,0.0,0.0,0.0,0.0,0.0,0.0,0.0
0.0,0.0,0.9859609603881836,0.0,0.0,0.0,0.0,0.0,0.0,0.0
0.0,0.0,0.9859933853149414,0.0,0.0,0.0,0.0,0.0,0.0,0.0
0.0,0.0,0.9862155914306641,0.0,0.0,0.0,0.0,0.0,0.0,0.0
0.0,0.0,0.9862298965454102,0.0,0.0,0.0,0.0,0.0,0.0,0.0
0.0,0.0,0.9864788055419922,0.0,0.0,0.0,0.0,0.0,0.0,0.0
0.0,0.0,0.9855070114135742,0.0,0.0,0.0,0.0,0.0,0.0,0.0
0.0,0.0,0.9862480163574219,0.0,0.0,0.0,0.0,0.0,0.0,0.0
0.0,0.0,0.9862155914306641,0.0,0.0,0.0,0.0,0.0,0.0,0.0
0.0,0.0,0.9861660003662109,0.0,0.0,0.0,0.0,0.0,0.0,0.0
0.0,0.0,0.9862461090087891,0.0,0.0,0.0,0.0,0.0,0.0,0.0
0.0,0.0,0.9620819091796875,0.0,0.0,0.0,0.0,0.0,0.0,0.0
0.0,0.0,0.9960126876831055,0.0,0.0,0.0,0.0,0.0,0.0,0.0
0.0,0.0,0.9983186721801758,0.0,0.0,0.0,0.0,0.0,0.0,0.0
0.0,0.0,0.9980983734130859,0.0,0.0,0.0,0.0,0.0,0.0,0.0
0.0,0.0,0.9980621337890625,0.0,0.0,0.0,0.0,0.0,0.0,0.0
0.0,0.0,0.9979782104492188,0.0,0.0,0.0,0.0,0.0,0.0,0.0
0.0,0.0,0.9988365173339844,0.0,0.0,0.0,0.0,0.0,0.0,0.0
0.0,0.0,0.9978303909301758,0.0,0.0,0.0,0.0,0.0,0.0,0.0
0.0,0.0,0.9985752105712891,0.0,0.0,0.0,0.0,0.0,0.0,0.0
0.0,0.0,0.9979333877563477,0.0,0.0,0.0,0.0,0.0,0.0,0.0
0.0,0.0,0.9969997406005859,0.0,0.0,0.0,0.0,0.0,0.0,0.0
0.0,0.0,0.998143196105957,0.0,0.0,0.0,0.0,0.0,0.0,0.0
0.0,0.0,0.9978456497192383,0.0,0.0,0.0,0.0,0.0,0.0,0.0
0.0,0.0,0.9966964721679688,0.0,0.0,0.0,0.0,0.0,0.0,0.0
0.0,0.0,0.9975614547729492,0.0,0.0,0.0,0.0,0.0,0.0,0.0
0.0,0.0,0.9985237121582031,0.0,0.0,0.0,0.0,0.0,0.0,0.0
0.0,0.0,0.9981679916381836,0.0,0.0,0.0,0.0,0.0,0.0,0.0
0.0,0.0,0.9985456466674805,0.0,0.0,0.0,0.0,0.0,0.0,0.0
0.0,0.0,0.9988307952880859,0.0,0.0,0.0,0.0,0.0,0.0,0.0
0.0,0.0,0.9979190826416016,0.0,0.0,0.0,0.0,0.0,0.0,0.0
0.0,0.0,0.9993343353271484,0.0,0.0,0.0,0.0,0.0,0.0,0.0
0.0,0.0,0.9987964630126953,0.0,0.0,0.0,0.0,0.0,0.0,0.0
0.0,0.0,0.9985685348510742,0.0,0.0,0.0,0.0,0.0,0.0,0.0
0.0,0.0,0.9984025955200195,0.0,0.0,0.0,0.0,0.0,0.0,0.0
0.0,0.0,0.9987096786499023,0.0,0.0,0.0,0.0,0.0,0.0,0.0
0.0,0.0,0.9985637664794922,0.0,0.0,0.0,0.0,0.0,0.0,0.0
0.0,0.0,0.9981212615966797,0.0,0.0,0.0,0.0,0.0,0.0,0.0
0.0,0.0,0.9983673095703125,0.0,0.0,0.0,0.0,0.0,0.0,0.0
0.0,0.0,0.9984054565429688,0.0,0.0,0.0,0.0,0.0,0.0,0.0
0.0,0.0,0.9984550476074219,0.0,0.0,0.0,0.0,0.0,0.0,0.0
0.0,0.0,0.9987087249755859,0.0,0.0,0.0,0.0,0.0,0.0,0.0
0.0,0.0,0.9994430541992188,0.0,0.0,0.0,0.0,0.0,0.0,0.0
0.0,0.0,0.9993724822998047,0.0,0.0,0.0,0.0,0.0,0.0,0.0
0.0,0.0,0.999298095703125,0.0,0.0,0.0,0.0,0.0,0.0,0.0
0.0,0.0,0.9988193511962891,0.0,0.0,0.0,0.0,0.0,0.0,0.0
0.0,0.0,0.9988975524902344,0.0,0.0,0.0,0.0,0.0,0.0,0.0
0.0,0.0,0.9988279342651367,0.0,0.0,0.0,0.0,0.0,0.0,0.0
0.0,0.0,0.9993200302124023,0.0,0.0,0.0,0.0,0.0,0.0,0.0
0.0,0.0,0.999333381652832,0.0,0.0,0.0,0.0,0.0,0.0,0.0
0.0,0.0,0.9987783432006836,0.0,0.0,0.0,0.0,0.0,0.0,0.0
0.0,0.0,0.9985160827636719,0.0,0.0,0.0,0.0,0.0,0.0,0.0
0.0,0.0,0.9993524551391602,0.0,0.0,0.0,0.0,0.0,0.0,0.0
0.0,0.0,0.9988231658935547,0.0,0.0,0.0,0.0,0.0,0.0,0.0
0.0,0.0,0.9983596801757812,0.0,0.0,0.0,0.0,0.0,0.0,0.0
0.0,0.0,0.9989233016967773,0.0,0.0,0.0,0.0,0.0,0.0,0.0
0.0,0.0,0.9994392395019531,0.0,0.0,0.0,0.0,0.0,0.0,0.0
0.0,0.0,0.995147705078125,0.0,0.0,0.0,0.0,0.0,0.0,0.0
0.0,0.0,0.9948234558105469,0.0,0.0,0.0,0.0,0.0,0.0,0.0
0.0,0.0,0.99658203125,0.0,0.0,0.0,0.0,0.0,0.0,0.0
0.0,0.0,0.9968986511230469,0.0,0.0,0.0,0.0,0.0,0.0,0.0
0.0,0.0,0.9974851608276367,0.0,0.0,0.0,0.0,0.0,0.0,0.0
0.0,0.0,0.9963922500610352,0.0,0.0,0.0,0.0,0.0,0.0,0.0
0.0,0.0,0.9961862564086914,0.0,0.0,0.0,0.0,0.0,0.0,0.0
0.0,0.0,0.9966821670532227,0.0,0.0,0.0,0.0,0.0,0.0,0.0
0.0,0.0,0.9969463348388672,0.0,0.0,0.0,0.0,0.0,0.0,0.0
0.0,0.0,0.9969539642333984,0.0,0.0,0.0,0.0,0.0,0.0,0.0
0.0,0.0,0.9970178604125977,0.0,0.0,0.0,0.0,0.0,0.0,0.0
0.0,0.0,0.9970703125,0.0,0.0,0.0,0.0,0.0,0.0,0.0
0.0,0.0,0.9967441558837891,0.0,0.0,0.0,0.0,0.0,0.0,0.0
0.0,0.0,0.9975681304931641,0.0,0.0,0.0,0.0,0.0,0.0,0.0
0.0,0.0,0.9970207214355469,0.0,0.0,0.0,0.0,0.0,0.0,0.0
0.0,0.0,0.9963817596435547,0.0,0.0,0.0,0.0,0.0,0.0,0.0
0.0,0.0,0.9970417022705078,0.0,0.0,0.0,0.0,0.0,0.0,0.0
0.0,0.0,0.9974803924560547,0.0,0.0,0.0,0.0,0.0,0.0,0.0
0.0,0.0,0.9971351623535156,0.0,0.0,0.0,0.0,0.0,0.0,0.0
0.0,0.0,0.9970588684082031,0.0,0.0,0.0,0.0,0.0,0.0,0.0
0.0,0.0,0.9980783462524414,0.0,0.0,0.0,0.0,0.0,0.0,0.0
0.0,0.0,0.9964103698730469,0.0,0.0,0.0,0.0,0.0,0.0,0.0
0.0,0.0,0.9974431991577148,0.0,0.0,0.0,0.0,0.0,0.0,0.0
0.0,0.0,0.9972953796386719,0.0,0.0,0.0,0.0,0.0,0.0,0.0
0.0,0.0,0.9973278045654297,0.0,0.0,0.0,0.0,0.0,0.0,0.0
0.0,0.0,0.9962062835693359,0.0,0.0,0.0,0.0,0.0,0.0,0.0
0.0,0.0,0.9982872009277344,0.0,0.0,0.0,0.0,0.0,0.0,0.0
0.0,0.0,0.9975175857543945,0.0,0.0,0.0,0.0,0.0,0.0,0.0
0.0,0.0,0.9967927932739258,0.0,0.0,0.0,0.0,0.0,0.0,0.0
0.0,0.0,0.9984598159790039,0.0,0.0,0.0,0.0,0.0,0.0,0.0
0.0,0.0,0.9978227615356445,0.0,0.0,0.0,0.0,0.0,0.0,0.0
0.0,0.0,0.9967069625854492,0.0,0.0,0.0,0.0,0.0,0.0,0.0
0.0,0.0,0.997828483581543,0.0,0.0,0.0,0.0,0.0,0.0,0.0
0.8166037735849057,0.8990444536767761,0.9997682571411133,0.9425087108013938,0.8594122319301033,0.8166037735849057,0.8990444536767761,0.9425087108013938,0.8594122319301033,1.0
0.0,0.0,0.9977502822875977,0.0,0.0,0.0,0.0,0.0,0.0,0.0
0.0,0.0,0.9983968734741211,0.0,0.0,0.0,0.0,0.0,0.0,0.0
0.0,0.0,0.9981718063354492,0.0,0.0,0.0,0.0,0.0,0.0,0.0
0.0,0.0,0.9983358383178711,0.0,0.0,0.0,0.0,0.0,0.0,0.0
0.0,0.0,0.9968061447143555,0.0,0.0,0.0,0.0,0.0,0.0,0.0
0.0,0.0,0.9984188079833984,0.0,0.0,0.0,0.0,0.0,0.0,0.0
0.0,0.0,0.9970388412475586,0.0,0.0,0.0,0.0,0.0,0.0,0.0
0.0,0.0,0.9974393844604492,0.0,0.0,0.0,0.0,0.0,0.0,0.0
0.9521676300578035,0.9754978162706344,0.9996843338012695,0.9765821846746702,0.9744158532978409,0.9521676300578035,0.9754978162706344,0.9765821846746702,0.9744158532978409,1.0
0.0,0.0,0.9914798736572266,0.0,0.0,0.0,0.0,0.0,0.0,0.0
0.0,0.0,0.9879474639892578,0.0,0.0,0.0,0.0,0.0,0.0,0.0
0.0,0.0,0.9806604385375977,0.0,0.0,0.0,0.0,0.0,0.0,0.0
0.0,0.0,0.9913702011108398,0.0,0.0,0.0,0.0,0.0,0.0,0.0
0.0,0.0,0.9849576950073242,0.0,0.0,0.0,0.0,0.0,0.0,0.0
0.0,0.0,0.9930934906005859,0.0,0.0,0.0,0.0,0.0,0.0,0.0
0.0,0.0,0.992680549621582,0.0,0.0,0.0,0.0,0.0,0.0,0.0
0.0,0.0,0.9809017181396484,0.0,0.0,0.0,0.0,0.0,0.0,0.0
0.0,0.0,0.9924278259277344,0.0,0.0,0.0,0.0,0.0,0.0,0.0
0.0,0.0,0.99310302734375,0.0,0.0,0.0,0.0,0.0,0.0,0.0
0.0,0.0,0.9916744232177734,0.0,0.0,0.0,0.0,0.0,0.0,0.0
0.0,0.0,0.9928455352783203,0.0,0.0,0.0,0.0,0.0,0.0,0.0
0.6020343293070566,0.7515873015873016,0.9994029998779297,0.7918060200668896,0.7152567975830816,0.6020343293070566,0.7515873015873016,0.7918060200668896,0.7152567975830816,1.0
0.0,0.0,0.9964637756347656,0.0,0.0,0.0,0.0,0.0,0.0,0.0
0.0,0.0,0.9978523254394531,0.0,0.0,0.0,0.0,0.0,0.0,0.0
0.0,0.0,0.9976358413696289,0.0,0.0,0.0,0.0,0.0,0.0,0.0
0.0,0.0,0.9979124069213867,0.0,0.0,0.0,0.0,0.0,0.0,0.0
0.0,0.0,0.9978857040405273,0.0,0.0,0.0,0.0,0.0,0.0,0.0
0.0,0.0,0.9976634979248047,0.0,0.0,0.0,0.0,0.0,0.0,0.0
0.0,0.0,0.9976911544799805,0.0,0.0,0.0,0.0,0.0,0.0,0.0
0.0,0.0,0.997894287109375,0.0,0.0,0.0,0.0,0.0,0.0,0.0
0.0,0.0,0.9965229034423828,0.0,0.0,0.0,0.0,0.0,0.0,0.0
0.0,0.0,0.9956045150756836,0.0,0.0,0.0,0.0,0.0,0.0,0.0
0.0,0.0,0.995427131652832,0.0,0.0,0.0,0.0,0.0,0.0,0.0
0.0,0.0,0.9944982528686523,0.0,0.0,0.0,0.0,0.0,0.0,0.0
0.0,0.0,0.9960927963256836,0.0,0.0,0.0,0.0,0.0,0.0,0.0
0.0,0.0,0.9959278106689453,0.0,0.0,0.0,0.0,0.0,0.0,0.0
0.0,0.0,0.9957656860351562,0.0,0.0,0.0,0.0,0.0,0.0,0.0
0.0,0.0,0.9959096908569336,0.0,0.0,0.0,0.0,0.0,0.0,0.0
0.0,0.0,0.9971103668212891,0.0,0.0,0.0,0.0,0.0,0.0,0.0
0.0,0.0,0.9964523315429688,0.0,0.0,0.0,0.0,0.0,0.0,0.0
0.0,0.0,0.9958057403564453,0.0,0.0,0.0,0.0,0.0,0.0,0.0
0.0,0.0,0.9963035583496094,0.0,0.0,0.0,0.0,0.0,0.0,0.0
0.8761835396941005,0.9340062111801242,0.9996757507324219,0.9303944315545244,0.9376461418550273,0.8761835396941005,0.9340062111801242,0.9303944315545244,0.9376461418550273,1.0
0.0,0.0,0.9958591461181641,0.0,0.0,0.0,0.0,0.0,0.0,0.0
0.0,0.0,0.9970541000366211,0.0,0.0,0.0,0.0,0.0,0.0,0.0
0.0,0.0,0.9965085983276367,0.0,0.0,0.0,0.0,0.0,0.0,0.0
0.0,0.0,0.9968156814575195,0.0,0.0,0.0,0.0,0.0,0.0,0.0
0.0,0.0,0.9970426559448242,0.0,0.0,0.0,0.0,0.0,0.0,0.0
0.0,0.0,0.9960422515869141,0.0,0.0,0.0,0.0,0.0,0.0,0.0
0.0,0.0,0.9964590072631836,0.0,0.0,0.0,0.0,0.0,0.0,0.0
0.0,0.0,0.9971065521240234,0.0,0.0,0.0,0.0,0.0,0.0,0.0
0.0,0.0,0.9973249435424805,0.0,0.0,0.0,0.0,0.0,0.0,0.0
0.0,0.0,0.9972515106201172,0.0,0.0,0.0,0.0,0.0,0.0,0.0
0.0,0.0,0.9974088668823242,0.0,0.0,0.0,0.0,0.0,0.0,0.0
0.0,0.0,0.9974136352539062,0.0,0.0,0.0,0.0,0.0,0.0,0.0
0.0,0.0,0.9782123565673828,0.0,0.0,0.0,0.0,0.0,0.0,0.0
0.0,0.0,0.9979400634765625,0.0,0.0,0.0,0.0,0.0,0.0,0.0
0.0,0.0,0.9983787536621094,0.0,0.0,0.0,0.0,0.0,0.0,0.0
0.0,0.0,0.9976701736450195,0.0,0.0,0.0,0.0,0.0,0.0,0.0
0.0,0.0,0.9970579147338867,0.0,0.0,0.0,0.0,0.0,0.0,0.0
0.0,0.0,0.9975042343139648,0.0,0.0,0.0,0.0,0.0,0.0,0.0
0.0,0.0,0.9978065490722656,0.0,0.0,0.0,0.0,0.0,0.0,0.0
0.0,0.0,0.9975452423095703,0.0,0.0,0.0,0.0,0.0,0.0,0.0
0.0,0.0,0.997736930847168,0.0,0.0,0.0,0.0,0.0,0.0,0.0
0.0,0.0,0.9976711273193359,0.0,0.0,0.0,0.0,0.0,0.0,0.0
0.0,0.0,0.9978513717651367,0.0,0.0,0.0,0.0,0.0,0.0,0.0
0.0,0.0,0.9977760314941406,0.0,0.0,0.0,0.0,0.0,0.0,0.0
0.0,0.0,0.9982481002807617,0.0,0.0,0.0,0.0,0.0,0.0,0.0
0.0,0.0,0.9977312088012695,0.0,0.0,0.0,0.0,0.0,0.0,0.0
0.0,0.0,0.9980344772338867,0.0,0.0,0.0,0.0,0.0,0.0,0.0
0.0,0.0,0.9975795745849609,0.0,0.0,0.0,0.0,0.0,0.0,0.0
0.0,0.0,0.9982137680053711,0.0,0.0,0.0,0.0,0.0,0.0,0.0
0.0,0.0,0.9978494644165039,0.0,0.0,0.0,0.0,0.0,0.0,0.0
0.0,0.0,0.9988279342651367,0.0,0.0,0.0,0.0,0.0,0.0,0.0
0.0,0.0,0.9990854263305664,0.0,0.0,0.0,0.0,0.0,0.0,0.0
0.0,0.0,0.998631477355957,0.0,0.0,0.0,0.0,0.0,0.0,0.0
0.0,0.0,0.9986658096313477,0.0,0.0,0.0,0.0,0.0,0.0,0.0
0.0,0.0,0.9992170333862305,0.0,0.0,0.0,0.0,0.0,0.0,0.0
0.0,0.0,0.9991683959960938,0.0,0.0,0.0,0.0,0.0,0.0,0.0
0.0,0.0,0.9986495971679688,0.0,0.0,0.0,0.0,0.0,0.0,0.0
0.0,0.0,0.9974050521850586,0.0,0.0,0.0,0.0,0.0,0.0,0.0
0.0,0.0,0.9979448318481445,0.0,0.0,0.0,0.0,0.0,0.0,0.0
0.0,0.0,0.9986066818237305,0.0,0.0,0.0,0.0,0.0,0.0,0.0
0.0,0.0,0.9981021881103516,0.0,0.0,0.0,0.0,0.0,0.0,0.0
0.0,0.0,0.998805046081543,0.0,0.0,0.0,0.0,0.0,0.0,0.0
0.0,0.0,0.9988870620727539,0.0,0.0,0.0,0.0,0.0,0.0,0.0
0.0,0.0,0.9969930648803711,0.0,0.0,0.0,0.0,0.0,0.0,0.0
0.0,0.0,0.9983673095703125,0.0,0.0,0.0,0.0,0.0,0.0,0.0
0.0,0.0,0.9979972839355469,0.0,0.0,0.0,0.0,0.0,0.0,0.0
0.0,0.0,0.9983339309692383,0.0,0.0,0.0,0.0,0.0,0.0,0.0
0.0,0.0,0.9996719360351562,0.0,0.0,0.0,0.0,0.0,0.0,0.0
0.0,0.0,0.999359130859375,0.0,0.0,0.0,0.0,0.0,0.0,0.0
0.0,0.0,0.9984035491943359,0.0,0.0,0.0,0.0,0.0,0.0,0.0
0.0,0.0,0.9972209930419922,0.0,0.0,0.0,0.0,0.0,0.0,0.0
0.0,0.0,0.9977140426635742,0.0,0.0,0.0,0.0,0.0,0.0,0.0
0.0,0.0,0.9985733032226562,0.0,0.0,0.0,0.0,0.0,0.0,0.0
0.0,0.0,0.9985504150390625,0.0,0.0,0.0,0.0,0.0,0.0,0.0
0.0,0.0,0.998138427734375,0.0,0.0,0.0,0.0,0.0,0.0,0.0
0.0,0.0,0.9982242584228516,0.0,0.0,0.0,0.0,0.0,0.0,0.0
0.0,0.0,0.9982175827026367,0.0,0.0,0.0,0.0,0.0,0.0,0.0
0.0,0.0,0.9986200332641602,0.0,0.0,0.0,0.0,0.0,0.0,0.0
0.0,0.0,0.998896598815918,0.0,0.0,0.0,0.0,0.0,0.0,0.0
0.0,0.0,0.9961462020874023,0.0,0.0,0.0,0.0,0.0,0.0,0.0
0.0,0.0,0.9984207153320312,0.0,0.0,0.0,0.0,0.0,0.0,0.0
0.0,0.0,0.9988737106323242,0.0,0.0,0.0,0.0,0.0,0.0,0.0
0.0,0.0,0.9986715316772461,0.0,0.0,0.0,0.0,0.0,0.0,0.0
0.0,0.0,0.9986867904663086,0.0,0.0,0.0,0.0,0.0,0.0,0.0
0.0,0.0,0.9982481002807617,0.0,0.0,0.0,0.0,0.0,0.0,0.0
0.0,0.0,0.9996738433837891,0.0,0.0,0.0,0.0,0.0,0.0,0.0
0.0,0.0,0.9989175796508789,0.0,0.0,0.0,0.0,0.0,0.0,0.0
0.0,0.0,0.9987249374389648,0.0,0.0,0.0,0.0,0.0,0.0,0.0
0.0,0.0,0.9983072280883789,0.0,0.0,0.0,0.0,0.0,0.0,0.0
0.0,0.0,0.9995937347412109,0.0,0.0,0.0,0.0,0.0,0.0,0.0
0.0,0.0,0.9969768524169922,0.0,0.0,0.0,0.0,0.0,0.0,0.0
0.0,0.0,0.998814582824707,0.0,0.0,0.0,0.0,0.0,0.0,0.0
0.0,0.0,0.9989595413208008,0.0,0.0,0.0,0.0,0.0,0.0,0.0
0.0,0.0,0.9987926483154297,0.0,0.0,0.0,0.0,0.0,0.0,0.0
0.0,0.0,0.9988594055175781,0.0,0.0,0.0,0.0,0.0,0.0,0.0
0.0,0.0,0.9988851547241211,0.0,0.0,0.0,0.0,0.0,0.0,0.0
0.0,0.0,0.998234748840332,0.0,0.0,0.0,0.0,0.0,0.0,0.0
0.0,0.0,0.9987592697143555,0.0,0.0,0.0,0.0,0.0,0.0,0.0
0.0,0.0,0.9989175796508789,0.0,0.0,0.0,0.0,0.0,0.0,0.0
0.0,0.0,0.9995031356811523,0.0,0.0,0.0,0.0,0.0,0.0,0.0
0.0,0.0,0.9987945556640625,0.0,0.0,0.0,0.0,0.0,0.0,0.0
0.0,0.0,0.9989118576049805,0.0,0.0,0.0,0.0,0.0,0.0,0.0
0.0,0.0,0.998744010925293,0.0,0.0,0.0,0.0,0.0,0.0,0.0
0.0,0.0,0.9983329772949219,0.0,0.0,0.0,0.0,0.0,0.0,0.0
0.0,0.0,0.9990510940551758,0.0,0.0,0.0,0.0,0.0,0.0,0.0
0.0,0.0,0.9987030029296875,0.0,0.0,0.0,0.0,0.0,0.0,0.0
0.0,0.0,0.9988632202148438,0.0,0.0,0.0,0.0,0.0,0.0,0.0
0.0,0.0,0.9989824295043945,0.0,0.0,0.0,0.0,0.0,0.0,0.0
0.0,0.0,0.9987039566040039,0.0,0.0,0.0,0.0,0.0,0.0,0.0
0.0,0.0,0.9986324310302734,0.0,0.0,0.0,0.0,0.0,0.0,0.0
0.0,0.0,0.9989213943481445,0.0,0.0,0.0,0.0,0.0,0.0,0.0
0.0,0.0,0.9981966018676758,0.0,0.0,0.0,0.0,0.0,0.0,0.0
0.0,0.0,0.9997072219848633,0.0,0.0,0.0,0.0,0.0,0.0,0.0
0.0,0.0,0.9982452392578125,0.0,0.0,0.0,0.0,0.0,0.0,0.0
0.0,0.0,0.9991655349731445,0.0,0.0,0.0,0.0,0.0,0.0,0.0
0.0,0.0,0.9989223480224609,0.0,0.0,0.0,0.0,0.0,0.0,0.0
0.0,0.0,0.9995203018188477,0.0,0.0,0.0,0.0,0.0,0.0,0.0
0.0,0.0,0.9985666275024414,0.0,0.0,0.0,0.0,0.0,0.0,0.0
0.0,0.0,0.9986371994018555,0.0,0.0,0.0,0.0,0.0,0.0,0.0
0.0,0.0,0.9987173080444336,0.0,0.0,0.0,0.0,0.0,0.0,0.0
0.0,0.0,0.9989738464355469,0.0,0.0,0.0,0.0,0.0,0.0,0.0
0.0,0.0,0.9990787506103516,0.0,0.0,0.0,0.0,0.0,0.0,0.0
0.0,0.0,0.998957633972168,0.0,0.0,0.0,0.0,0.0,0.0,0.0
0.0,0.0,0.9983720779418945,0.0,0.0,0.0,0.0,0.0,0.0,0.0
0.0,0.0,0.9990653991699219,0.0,0.0,0.0,0.0,0.0,0.0,0.0
0.0,0.0,0.9995737075805664,0.0,0.0,0.0,0.0,0.0,0.0,0.0
0.0,0.0,0.9990234375,0.0,0.0,0.0,0.0,0.0,0.0,0.0
0.0,0.0,0.9989843368530273,0.0,0.0,0.0,0.0,0.0,0.0,0.0
0.0,0.0,0.9983835220336914,0.0,0.0,0.0,0.0,0.0,0.0,0.0
0.0,0.0,0.9997425079345703,0.0,0.0,0.0,0.0,0.0,0.0,0.0
0.0,0.0,0.9988985061645508,0.0,0.0,0.0,0.0,0.0,0.0,0.0
0.0,0.0,0.9995708465576172,0.0,0.0,0.0,0.0,0.0,0.0,0.0
0.0,0.0,0.9994125366210938,0.0,0.0,0.0,0.0,0.0,0.0,0.0
0.0,0.0,0.9992971420288086,0.0,0.0,0.0,0.0,0.0,0.0,0.0
0.0,0.0,0.9950656890869141,0.0,0.0,0.0,0.0,0.0,0.0,0.0
0.0,0.0,0.9923343658447266,0.0,0.0,0.0,0.0,0.0,0.0,0.0
0.0,0.0,0.9966278076171875,0.0,0.0,0.0,0.0,0.0,0.0,0.0
0.0,0.0,0.9962043762207031,0.0,0.0,0.0,0.0,0.0,0.0,0.0
0.0,0.0,0.9971733093261719,0.0,0.0,0.0,0.0,0.0,0.0,0.0
0.0,0.0,0.9970951080322266,0.0,0.0,0.0,0.0,0.0,0.0,0.0
0.0,0.0,0.9967279434204102,0.0,0.0,0.0,0.0,0.0,0.0,0.0
0.0,0.0,0.9970159530639648,0.0,0.0,0.0,0.0,0.0,0.0,0.0
0.0,0.0,0.9965791702270508,0.0,0.0,0.0,0.0,0.0,0.0,0.0
0.0,0.0,0.9965105056762695,0.0,0.0,0.0,0.0,0.0,0.0,0.0
0.0,0.0,0.9950628280639648,0.0,0.0,0.0,0.0,0.0,0.0,0.0
0.0,0.0,0.9971351623535156,0.0,0.0,0.0,0.0,0.0,0.0,0.0
0.0,0.0,0.9962873458862305,0.0,0.0,0.0,0.0,0.0,0.0,0.0
0.0,0.0,0.9968624114990234,0.0,0.0,0.0,0.0,0.0,0.0,0.0
0.0,0.0,0.9966650009155273,0.0,0.0,0.0,0.0,0.0,0.0,0.0
0.0,0.0,0.9961347579956055,0.0,0.0,0.0,0.0,0.0,0.0,0.0
0.0,0.0,0.9962196350097656,0.0,0.0,0.0,0.0,0.0,0.0,0.0
0.0,0.0,0.9969673156738281,0.0,0.0,0.0,0.0,0.0,0.0,0.0
0.0,0.0,0.996190071105957,0.0,0.0,0.0,0.0,0.0,0.0,0.0
0.0,0.0,0.9952764511108398,0.0,0.0,0.0,0.0,0.0,0.0,0.0
0.0,0.0,0.9966974258422852,0.0,0.0,0.0,0.0,0.0,0.0,0.0
0.0,0.0,0.9975013732910156,0.0,0.0,0.0,0.0,0.0,0.0,0.0
0.0,0.0,0.9932241439819336,0.0,0.0,0.0,0.0,0.0,0.0,0.0
0.0,0.0,0.9969015121459961,0.0,0.0,0.0,0.0,0.0,0.0,0.0
0.0,0.0,0.9964513778686523,0.0,0.0,0.0,0.0,0.0,0.0,0.0
0.0,0.0,0.9975910186767578,0.0,0.0,0.0,0.0,0.0,0.0,0.0
0.0,0.0,0.9976367950439453,0.0,0.0,0.0,0.0,0.0,0.0,0.0
0.0,0.0,0.9978780746459961,0.0,0.0,0.0,0.0,0.0,0.0,0.0
0.0,0.0,0.9969730377197266,0.0,0.0,0.0,0.0,0.0,0.0,0.0
0.0,0.0,0.9966564178466797,0.0,0.0,0.0,0.0,0.0,0.0,0.0
0.0,0.0,0.9976263046264648,0.0,0.0,0.0,0.0,0.0,0.0,0.0
0.0,0.0,0.9975013732910156,0.0,0.0,0.0,0.0,0.0,0.0,0.0
0.0,0.0,0.999053955078125,0.0,0.0,0.0,0.0,0.0,0.0,0.0
0.0,0.0,0.9965410232543945,0.0,0.0,0.0,0.0,0.0,0.0,0.0
0.0,0.0,0.9972343444824219,0.0,0.0,0.0,0.0,0.0,0.0,0.0
0.0,0.0,0.9986047744750977,0.0,0.0,0.0,0.0,0.0,0.0,0.0
0.0,0.0,0.9977092742919922,0.0,0.0,0.0,0.0,0.0,0.0,0.0
0.0,0.0,0.9960384368896484,0.0,0.0,0.0,0.0,0.0,0.0,0.0
0.0,0.0,0.9987287521362305,0.0,0.0,0.0,0.0,0.0,0.0,0.0
0.0,0.0,0.9988842010498047,0.0,0.0,0.0,0.0,0.0,0.0,0.0
0.0,0.0,0.9985857009887695,0.0,0.0,0.0,0.0,0.0,0.0,0.0
0.0,0.0,0.9990634918212891,0.0,0.0,0.0,0.0,0.0,0.0,0.0
0.0,0.0,0.998347282409668,0.0,0.0,0.0,0.0,0.0,0.0,0.0
0.0,0.0,0.9985418319702148,0.0,0.0,0.0,0.0,0.0,0.0,0.0
0.0,0.0,0.9988136291503906,0.0,0.0,0.0,0.0,0.0,0.0,0.0
0.0,0.0,0.9990472793579102,0.0,0.0,0.0,0.0,0.0,0.0,0.0
0.0,0.0,0.9985847473144531,0.0,0.0,0.0,0.0,0.0,0.0,0.0
0.0,0.0,0.9989423751831055,0.0,0.0,0.0,0.0,0.0,0.0,0.0
0.0,0.0,0.9988164901733398,0.0,0.0,0.0,0.0,0.0,0.0,0.0
0.0,0.0,0.9991016387939453,0.0,0.0,0.0,0.0,0.0,0.0,0.0
0.0,0.0,0.9990196228027344,0.0,0.0,0.0,0.0,0.0,0.0,0.0
0.0,0.0,0.9990568161010742,0.0,0.0,0.0,0.0,0.0,0.0,0.0
0.0,0.0,0.9980802536010742,0.0,0.0,0.0,0.0,0.0,0.0,0.0
0.0,0.0,0.9977293014526367,0.0,0.0,0.0,0.0,0.0,0.0,0.0
0.0,0.0,0.997614860534668,0.0,0.0,0.0,0.0,0.0,0.0,0.0
0.0,0.0,0.997960090637207,0.0,0.0,0.0,0.0,0.0,0.0,0.0
0.0,0.0,0.9977998733520508,0.0,0.0,0.0,0.0,0.0,0.0,0.0
0.0,0.0,0.9973859786987305,0.0,0.0,0.0,0.0,0.0,0.0,0.0
0.0,0.0,0.9975290298461914,0.0,0.0,0.0,0.0,0.0,0.0,0.0
0.0,0.0,0.9979524612426758,0.0,0.0,0.0,0.0,0.0,0.0,0.0
0.0,0.0,0.9992990493774414,0.0,0.0,0.0,0.0,0.0,0.0,0.0
0.0,0.0,0.997711181640625,0.0,0.0,0.0,0.0,0.0,0.0,0.0
0.0,0.0,0.9979190826416016,0.0,0.0,0.0,0.0,0.0,0.0,0.0
0.0,0.0,0.9978294372558594,0.0,0.0,0.0,0.0,0.0,0.0,0.0
0.0,0.0,0.9982595443725586,0.0,0.0,0.0,0.0,0.0,0.0,0.0
0.0,0.0,0.9988040924072266,0.0,0.0,0.0,0.0,0.0,0.0,0.0
0.0,0.0,0.9956884384155273,0.0,0.0,0.0,0.0,0.0,0.0,0.0
0.0,0.0,0.9976835250854492,0.0,0.0,0.0,0.0,0.0,0.0,0.0
0.0,0.0,0.997859001159668,0.0,0.0,0.0,0.0,0.0,0.0,0.0
0.0,0.0,0.9977226257324219,0.0,0.0,0.0,0.0,0.0,0.0,0.0
0.0,0.0,0.9978780746459961,0.0,0.0,0.0,0.0,0.0,0.0,0.0
0.0,0.0,0.9979877471923828,0.0,0.0,0.0,0.0,0.0,0.0,0.0
0.0,0.0,0.9970731735229492,0.0,0.0,0.0,0.0,0.0,0.0,0.0
0.0,0.0,0.9979963302612305,0.0,0.0,0.0,0.0,0.0,0.0,0.0
0.0,0.0,0.9976024627685547,0.0,0.0,0.0,0.0,0.0,0.0,0.0
0.0,0.0,0.9969100952148438,0.0,0.0,0.0,0.0,0.0,0.0,0.0
0.0,0.0,0.998011589050293,0.0,0.0,0.0,0.0,0.0,0.0,0.0
0.0,0.0,0.9980716705322266,0.0,0.0,0.0,0.0,0.0,0.0,0.0
0.0,0.0,0.9972991943359375,0.0,0.0,0.0,0.0,0.0,0.0,0.0
0.0,0.0,0.9976530075073242,0.0,0.0,0.0,0.0,0.0,0.0,0.0
0.0,0.0,0.9978418350219727,0.0,0.0,0.0,0.0,0.0,0.0,0.0
0.0,0.0,0.9984664916992188,0.0,0.0,0.0,0.0,0.0,0.0,0.0
0.0,0.0,0.9985628128051758,0.0,0.0,0.0,0.0,0.0,0.0,0.0
0.0,0.0,0.9977312088012695,0.0,0.0,0.0,0.0,0.0,0.0,0.0
0.0,0.0,0.9980039596557617,0.0,0.0,0.0,0.0,0.0,0.0,0.0
0.0,0.0,0.9980840682983398,0.0,0.0,0.0,0.0,0.0,0.0,0.0
0.0,0.0,0.9985485076904297,0.0,0.0,0.0,0.0,0.0,0.0,0.0
0.0,0.0,0.9984464645385742,0.0,0.0,0.0,0.0,0.0,0.0,0.0
0.0,0.0,0.9970216751098633,0.0,0.0,0.0,0.0,0.0,0.0,0.0
0.0,0.0,0.9981527328491211,0.0,0.0,0.0,0.0,0.0,0.0,0.0
0.0,0.0,0.9976663589477539,0.0,0.0,0.0,0.0,0.0,0.0,0.0
0.0,0.0,0.9972858428955078,0.0,0.0,0.0,0.0,0.0,0.0,0.0
0.0,0.0,0.9982814788818359,0.0,0.0,0.0,0.0,0.0,0.0,0.0
0.0,0.0,0.9976282119750977,0.0,0.0,0.0,0.0,0.0,0.0,0.0
0.0,0.0,0.9981365203857422,0.0,0.0,0.0,0.0,0.0,0.0,0.0
0.0,0.0,0.9978141784667969,0.0,0.0,0.0,0.0,0.0,0.0,0.0
0.0,0.0,0.9985513687133789,0.0,0.0,0.0,0.0,0.0,0.0,0.0
0.0,0.0,0.9984121322631836,0.0,0.0,0.0,0.0,0.0,0.0,0.0
0.0,0.0,0.998021125793457,0.0,0.0,0.0,0.0,0.0,0.0,0.0
0.0,0.0,0.9976444244384766,0.0,0.0,0.0,0.0,0.0,0.0,0.0
0.0,0.0,0.9979286193847656,0.0,0.0,0.0,0.0,0.0,0.0,0.0
0.0,0.0,0.9982309341430664,0.0,0.0,0.0,0.0,0.0,0.0,0.0
0.0,0.0,0.9979982376098633,0.0,0.0,0.0,0.0,0.0,0.0,0.0
0.0,0.0,0.9976615905761719,0.0,0.0,0.0,0.0,0.0,0.0,0.0
0.0,0.0,0.9985933303833008,0.0,0.0,0.0,0.0,0.0,0.0,0.0
0.0,0.0,0.9985866546630859,0.0,0.0,0.0,0.0,0.0,0.0,0.0
0.0,0.0,0.9977197647094727,0.0,0.0,0.0,0.0,0.0,0.0,0.0
0.0,0.0,0.9978008270263672,0.0,0.0,0.0,0.0,0.0,0.0,0.0
0.0,0.0,0.9979572296142578,0.0,0.0,0.0,0.0,0.0,0.0,0.0
0.0,0.0,0.9991359710693359,0.0,0.0,0.0,0.0,0.0,0.0,0.0
0.0,0.0,0.9979267120361328,0.0,0.0,0.0,0.0,0.0,0.0,0.0
0.0,0.0,0.9994916915893555,0.0,0.0,0.0,0.0,0.0,0.0,0.0
0.0,0.0,0.9991302490234375,0.0,0.0,0.0,0.0,0.0,0.0,0.0
0.0,0.0,0.9976930618286133,0.0,0.0,0.0,0.0,0.0,0.0,0.0
0.0,0.0,0.9982929229736328,0.0,0.0,0.0,0.0,0.0,0.0,0.0
0.0,0.0,0.9986095428466797,0.0,0.0,0.0,0.0,0.0,0.0,0.0
0.0,0.0,0.9975271224975586,0.0,0.0,0.0,0.0,0.0,0.0,0.0
0.0,0.0,0.9987621307373047,0.0,0.0,0.0,0.0,0.0,0.0,0.0
0.0,0.0,0.9986400604248047,0.0,0.0,0.0,0.0,0.0,0.0,0.0
0.0,0.0,0.9984550476074219,0.0,0.0,0.0,0.0,0.0,0.0,0.0
0.0,0.0,0.9978141784667969,0.0,0.0,0.0,0.0,0.0,0.0,0.0
0.0,0.0,0.9983396530151367,0.0,0.0,0.0,0.0,0.0,0.0,0.0
0.0,0.0,0.9981327056884766,0.0,0.0,0.0,0.0,0.0,0.0,0.0
0.0,0.0,0.9981870651245117,0.0,0.0,0.0,0.0,0.0,0.0,0.0
0.0,0.0,0.9979915618896484,0.0,0.0,0.0,0.0,0.0,0.0,0.0
0.0,0.0,0.9984817504882812,0.0,0.0,0.0,0.0,0.0,0.0,0.0
0.0,0.0,0.9983644485473633,0.0,0.0,0.0,0.0,0.0,0.0,0.0
0.0,0.0,0.9986066818237305,0.0,0.0,0.0,0.0,0.0,0.0,0.0
0.0,0.0,0.9993391036987305,0.0,0.0,0.0,0.0,0.0,0.0,0.0
0.0,0.0,0.9984407424926758,0.0,0.0,0.0,0.0,0.0,0.0,0.0
0.0,0.0,0.9983634948730469,0.0,0.0,0.0,0.0,0.0,0.0,0.0
0.0,0.0,0.9990882873535156,0.0,0.0,0.0,0.0,0.0,0.0,0.0
0.0,0.0,0.9981060028076172,0.0,0.0,0.0,0.0,0.0,0.0,0.0
0.0,0.0,0.9809494018554688,0.0,0.0,0.0,0.0,0.0,0.0,0.0
0.0,0.0,0.9977293014526367,0.0,0.0,0.0,0.0,0.0,0.0,0.0
0.0,0.0,0.9978933334350586,0.0,0.0,0.0,0.0,0.0,0.0,0.0
0.0,0.0,0.9980964660644531,0.0,0.0,0.0,0.0,0.0,0.0,0.0
0.0,0.0,0.998809814453125,0.0,0.0,0.0,0.0,0.0,0.0,0.0
0.0,0.0,0.9982433319091797,0.0,0.0,0.0,0.0,0.0,0.0,0.0
0.0,0.0,0.9978828430175781,0.0,0.0,0.0,0.0,0.0,0.0,0.0
0.0,0.0,0.9986181259155273,0.0,0.0,0.0,0.0,0.0,0.0,0.0
0.0,0.0,0.998016357421875,0.0,0.0,0.0,0.0,0.0,0.0,0.0
0.0,0.0,0.9981050491333008,0.0,0.0,0.0,0.0,0.0,0.0,0.0
0.0,0.0,0.997279167175293,0.0,0.0,0.0,0.0,0.0,0.0,0.0
0.0,0.0,0.9981555938720703,0.0,0.0,0.0,0.0,0.0,0.0,0.0
0.0,0.0,0.9979543685913086,0.0,0.0,0.0,0.0,0.0,0.0,0.0
0.0,0.0,0.9978475570678711,0.0,0.0,0.0,0.0,0.0,0.0,0.0
0.0,0.0,0.9983272552490234,0.0,0.0,0.0,0.0,0.0,0.0,0.0
0.0,0.0,0.997899055480957,0.0,0.0,0.0,0.0,0.0,0.0,0.0
0.0,0.0,0.9983749389648438,0.0,0.0,0.0,0.0,0.0,0.0,0.0
0.0,0.0,0.9987974166870117,0.0,0.0,0.0,0.0,0.0,0.0,0.0
0.0,0.0,0.9981374740600586,0.0,0.0,0.0,0.0,0.0,0.0,0.0
0.0,0.0,0.9976406097412109,0.0,0.0,0.0,0.0,0.0,0.0,0.0
0.0,0.0,0.9984340667724609,0.0,0.0,0.0,0.0,0.0,0.0,0.0
0.0,0.0,0.9987726211547852,0.0,0.0,0.0,0.0,0.0,0.0,0.0
0.0,0.0,0.9980640411376953,0.0,0.0,0.0,0.0,0.0,0.0,0.0
0.0,0.0,0.9981775283813477,0.0,0.0,0.0,0.0,0.0,0.0,0.0
0.0,0.0,0.9982976913452148,0.0,0.0,0.0,0.0,0.0,0.0,0.0
0.0,0.0,0.998621940612793,0.0,0.0,0.0,0.0,0.0,0.0,0.0
0.0,0.0,0.9980134963989258,0.0,0.0,0.0,0.0,0.0,0.0,0.0
0.0,0.0,0.9986429214477539,0.0,0.0,0.0,0.0,0.0,0.0,0.0
0.0,0.0,0.9977350234985352,0.0,0.0,0.0,0.0,0.0,0.0,0.0
0.0,0.0,0.9971780776977539,0.0,0.0,0.0,0.0,0.0,0.0,0.0
0.0,0.0,0.9988899230957031,0.0,0.0,0.0,0.0,0.0,0.0,0.0
0.0,0.0,0.998805046081543,0.0,0.0,0.0,0.0,0.0,0.0,0.0
0.0,0.0,0.9984617233276367,0.0,0.0,0.0,0.0,0.0,0.0,0.0
0.0,0.0,0.998748779296875,0.0,0.0,0.0,0.0,0.0,0.0,0.0
0.0,0.0,0.9986333847045898,0.0,0.0,0.0,0.0,0.0,0.0,0.0
0.0,0.0,0.9970302581787109,0.0,0.0,0.0,0.0,0.0,0.0,0.0
0.0,0.0,0.9982290267944336,0.0,0.0,0.0,0.0,0.0,0.0,0.0
0.0,0.0,0.9978799819946289,0.0,0.0,0.0,0.0,0.0,0.0,0.0
0.0,0.0,0.9977970123291016,0.0,0.0,0.0,0.0,0.0,0.0,0.0
0.0,0.0,0.9986543655395508,0.0,0.0,0.0,0.0,0.0,0.0,0.0
0.0,0.0,0.9984273910522461,0.0,0.0,0.0,0.0,0.0,0.0,0.0
0.0,0.0,0.9984588623046875,0.0,0.0,0.0,0.0,0.0,0.0,0.0
0.0,0.0,0.9981002807617188,0.0,0.0,0.0,0.0,0.0,0.0,0.0
0.0,0.0,0.9978761672973633,0.0,0.0,0.0,0.0,0.0,0.0,0.0
0.0,0.0,0.9976768493652344,0.0,0.0,0.0,0.0,0.0,0.0,0.0
0.0,0.0,0.9985036849975586,0.0,0.0,0.0,0.0,0.0,0.0,0.0
0.0,0.0,0.997807502746582,0.0,0.0,0.0,0.0,0.0,0.0,0.0
0.0,0.0,0.9984989166259766,0.0,0.0,0.0,0.0,0.0,0.0,0.0
0.0,0.0,0.9984207153320312,0.0,0.0,0.0,0.0,0.0,0.0,0.0
0.0,0.0,0.9971847534179688,0.0,0.0,0.0,0.0,0.0,0.0,0.0
0.0,0.0,0.9993200302124023,0.0,0.0,0.0,0.0,0.0,0.0,0.0
0.0,0.0,0.9982280731201172,0.0,0.0,0.0,0.0,0.0,0.0,0.0
0.0,0.0,0.9986515045166016,0.0,0.0,0.0,0.0,0.0,0.0,0.0
0.0,0.0,0.9988374710083008,0.0,0.0,0.0,0.0,0.0,0.0,0.0
0.0,0.0,0.9981803894042969,0.0,0.0,0.0,0.0,0.0,0.0,0.0
0.0,0.0,0.9979887008666992,0.0,0.0,0.0,0.0,0.0,0.0,0.0
0.0,0.0,0.9986505508422852,0.0,0.0,0.0,0.0,0.0,0.0,0.0
0.0,0.0,0.9979524612426758,0.0,0.0,0.0,0.0,0.0,0.0,0.0
0.0,0.0,0.9987096786499023,0.0,0.0,0.0,0.0,0.0,0.0,0.0
0.0,0.0,0.99853515625,0.0,0.0,0.0,0.0,0.0,0.0,0.0
0.0,0.0,0.9983348846435547,0.0,0.0,0.0,0.0,0.0,0.0,0.0
0.0,0.0,0.9982776641845703,0.0,0.0,0.0,0.0,0.0,0.0,0.0
0.0,0.0,0.9991531372070312,0.0,0.0,0.0,0.0,0.0,0.0,0.0
0.0,0.0,0.9980621337890625,0.0,0.0,0.0,0.0,0.0,0.0,0.0
0.0,0.0,0.9985923767089844,0.0,0.0,0.0,0.0,0.0,0.0,0.0
0.0,0.0,0.9991645812988281,0.0,0.0,0.0,0.0,0.0,0.0,0.0
0.0,0.0,0.9995517730712891,0.0,0.0,0.0,0.0,0.0,0.0,0.0
0.0,0.0,0.9983835220336914,0.0,0.0,0.0,0.0,0.0,0.0,0.0
0.0,0.0,0.9988603591918945,0.0,0.0,0.0,0.0,0.0,0.0,0.0
0.0,0.0,0.9986715316772461,0.0,0.0,0.0,0.0,0.0,0.0,0.0
0.0,0.0,0.9985675811767578,0.0,0.0,0.0,0.0,0.0,0.0,0.0
0.0,0.0,0.9986133575439453,0.0,0.0,0.0,0.0,0.0,0.0,0.0
0.0,0.0,0.997746467590332,0.0,0.0,0.0,0.0,0.0,0.0,0.0
0.0,0.0,0.9989290237426758,0.0,0.0,0.0,0.0,0.0,0.0,0.0
0.0,0.0,0.9986953735351562,0.0,0.0,0.0,0.0,0.0,0.0,0.0
0.0,0.0,0.9996528625488281,0.0,0.0,0.0,0.0,0.0,0.0,0.0
0.0,0.0,0.9979534149169922,0.0,0.0,0.0,0.0,0.0,0.0,0.0
0.0,0.0,0.9971599578857422,0.0,0.0,0.0,0.0,0.0,0.0,0.0
0.0,0.0,0.9994344711303711,0.0,0.0,0.0,0.0,0.0,0.0,0.0
0.0,0.0,0.999537467956543,0.0,0.0,0.0,0.0,0.0,0.0,0.0
0.0,0.0,0.9987287521362305,0.0,0.0,0.0,0.0,0.0,0.0,0.0
0.0,0.0,0.9988269805908203,0.0,0.0,0.0,0.0,0.0,0.0,0.0
0.0,0.0,0.9995183944702148,0.0,0.0,0.0,0.0,0.0,0.0,0.0
0.0,0.0,0.9994277954101562,0.0,0.0,0.0,0.0,0.0,0.0,0.0
0.0,0.0,0.9987497329711914,0.0,0.0,0.0,0.0,0.0,0.0,0.0
0.0,0.0,0.9882230758666992,0.0,0.0,0.0,0.0,0.0,0.0,0.0
0.0,0.0,0.990478515625,0.0,0.0,0.0,0.0,0.0,0.0,0.0
0.8133852691218131,0.8970904120289006,0.9989948272705078,0.8687594553706506,0.9273314493338716,0.8133852691218131,0.8970904120289006,0.8687594553706506,0.9273314493338716,1.0
0.0,0.0,0.9936447143554688,0.0,0.0,0.0,0.0,0.0,0.0,0.0
0.0,0.0,0.9937906265258789,0.0,0.0,0.0,0.0,0.0,0.0,0.0
0.0,0.0,0.9937496185302734,0.0,0.0,0.0,0.0,0.0,0.0,0.0
0.0,0.0,0.9939041137695312,0.0,0.0,0.0,0.0,0.0,0.0,0.0
0.0,0.0,0.9939451217651367,0.0,0.0,0.0,0.0,0.0,0.0,0.0
0.0,0.0,0.993901252746582,0.0,0.0,0.0,0.0,0.0,0.0,0.0
0.0,0.0,0.9945592880249023,0.0,0.0,0.0,0.0,0.0,0.0,0.0
0.0,0.0,0.9946079254150391,0.0,0.0,0.0,0.0,0.0,0.0,0.0
0.0,0.0,0.9939365386962891,0.0,0.0,0.0,0.0,0.0,0.0,0.0
0.0,0.0,0.9943723678588867,0.0,0.0,0.0,0.0,0.0,0.0,0.0
0.0,0.0,0.9943361282348633,0.0,0.0,0.0,0.0,0.0,0.0,0.0
0.0,0.0,0.9945859909057617,0.0,0.0,0.0,0.0,0.0,0.0,0.0
0.0,0.0,0.994877815246582,0.0,0.0,0.0,0.0,0.0,0.0,0.0
0.0,0.0,0.9940032958984375,0.0,0.0,0.0,0.0,0.0,0.0,0.0
0.0,0.0,0.994537353515625,0.0,0.0,0.0,0.0,0.0,0.0,0.0
0.0,0.0,0.9946365356445312,0.0,0.0,0.0,0.0,0.0,0.0,0.0
0.0,0.0,0.9945068359375,0.0,0.0,0.0,0.0,0.0,0.0,0.0
0.0,0.0,0.9944820404052734,0.0,0.0,0.0,0.0,0.0,0.0,0.0
0.0,0.0,0.9947385787963867,0.0,0.0,0.0,0.0,0.0,0.0,0.0
0.0,0.0,0.9951410293579102,0.0,0.0,0.0,0.0,0.0,0.0,0.0
0.0,0.0,0.9950618743896484,0.0,0.0,0.0,0.0,0.0,0.0,0.0
0.0,0.0,0.9950656890869141,0.0,0.0,0.0,0.0,0.0,0.0,0.0
0.0,0.0,0.9951229095458984,0.0,0.0,0.0,0.0,0.0,0.0,0.0
0.0,0.0,0.9950075149536133,0.0,0.0,0.0,0.0,0.0,0.0,0.0
0.0,0.0,0.9871110916137695,0.0,0.0,0.0,0.0,0.0,0.0,0.0
0.0,0.0,0.9985179901123047,0.0,0.0,0.0,0.0,0.0,0.0,0.0
0.0,0.0,0.9976959228515625,0.0,0.0,0.0,0.0,0.0,0.0,0.0
0.0,0.0,0.997528076171875,0.0,0.0,0.0,0.0,0.0,0.0,0.0
0.0,0.0,0.9986381530761719,0.0,0.0,0.0,0.0,0.0,0.0,0.0
0.0,0.0,0.9981250762939453,0.0,0.0,0.0,0.0,0.0,0.0,0.0
0.0,0.0,0.997767448425293,0.0,0.0,0.0,0.0,0.0,0.0,0.0
0.0,0.0,0.9988260269165039,0.0,0.0,0.0,0.0,0.0,0.0,0.0
0.0,0.0,0.998077392578125,0.0,0.0,0.0,0.0,0.0,0.0,0.0
0.0,0.0,0.9987583160400391,0.0,0.0,0.0,0.0,0.0,0.0,0.0
0.0,0.0,0.998626708984375,0.0,0.0,0.0,0.0,0.0,0.0,0.0
0.0,0.0,0.9991168975830078,0.0,0.0,0.0,0.0,0.0,0.0,0.0
0.0,0.0,0.9983911514282227,0.0,0.0,0.0,0.0,0.0,0.0,0.0
0.0,0.0,0.9975509643554688,0.0,0.0,0.0,0.0,0.0,0.0,0.0
0.0,0.0,0.9988117218017578,0.0,0.0,0.0,0.0,0.0,0.0,0.0
0.0,0.0,0.9981527328491211,0.0,0.0,0.0,0.0,0.0,0.0,0.0
0.0,0.0,0.9985322952270508,0.0,0.0,0.0,0.0,0.0,0.0,0.0
0.0,0.0,0.999079704284668,0.0,0.0,0.0,0.0,0.0,0.0,0.0
0.0,0.0,0.9987020492553711,0.0,0.0,0.0,0.0,0.0,0.0,0.0
0.0,0.0,0.9995594024658203,0.0,0.0,0.0,0.0,0.0,0.0,0.0
0.0,0.0,0.998967170715332,0.0,0.0,0.0,0.0,0.0,0.0,0.0
0.0,0.0,0.9989080429077148,0.0,0.0,0.0,0.0,0.0,0.0,0.0
0.0,0.0,0.9993171691894531,0.0,0.0,0.0,0.0,0.0,0.0,0.0
0.0,0.0,0.9987239837646484,0.0,0.0,0.0,0.0,0.0,0.0,0.0
0.0,0.0,0.9984111785888672,0.0,0.0,0.0,0.0,0.0,0.0,0.0
0.0,0.0,0.9983644485473633,0.0,0.0,0.0,0.0,0.0,0.0,0.0
0.0,0.0,0.9987716674804688,0.0,0.0,0.0,0.0,0.0,0.0,0.0
0.0,0.0,0.9957389831542969,0.0,0.0,0.0,0.0,0.0,0.0,0.0
0.0,0.0,0.9959888458251953,0.0,0.0,0.0,0.0,0.0,0.0,0.0
0.0,0.0,0.9985389709472656,0.0,0.0,0.0,0.0,0.0,0.0,0.0
0.0,0.0,0.9959239959716797,0.0,0.0,0.0,0.0,0.0,0.0,0.0
0.0,0.0,0.9990301132202148,0.0,0.0,0.0,0.0,0.0,0.0,0.0
0.0,0.0,0.9979314804077148,0.0,0.0,0.0,0.0,0.0,0.0,0.0
0.0,0.0,0.9989643096923828,0.0,0.0,0.0,0.0,0.0,0.0,0.0
0.0,0.0,0.9988927841186523,0.0,0.0,0.0,0.0,0.0,0.0,0.0
0.0,0.0,0.9978513717651367,0.0,0.0,0.0,0.0,0.0,0.0,0.0
0.0,0.0,0.9978570938110352,0.0,0.0,0.0,0.0,0.0,0.0,0.0
0.0,0.0,0.9989995956420898,0.0,0.0,0.0,0.0,0.0,0.0,0.0
0.0,0.0,0.9982337951660156,0.0,0.0,0.0,0.0,0.0,0.0,0.0
0.0,0.0,0.9990406036376953,0.0,0.0,0.0,0.0,0.0,0.0,0.0
0.0,0.0,0.9979114532470703,0.0,0.0,0.0,0.0,0.0,0.0,0.0
0.0,0.0,0.9989013671875,0.0,0.0,0.0,0.0,0.0,0.0,0.0
0.0,0.0,0.99908447265625,0.0,0.0,0.0,0.0,0.0,0.0,0.0
0.0,0.0,0.9982337951660156,0.0,0.0,0.0,0.0,0.0,0.0,0.0
0.0,0.0,0.9993209838867188,0.0,0.0,0.0,0.0,0.0,0.0,0.0
0.0,0.0,0.9983243942260742,0.0,0.0,0.0,0.0,0.0,0.0,0.0
0.0,0.0,0.9987144470214844,0.0,0.0,0.0,0.0,0.0,0.0,0.0
0.0,0.0,0.9990425109863281,0.0,0.0,0.0,0.0,0.0,0.0,0.0
0.0,0.0,0.9986362457275391,0.0,0.0,0.0,0.0,0.0,0.0,0.0
0.0,0.0,0.998927116394043,0.0,0.0,0.0,0.0,0.0,0.0,0.0
0.0,0.0,0.9984884262084961,0.0,0.0,0.0,0.0,0.0,0.0,0.0
0.0,0.0,0.9990234375,0.0,0.0,0.0,0.0,0.0,0.0,0.0
0.0,0.0,0.9983654022216797,0.0,0.0,0.0,0.0,0.0,0.0,0.0
0.0,0.0,0.9988498687744141,0.0,0.0,0.0,0.0,0.0,0.0,0.0
0.0,0.0,0.9986095428466797,0.0,0.0,0.0,0.0,0.0,0.0,0.0
0.0,0.0,0.9971446990966797,0.0,0.0,0.0,0.0,0.0,0.0,0.0
0.0,0.0,0.9991006851196289,0.0,0.0,0.0,0.0,0.0,0.0,0.0
0.0,0.0,0.9986171722412109,0.0,0.0,0.0,0.0,0.0,0.0,0.0
0.0,0.0,0.9986286163330078,0.0,0.0,0.0,0.0,0.0,0.0,0.0
0.0,0.0,0.9991979598999023,0.0,0.0,0.0,0.0,0.0,0.0,0.0
0.0,0.0,0.9991779327392578,0.0,0.0,0.0,0.0,0.0,0.0,0.0
0.0,0.0,0.9982948303222656,0.0,0.0,0.0,0.0,0.0,0.0,0.0
0.0,0.0,0.9993753433227539,0.0,0.0,0.0,0.0,0.0,0.0,0.0
0.0,0.0,0.9985523223876953,0.0,0.0,0.0,0.0,0.0,0.0,0.0
0.0,0.0,0.9986543655395508,0.0,0.0,0.0,0.0,0.0,0.0,0.0
0.0,0.0,0.9990463256835938,0.0,0.0,0.0,0.0,0.0,0.0,0.0
0.0,0.0,0.9995040893554688,0.0,0.0,0.0,0.0,0.0,0.0,0.0
0.0,0.0,0.9985942840576172,0.0,0.0,0.0,0.0,0.0,0.0,0.0
0.0,0.0,0.998988151550293,0.0,0.0,0.0,0.0,0.0,0.0,0.0
0.0,0.0,0.9993972778320312,0.0,0.0,0.0,0.0,0.0,0.0,0.0
0.0,0.0,0.9994544982910156,0.0,0.0,0.0,0.0,0.0,0.0,0.0
0.0,0.0,0.9998750686645508,0.0,0.0,0.0,0.0,0.0,0.0,0.0
0.0,0.0,0.9998607635498047,0.0,0.0,0.0,0.0,0.0,0.0,0.0
0.0,0.0,0.9943065643310547,0.0,0.0,0.0,0.0,0.0,0.0,0.0
0.0,0.0,0.9989604949951172,0.0,0.0,0.0,0.0,0.0,0.0,0.0
0.0,0.0,0.9992542266845703,0.0,0.0,0.0,0.0,0.0,0.0,0.0
0.0,0.0,0.9989748001098633,0.0,0.0,0.0,0.0,0.0,0.0,0.0
0.0,0.0,0.9811439514160156,0.0,0.0,0.0,0.0,0.0,0.0,0.0
0.7783591460862286,0.8753677768624221,0.9989900588989258,0.9885699096225412,0.785427666314678,0.7783591460862286,0.8753677768624221,0.9885699096225412,0.785427666314678,1.0
0.0,0.0,0.9905290603637695,0.0,0.0,0.0,0.0,0.0,0.0,0.0
0.0,0.0,0.9932432174682617,0.0,0.0,0.0,0.0,0.0,0.0,0.0
0.0,0.0,0.9927644729614258,0.0,0.0,0.0,0.0,0.0,0.0,0.0
0.0,0.0,0.9915580749511719,0.0,0.0,0.0,0.0,0.0,0.0,0.0
0.0,0.0,0.9932651519775391,0.0,0.0,0.0,0.0,0.0,0.0,0.0
0.0,0.0,0.9904212951660156,0.0,0.0,0.0,0.0,0.0,0.0,0.0
0.0,0.0,0.9948453903198242,0.0,0.0,0.0,0.0,0.0,0.0,0.0
0.0,0.0,0.9959707260131836,0.0,0.0,0.0,0.0,0.0,0.0,0.0
0.0,0.0,0.9962129592895508,0.0,0.0,0.0,0.0,0.0,0.0,0.0
0.0,0.0,0.9972743988037109,0.0,0.0,0.0,0.0,0.0,0.0,0.0
0.0,0.0,0.985081672668457,0.0,0.0,0.0,0.0,0.0,0.0,0.0
0.0,0.0,0.996180534362793,0.0,0.0,0.0,0.0,0.0,0.0,0.0
0.0,0.0,0.9969253540039062,0.0,0.0,0.0,0.0,0.0,0.0,0.0
0.0,0.0,0.9974985122680664,0.0,0.0,0.0,0.0,0.0,0.0,0.0
0.0,0.0,0.9778337478637695,0.0,0.0,0.0,0.0,0.0,0.0,0.0
0.0,0.0,0.9975223541259766,0.0,0.0,0.0,0.0,0.0,0.0,0.0
0.0,0.0,0.9902238845825195,0.0,0.0,0.0,0.0,0.0,0.0,0.0
0.0,0.0,0.9941186904907227,0.0,0.0,0.0,0.0,0.0,0.0,0.0
0.0,0.0,0.9931936264038086,0.0,0.0,0.0,0.0,0.0,0.0,0.0
0.0,0.0,0.9918146133422852,0.0,0.0,0.0,0.0,0.0,0.0,0.0
0.0,0.0,0.9959421157836914,0.0,0.0,0.0,0.0,0.0,0.0,0.0
0.6886577010910936,0.8156273478587528,0.9988298416137695,0.9358620689655173,0.7227696404793609,0.6886577010910936,0.8156273478587528,0.9358620689655173,0.7227696404793609,1.0
0.0,0.0,0.997004508972168,0.0,0.0,0.0,0.0,0.0,0.0,0.0
0.0,0.0,0.9975357055664062,0.0,0.0,0.0,0.0,0.0,0.0,0.0
0.0,0.0,0.9975719451904297,0.0,0.0,0.0,0.0,0.0,0.0,0.0
0.0,0.0,0.9955835342407227,0.0,0.0,0.0,0.0,0.0,0.0,0.0
0.0,0.0,0.9968271255493164,0.0,0.0,0.0,0.0,0.0,0.0,0.0
0.0,0.0,0.9977407455444336,0.0,0.0,0.0,0.0,0.0,0.0,0.0
0.0,0.0,0.9968881607055664,0.0,0.0,0.0,0.0,0.0,0.0,0.0
0.0,0.0,0.9975185394287109,0.0,0.0,0.0,0.0,0.0,0.0,0.0
0.0,0.0,0.99822998046875,0.0,0.0,0.0,0.0,0.0,0.0,0.0
0.0,0.0,0.9971160888671875,0.0,0.0,0.0,0.0,0.0,0.0,0.0
0.0,0.0,0.9971275329589844,0.0,0.0,0.0,0.0,0.0,0.0,0.0
0.0,0.0,0.9982614517211914,0.0,0.0,0.0,0.0,0.0,0.0,0.0
0.0,0.0,0.9970846176147461,0.0,0.0,0.0,0.0,0.0,0.0,0.0
0.0,0.0,0.9971017837524414,0.0,0.0,0.0,0.0,0.0,0.0,0.0
0.0,0.0,0.996983528137207,0.0,0.0,0.0,0.0,0.0,0.0,0.0
0.0,0.0,0.9974098205566406,0.0,0.0,0.0,0.0,0.0,0.0,0.0
0.0,0.0,0.9980669021606445,0.0,0.0,0.0,0.0,0.0,0.0,0.0
0.0,0.0,0.9979591369628906,0.0,0.0,0.0,0.0,0.0,0.0,0.0
0.0,0.0,0.9980049133300781,0.0,0.0,0.0,0.0,0.0,0.0,0.0
0.0,0.0,0.9993553161621094,0.0,0.0,0.0,0.0,0.0,0.0,0.0
0.0,0.0,0.9985761642456055,0.0,0.0,0.0,0.0,0.0,0.0,0.0
0.0,0.0,0.9970359802246094,0.0,0.0,0.0,0.0,0.0,0.0,0.0
0.0,0.0,0.9973306655883789,0.0,0.0,0.0,0.0,0.0,0.0,0.0
0.0,0.0,0.9950876235961914,0.0,0.0,0.0,0.0,0.0,0.0,0.0
0.0,0.0,0.9966297149658203,0.0,0.0,0.0,0.0,0.0,0.0,0.0
0.0,0.0,0.9993867874145508,0.0,0.0,0.0,0.0,0.0,0.0,0.0
0.0,0.0,0.9989604949951172,0.0,0.0,0.0,0.0,0.0,0.0,0.0
0.0,0.0,0.9992513656616211,0.0,0.0,0.0,0.0,0.0,0.0,0.0
0.0,0.0,0.9924354553222656,0.0,0.0,0.0,0.0,0.0,0.0,0.0
0.0,0.0,0.9816617965698242,0.0,0.0,0.0,0.0,0.0,0.0,0.0
0.0,0.0,0.9877653121948242,0.0,0.0,0.0,0.0,0.0,0.0,0.0
0.0,0.0,0.9808311462402344,0.0,0.0,0.0,0.0,0.0,0.0,0.0
0.0,0.0,0.997157096862793,0.0,0.0,0.0,0.0,0.0,0.0,0.0
0.0,0.0,0.9867744445800781,0.0,0.0,0.0,0.0,0.0,0.0,0.0
0.0,0.0,0.9982280731201172,0.0,0.0,0.0,0.0,0.0,0.0,0.0
0.0,0.0,0.9933910369873047,0.0,0.0,0.0,0.0,0.0,0.0,0.0
0.8230593607305936,0.9029430181590482,0.9997043609619141,0.8798047589993899,0.9273311897106109,0.8230593607305936,0.9029430181590482,0.8798047589993899,0.9273311897106109,1.0
0.0,0.0,0.9889745712280273,0.0,0.0,0.0,0.0,0.0,0.0,0.0
0.0,0.0,0.9958715438842773,0.0,0.0,0.0,0.0,0.0,0.0,0.0
0.0,0.0,0.9957332611083984,0.0,0.0,0.0,0.0,0.0,0.0,0.0
0.0,0.0,0.9970436096191406,0.0,0.0,0.0,0.0,0.0,0.0,0.0
0.0,0.0,0.9977140426635742,0.0,0.0,0.0,0.0,0.0,0.0,0.0
0.0,0.0,0.9978160858154297,0.0,0.0,0.0,0.0,0.0,0.0,0.0
0.0,0.0,0.9971094131469727,0.0,0.0,0.0,0.0,0.0,0.0,0.0
0.0,0.0,0.996943473815918,0.0,0.0,0.0,0.0,0.0,0.0,0.0
0.0,0.0,0.9978847503662109,0.0,0.0,0.0,0.0,0.0,0.0,0.0
0.0,0.0,0.9982719421386719,0.0,0.0,0.0,0.0,0.0,0.0,0.0
0.0,0.0,0.9961986541748047,0.0,0.0,0.0,0.0,0.0,0.0,0.0
0.0,0.0,0.9982452392578125,0.0,0.0,0.0,0.0,0.0,0.0,0.0
0.0,0.0,0.9984903335571289,0.0,0.0,0.0,0.0,0.0,0.0,0.0
0.0,0.0,0.9979391098022461,0.0,0.0,0.0,0.0,0.0,0.0,0.0
0.0,0.0,0.9982585906982422,0.0,0.0,0.0,0.0,0.0,0.0,0.0
0.0,0.0,0.9988327026367188,0.0,0.0,0.0,0.0,0.0,0.0,0.0
0.0,0.0,0.9986057281494141,0.0,0.0,0.0,0.0,0.0,0.0,0.0
0.0,0.0,0.9978199005126953,0.0,0.0,0.0,0.0,0.0,0.0,0.0
0.0,0.0,0.9980669021606445,0.0,0.0,0.0,0.0,0.0,0.0,0.0
0.0,0.0,0.9975547790527344,0.0,0.0,0.0,0.0,0.0,0.0,0.0
0.0,0.0,0.998051643371582,0.0,0.0,0.0,0.0,0.0,0.0,0.0
0.0,0.0,0.9983921051025391,0.0,0.0,0.0,0.0,0.0,0.0,0.0
0.0,0.0,0.9973850250244141,0.0,0.0,0.0,0.0,0.0,0.0,0.0
0.0,0.0,0.9984750747680664,0.0,0.0,0.0,0.0,0.0,0.0,0.0
0.0,0.0,0.9979944229125977,0.0,0.0,0.0,0.0,0.0,0.0,0.0
0.0,0.0,0.9987058639526367,0.0,0.0,0.0,0.0,0.0,0.0,0.0
0.0,0.0,0.9993133544921875,0.0,0.0,0.0,0.0,0.0,0.0,0.0
0.0,0.0,0.9995050430297852,0.0,0.0,0.0,0.0,0.0,0.0,0.0
0.0,0.0,0.9985446929931641,0.0,0.0,0.0,0.0,0.0,0.0,0.0
0.0,0.0,0.9993410110473633,0.0,0.0,0.0,0.0,0.0,0.0,0.0
0.0,0.0,0.9998788833618164,0.0,0.0,0.0,0.0,0.0,0.0,0.0
0.0,0.0,0.9992332458496094,0.0,0.0,0.0,0.0,0.0,0.0,0.0
0.0,0.0,0.9981527328491211,0.0,0.0,0.0,0.0,0.0,0.0,0.0
0.0,0.0,0.9993572235107422,0.0,0.0,0.0,0.0,0.0,0.0,0.0
0.0,0.0,0.9992218017578125,0.0,0.0,0.0,0.0,0.0,0.0,0.0
0.0,0.0,0.9990787506103516,0.0,0.0,0.0,0.0,0.0,0.0,0.0
0.0,0.0,0.9997615814208984,0.0,0.0,0.0,0.0,0.0,0.0,0.0
0.0,0.0,0.9941596984863281,0.0,0.0,0.0,0.0,0.0,0.0,0.0
0.0,0.0,0.9959449768066406,0.0,0.0,0.0,0.0,0.0,0.0,0.0
0.0,0.0,0.9949741363525391,0.0,0.0,0.0,0.0,0.0,0.0,0.0
0.0,0.0,0.9948902130126953,0.0,0.0,0.0,0.0,0.0,0.0,0.0
0.0,0.0,0.9960784912109375,0.0,0.0,0.0,0.0,0.0,0.0,0.0
0.0,0.0,0.9960718154907227,0.0,0.0,0.0,0.0,0.0,0.0,0.0
0.0,0.0,0.9949378967285156,0.0,0.0,0.0,0.0,0.0,0.0,0.0
0.0,0.0,0.9949426651000977,0.0,0.0,0.0,0.0,0.0,0.0,0.0
0.0,0.0,0.9948406219482422,0.0,0.0,0.0,0.0,0.0,0.0,0.0
0.0,0.0,0.9951267242431641,0.0,0.0,0.0,0.0,0.0,0.0,0.0
0.0,0.0,0.994969367980957,0.0,0.0,0.0,0.0,0.0,0.0,0.0
0.0,0.0,0.9960432052612305,0.0,0.0,0.0,0.0,0.0,0.0,0.0
0.0,0.0,0.9949893951416016,0.0,0.0,0.0,0.0,0.0,0.0,0.0
0.0,0.0,0.9950618743896484,0.0,0.0,0.0,0.0,0.0,0.0,0.0
0.0,0.0,0.9952735900878906,0.0,0.0,0.0,0.0,0.0,0.0,0.0
0.0,0.0,0.9950132369995117,0.0,0.0,0.0,0.0,0.0,0.0,0.0
0.0,0.0,0.9961528778076172,0.0,0.0,0.0,0.0,0.0,0.0,0.0
0.0,0.0,0.9947719573974609,0.0,0.0,0.0,0.0,0.0,0.0,0.0
0.0,0.0,0.9959611892700195,0.0,0.0,0.0,0.0,0.0,0.0,0.0
0.0,0.0,0.9949979782104492,0.0,0.0,0.0,0.0,0.0,0.0,0.0
0.0,0.0,0.9949922561645508,0.0,0.0,0.0,0.0,0.0,0.0,0.0
0.0,0.0,0.9959888458251953,0.0,0.0,0.0,0.0,0.0,0.0,0.0
0.0,0.0,0.9962577819824219,0.0,0.0,0.0,0.0,0.0,0.0,0.0
0.0,0.0,0.9959278106689453,0.0,0.0,0.0,0.0,0.0,0.0,0.0
0.0,0.0,0.9950885772705078,0.0,0.0,0.0,0.0,0.0,0.0,0.0
0.7912694430506774,0.8834733893557423,0.999603271484375,0.9943253467843631,0.7948588709677419,0.7912694430506774,0.8834733893557423,0.9943253467843631,0.7948588709677419,1.0
0.0,0.0,0.98004150390625,0.0,0.0,0.0,0.0,0.0,0.0,0.0
0.0,0.0,0.9925699234008789,0.0,0.0,0.0,0.0,0.0,0.0,0.0
0.0,0.0,0.9925613403320312,0.0,0.0,0.0,0.0,0.0,0.0,0.0
0.0,0.0,0.9957637786865234,0.0,0.0,0.0,0.0,0.0,0.0,0.0
0.0,0.0,0.998051643371582,0.0,0.0,0.0,0.0,0.0,0.0,0.0
0.0,0.0,0.9988431930541992,0.0,0.0,0.0,0.0,0.0,0.0,0.0
0.0,0.0,0.9982070922851562,0.0,0.0,0.0,0.0,0.0,0.0,0.0
0.0,0.0,0.9988040924072266,0.0,0.0,0.0,0.0,0.0,0.0,0.0
0.0,0.0,0.9980258941650391,0.0,0.0,0.0,0.0,0.0,0.0,0.0
0.0,0.0,0.9993190765380859,0.0,0.0,0.0,0.0,0.0,0.0,0.0
0.0,0.0,0.9976711273193359,0.0,0.0,0.0,0.0,0.0,0.0,0.0
0.0,0.0,0.9992647171020508,0.0,0.0,0.0,0.0,0.0,0.0,0.0
0.0,0.0,0.9981575012207031,0.0,0.0,0.0,0.0,0.0,0.0,0.0
0.0,0.0,0.9997043609619141,0.0,0.0,0.0,0.0,0.0,0.0,0.0
0.0,0.0,0.9992971420288086,0.0,0.0,0.0,0.0,0.0,0.0,0.0
0.0,0.0,0.988184928894043,0.0,0.0,0.0,0.0,0.0,0.0,0.0
0.0,0.0,0.9884653091430664,0.0,0.0,0.0,0.0,0.0,0.0,0.0
0.0,0.0,0.9951210021972656,0.0,0.0,0.0,0.0,0.0,0.0,0.0
0.0,0.0,0.9949760437011719,0.0,0.0,0.0,0.0,0.0,0.0,0.0
0.0,0.0,0.9954919815063477,0.0,0.0,0.0,0.0,0.0,0.0,0.0
0.0,0.0,0.9907217025756836,0.0,0.0,0.0,0.0,0.0,0.0,0.0
0.9645826917154297,0.9819720959398025,0.9998903274536133,0.9898862199747156,0.9741835147744946,0.9645826917154297,0.9819720959398025,0.9898862199747156,0.9741835147744946,1.0
0.0,0.0,0.9948482513427734,0.0,0.0,0.0,0.0,0.0,0.0,0.0
0.0,0.0,0.9952468872070312,0.0,0.0,0.0,0.0,0.0,0.0,0.0
0.0,0.0,0.9966535568237305,0.0,0.0,0.0,0.0,0.0,0.0,0.0
0.0,0.0,0.9962787628173828,0.0,0.0,0.0,0.0,0.0,0.0,0.0
0.0,0.0,0.9951066970825195,0.0,0.0,0.0,0.0,0.0,0.0,0.0
0.0,0.0,0.9945898056030273,0.0,0.0,0.0,0.0,0.0,0.0,0.0
0.0,0.0,0.9967422485351562,0.0,0.0,0.0,0.0,0.0,0.0,0.0
0.0,0.0,0.9951505661010742,0.0,0.0,0.0,0.0,0.0,0.0,0.0
0.0,0.0,0.9954938888549805,0.0,0.0,0.0,0.0,0.0,0.0,0.0
0.0,0.0,0.9956483840942383,0.0,0.0,0.0,0.0,0.0,0.0,0.0
0.0,0.0,0.9960165023803711,0.0,0.0,0.0,0.0,0.0,0.0,0.0
0.0,0.0,0.995849609375,0.0,0.0,0.0,0.0,0.0,0.0,0.0
0.0,0.0,0.9955844879150391,0.0,0.0,0.0,0.0,0.0,0.0,0.0
0.0,0.0,0.9841556549072266,0.0,0.0,0.0,0.0,0.0,0.0,0.0
0.0,0.0,0.9950990676879883,0.0,0.0,0.0,0.0,0.0,0.0,0.0
0.0,0.0,0.9964227676391602,0.0,0.0,0.0,0.0,0.0,0.0,0.0
0.0,0.0,0.9951887130737305,0.0,0.0,0.0,0.0,0.0,0.0,0.0
0.0,0.0,0.9955768585205078,0.0,0.0,0.0,0.0,0.0,0.0,0.0
0.0,0.0,0.9963560104370117,0.0,0.0,0.0,0.0,0.0,0.0,0.0
0.0,0.0,0.9961681365966797,0.0,0.0,0.0,0.0,0.0,0.0,0.0
0.0,0.0,0.9956769943237305,0.0,0.0,0.0,0.0,0.0,0.0,0.0
0.0,0.0,0.9963397979736328,0.0,0.0,0.0,0.0,0.0,0.0,0.0
0.0,0.0,0.9959211349487305,0.0,0.0,0.0,0.0,0.0,0.0,0.0
0.0,0.0,0.9963541030883789,0.0,0.0,0.0,0.0,0.0,0.0,0.0
0.0,0.0,0.9954299926757812,0.0,0.0,0.0,0.0,0.0,0.0,0.0
0.0,0.0,0.9963521957397461,0.0,0.0,0.0,0.0,0.0,0.0,0.0
0.0,0.0,0.9961643218994141,0.0,0.0,0.0,0.0,0.0,0.0,0.0
0.0,0.0,0.9953413009643555,0.0,0.0,0.0,0.0,0.0,0.0,0.0
0.0,0.0,0.9959278106689453,0.0,0.0,0.0,0.0,0.0,0.0,0.0
0.0,0.0,0.9960002899169922,0.0,0.0,0.0,0.0,0.0,0.0,0.0
0.0,0.0,0.9958925247192383,0.0,0.0,0.0,0.0,0.0,0.0,0.0
0.0,0.0,0.9979143142700195,0.0,0.0,0.0,0.0,0.0,0.0,0.0
0.0,0.0,0.9964532852172852,0.0,0.0,0.0,0.0,0.0,0.0,0.0
0.0,0.0,0.9967966079711914,0.0,0.0,0.0,0.0,0.0,0.0,0.0
0.0,0.0,0.9979181289672852,0.0,0.0,0.0,0.0,0.0,0.0,0.0
0.0,0.0,0.9975395202636719,0.0,0.0,0.0,0.0,0.0,0.0,0.0
0.0,0.0,0.9962987899780273,0.0,0.0,0.0,0.0,0.0,0.0,0.0
0.0,0.0,0.9925727844238281,0.0,0.0,0.0,0.0,0.0,0.0,0.0
0.8480599934789697,0.9177840508115738,0.9995555877685547,0.9594245665805976,0.8796077105174163,0.8480599934789697,0.9177840508115738,0.9594245665805976,0.8796077105174163,1.0
0.0,0.0,0.9780311584472656,0.0,0.0,0.0,0.0,0.0,0.0,0.0
0.0,0.0,0.995152473449707,0.0,0.0,0.0,0.0,0.0,0.0,0.0
0.0,0.0,0.9979057312011719,0.0,0.0,0.0,0.0,0.0,0.0,0.0
0.0,0.0,0.9970674514770508,0.0,0.0,0.0,0.0,0.0,0.0,0.0
0.0,0.0,0.9948749542236328,0.0,0.0,0.0,0.0,0.0,0.0,0.0
0.0,0.0,0.9978742599487305,0.0,0.0,0.0,0.0,0.0,0.0,0.0
0.0,0.0,0.997675895690918,0.0,0.0,0.0,0.0,0.0,0.0,0.0
0.0,0.0,0.9967679977416992,0.0,0.0,0.0,0.0,0.0,0.0,0.0
0.0,0.0,0.9962244033813477,0.0,0.0,0.0,0.0,0.0,0.0,0.0
0.0,0.0,0.9970827102661133,0.0,0.0,0.0,0.0,0.0,0.0,0.0
0.0,0.0,0.9971408843994141,0.0,0.0,0.0,0.0,0.0,0.0,0.0
0.0,0.0,0.9968481063842773,0.0,0.0,0.0,0.0,0.0,0.0,0.0
0.0,0.0,0.9976806640625,0.0,0.0,0.0,0.0,0.0,0.0,0.0
0.0,0.0,0.9969367980957031,0.0,0.0,0.0,0.0,0.0,0.0,0.0
0.0,0.0,0.9974851608276367,0.0,0.0,0.0,0.0,0.0,0.0,0.0
0.0,0.0,0.9966945648193359,0.0,0.0,0.0,0.0,0.0,0.0,0.0
0.0,0.0,0.9975709915161133,0.0,0.0,0.0,0.0,0.0,0.0,0.0
0.0,0.0,0.9974269866943359,0.0,0.0,0.0,0.0,0.0,0.0,0.0
0.0,0.0,0.9976520538330078,0.0,0.0,0.0,0.0,0.0,0.0,0.0
0.0,0.0,0.9975347518920898,0.0,0.0,0.0,0.0,0.0,0.0,0.0
0.0,0.0,0.99737548828125,0.0,0.0,0.0,0.0,0.0,0.0,0.0
0.0,0.0,0.9971218109130859,0.0,0.0,0.0,0.0,0.0,0.0,0.0
0.0,0.0,0.9966840744018555,0.0,0.0,0.0,0.0,0.0,0.0,0.0
0.0,0.0,0.99713134765625,0.0,0.0,0.0,0.0,0.0,0.0,0.0
0.0,0.0,0.9975881576538086,0.0,0.0,0.0,0.0,0.0,0.0,0.0
0.0,0.0,0.9984617233276367,0.0,0.0,0.0,0.0,0.0,0.0,0.0
0.0,0.0,0.9989395141601562,0.0,0.0,0.0,0.0,0.0,0.0,0.0
0.0,0.0,0.9974803924560547,0.0,0.0,0.0,0.0,0.0,0.0,0.0
0.0,0.0,0.9985361099243164,0.0,0.0,0.0,0.0,0.0,0.0,0.0
0.0,0.0,0.9989433288574219,0.0,0.0,0.0,0.0,0.0,0.0,0.0
0.0,0.0,0.9984006881713867,0.0,0.0,0.0,0.0,0.0,0.0,0.0
0.0,0.0,0.9982595443725586,0.0,0.0,0.0,0.0,0.0,0.0,0.0
0.0,0.0,0.9989814758300781,0.0,0.0,0.0,0.0,0.0,0.0,0.0
0.0,0.0,0.9984369277954102,0.0,0.0,0.0,0.0,0.0,0.0,0.0
0.0,0.0,0.9989910125732422,0.0,0.0,0.0,0.0,0.0,0.0,0.0
0.0,0.0,0.9986076354980469,0.0,0.0,0.0,0.0,0.0,0.0,0.0
0.598159509202454,0.7485604606525912,0.9996252059936523,0.9948979591836735,0.6,0.598159509202454,0.7485604606525912,0.9948979591836735,0.6,1.0
0.0,0.0,0.9963722229003906,0.0,0.0,0.0,0.0,0.0,0.0,0.0
0.0,0.0,0.9977092742919922,0.0,0.0,0.0,0.0,0.0,0.0,0.0
0.0,0.0,0.997654914855957,0.0,0.0,0.0,0.0,0.0,0.0,0.0
0.0,0.0,0.9967498779296875,0.0,0.0,0.0,0.0,0.0,0.0,0.0
0.0,0.0,0.9960613250732422,0.0,0.0,0.0,0.0,0.0,0.0,0.0
0.0,0.0,0.9974842071533203,0.0,0.0,0.0,0.0,0.0,0.0,0.0
0.0,0.0,0.9981775283813477,0.0,0.0,0.0,0.0,0.0,0.0,0.0
0.0,0.0,0.9978265762329102,0.0,0.0,0.0,0.0,0.0,0.0,0.0
0.0,0.0,0.9980154037475586,0.0,0.0,0.0,0.0,0.0,0.0,0.0
0.0,0.0,0.9983444213867188,0.0,0.0,0.0,0.0,0.0,0.0,0.0
0.0,0.0,0.9970340728759766,0.0,0.0,0.0,0.0,0.0,0.0,0.0
0.0,0.0,0.9977884292602539,0.0,0.0,0.0,0.0,0.0,0.0,0.0
0.0,0.0,0.9975395202636719,0.0,0.0,0.0,0.0,0.0,0.0,0.0
0.0,0.0,0.9992046356201172,0.0,0.0,0.0,0.0,0.0,0.0,0.0
0.0,0.0,0.9992494583129883,0.0,0.0,0.0,0.0,0.0,0.0,0.0
0.0,0.0,0.9980678558349609,0.0,0.0,0.0,0.0,0.0,0.0,0.0
0.0,0.0,0.999211311340332,0.0,0.0,0.0,0.0,0.0,0.0,0.0
0.0,0.0,0.9991397857666016,0.0,0.0,0.0,0.0,0.0,0.0,0.0
0.0,0.0,0.99945068359375,0.0,0.0,0.0,0.0,0.0,0.0,0.0
0.0,0.0,0.9986763000488281,0.0,0.0,0.0,0.0,0.0,0.0,0.0
0.0,0.0,0.9991025924682617,0.0,0.0,0.0,0.0,0.0,0.0,0.0
0.0,0.0,0.9981918334960938,0.0,0.0,0.0,0.0,0.0,0.0,0.0
0.0,0.0,0.9980869293212891,0.0,0.0,0.0,0.0,0.0,0.0,0.0
0.0,0.0,0.9987249374389648,0.0,0.0,0.0,0.0,0.0,0.0,0.0
0.0,0.0,0.9975814819335938,0.0,0.0,0.0,0.0,0.0,0.0,0.0
0.0,0.0,0.9981050491333008,0.0,0.0,0.0,0.0,0.0,0.0,0.0
0.0,0.0,0.9973421096801758,0.0,0.0,0.0,0.0,0.0,0.0,0.0
0.0,0.0,0.9979887008666992,0.0,0.0,0.0,0.0,0.0,0.0,0.0
0.0,0.0,0.997889518737793,0.0,0.0,0.0,0.0,0.0,0.0,0.0
0.0,0.0,0.9980039596557617,0.0,0.0,0.0,0.0,0.0,0.0,0.0
0.0,0.0,0.9982471466064453,0.0,0.0,0.0,0.0,0.0,0.0,0.0
0.0,0.0,0.9979734420776367,0.0,0.0,0.0,0.0,0.0,0.0,0.0
0.0,0.0,0.9979391098022461,0.0,0.0,0.0,0.0,0.0,0.0,0.0
0.0,0.0,0.9986143112182617,0.0,0.0,0.0,0.0,0.0,0.0,0.0
0.0,0.0,0.9981451034545898,0.0,0.0,0.0,0.0,0.0,0.0,0.0
0.0,0.0,0.9985284805297852,0.0,0.0,0.0,0.0,0.0,0.0,0.0
0.0,0.0,0.9977998733520508,0.0,0.0,0.0,0.0,0.0,0.0,0.0
0.0,0.0,0.9986734390258789,0.0,0.0,0.0,0.0,0.0,0.0,0.0
0.0,0.0,0.9987993240356445,0.0,0.0,0.0,0.0,0.0,0.0,0.0
0.0,0.0,0.9990472793579102,0.0,0.0,0.0,0.0,0.0,0.0,0.0
0.0,0.0,0.9983577728271484,0.0,0.0,0.0,0.0,0.0,0.0,0.0
0.0,0.0,0.9983234405517578,0.0,0.0,0.0,0.0,0.0,0.0,0.0
0.0,0.0,0.9992208480834961,0.0,0.0,0.0,0.0,0.0,0.0,0.0
0.0,0.0,0.9983148574829102,0.0,0.0,0.0,0.0,0.0,0.0,0.0
0.0,0.0,0.9983415603637695,0.0,0.0,0.0,0.0,0.0,0.0,0.0
0.0,0.0,0.9984598159790039,0.0,0.0,0.0,0.0,0.0,0.0,0.0
0.0,0.0,0.9980688095092773,0.0,0.0,0.0,0.0,0.0,0.0,0.0
0.0,0.0,0.9993982315063477,0.0,0.0,0.0,0.0,0.0,0.0,0.0
0.0,0.0,0.9990882873535156,0.0,0.0,0.0,0.0,0.0,0.0,0.0
0.0,0.0,0.998591423034668,0.0,0.0,0.0,0.0,0.0,0.0,0.0
0.0,0.0,0.9996967315673828,0.0,0.0,0.0,0.0,0.0,0.0,0.0
0.0,0.0,0.9983282089233398,0.0,0.0,0.0,0.0,0.0,0.0,0.0
0.0,0.0,0.9982738494873047,0.0,0.0,0.0,0.0,0.0,0.0,0.0
0.0,0.0,0.9987640380859375,0.0,0.0,0.0,0.0,0.0,0.0,0.0
0.0,0.0,0.9990739822387695,0.0,0.0,0.0,0.0,0.0,0.0,0.0
0.0,0.0,0.9997224807739258,0.0,0.0,0.0,0.0,0.0,0.0,0.0
0.0,0.0,0.9986019134521484,0.0,0.0,0.0,0.0,0.0,0.0,0.0
0.0,0.0,0.9984102249145508,0.0,0.0,0.0,0.0,0.0,0.0,0.0
0.0,0.0,0.9989500045776367,0.0,0.0,0.0,0.0,0.0,0.0,0.0
0.0,0.0,0.9985027313232422,0.0,0.0,0.0,0.0,0.0,0.0,0.0
0.0,0.0,0.9994163513183594,0.0,0.0,0.0,0.0,0.0,0.0,0.0
0.0,0.0,0.9983310699462891,0.0,0.0,0.0,0.0,0.0,0.0,0.0
0.0,0.0,0.9985952377319336,0.0,0.0,0.0,0.0,0.0,0.0,0.0
0.0,0.0,0.998600959777832,0.0,0.0,0.0,0.0,0.0,0.0,0.0
0.0,0.0,0.9986248016357422,0.0,0.0,0.0,0.0,0.0,0.0,0.0
0.0,0.0,0.998478889465332,0.0,0.0,0.0,0.0,0.0,0.0,0.0
0.0,0.0,0.9973869323730469,0.0,0.0,0.0,0.0,0.0,0.0,0.0
0.0,0.0,0.9984855651855469,0.0,0.0,0.0,0.0,0.0,0.0,0.0
0.0,0.0,0.9983081817626953,0.0,0.0,0.0,0.0,0.0,0.0,0.0
0.0,0.0,0.9993391036987305,0.0,0.0,0.0,0.0,0.0,0.0,0.0
0.0,0.0,0.9960718154907227,0.0,0.0,0.0,0.0,0.0,0.0,0.0
0.0,0.0,0.995701789855957,0.0,0.0,0.0,0.0,0.0,0.0,0.0
0.0,0.0,0.9962453842163086,0.0,0.0,0.0,0.0,0.0,0.0,0.0
0.0,0.0,0.9940853118896484,0.0,0.0,0.0,0.0,0.0,0.0,0.0
0.0,0.0,0.9966230392456055,0.0,0.0,0.0,0.0,0.0,0.0,0.0
0.0,0.0,0.9969139099121094,0.0,0.0,0.0,0.0,0.0,0.0,0.0
0.0,0.0,0.9963912963867188,0.0,0.0,0.0,0.0,0.0,0.0,0.0
0.0,0.0,0.9971590042114258,0.0,0.0,0.0,0.0,0.0,0.0,0.0
0.0,0.0,0.997471809387207,0.0,0.0,0.0,0.0,0.0,0.0,0.0
0.0,0.0,0.9968299865722656,0.0,0.0,0.0,0.0,0.0,0.0,0.0
0.0,0.0,0.9971790313720703,0.0,0.0,0.0,0.0,0.0,0.0,0.0
0.0,0.0,0.9971818923950195,0.0,0.0,0.0,0.0,0.0,0.0,0.0
0.0,0.0,0.9980430603027344,0.0,0.0,0.0,0.0,0.0,0.0,0.0
0.0,0.0,0.9970331192016602,0.0,0.0,0.0,0.0,0.0,0.0,0.0
0.0,0.0,0.9985008239746094,0.0,0.0,0.0,0.0,0.0,0.0,0.0
0.0,0.0,0.9970455169677734,0.0,0.0,0.0,0.0,0.0,0.0,0.0
0.0,0.0,0.9956207275390625,0.0,0.0,0.0,0.0,0.0,0.0,0.0
0.0,0.0,0.9965019226074219,0.0,0.0,0.0,0.0,0.0,0.0,0.0
0.0,0.0,0.9966030120849609,0.0,0.0,0.0,0.0,0.0,0.0,0.0
0.0,0.0,0.998138427734375,0.0,0.0,0.0,0.0,0.0,0.0,0.0
0.0,0.0,0.9986391067504883,0.0,0.0,0.0,0.0,0.0,0.0,0.0
0.0,0.0,0.9980621337890625,0.0,0.0,0.0,0.0,0.0,0.0,0.0
0.0,0.0,0.9984111785888672,0.0,0.0,0.0,0.0,0.0,0.0,0.0
0.0,0.0,0.9980649948120117,0.0,0.0,0.0,0.0,0.0,0.0,0.0
0.0,0.0,0.9983491897583008,0.0,0.0,0.0,0.0,0.0,0.0,0.0
0.0,0.0,0.9976110458374023,0.0,0.0,0.0,0.0,0.0,0.0,0.0
0.0,0.0,0.9977817535400391,0.0,0.0,0.0,0.0,0.0,0.0,0.0
0.0,0.0,0.9986286163330078,0.0,0.0,0.0,0.0,0.0,0.0,0.0
0.0,0.0,0.9986000061035156,0.0,0.0,0.0,0.0,0.0,0.0,0.0
0.0,0.0,0.9974050521850586,0.0,0.0,0.0,0.0,0.0,0.0,0.0
0.0,0.0,0.9990110397338867,0.0,0.0,0.0,0.0,0.0,0.0,0.0
0.0,0.0,0.998438835144043,0.0,0.0,0.0,0.0,0.0,0.0,0.0
0.0,0.0,0.9982538223266602,0.0,0.0,0.0,0.0,0.0,0.0,0.0
0.0,0.0,0.998997688293457,0.0,0.0,0.0,0.0,0.0,0.0,0.0
0.0,0.0,0.9988222122192383,0.0,0.0,0.0,0.0,0.0,0.0,0.0
0.0,0.0,0.998992919921875,0.0,0.0,0.0,0.0,0.0,0.0,0.0
0.0,0.0,0.9988508224487305,0.0,0.0,0.0,0.0,0.0,0.0,0.0
0.0,0.0,0.9985313415527344,0.0,0.0,0.0,0.0,0.0,0.0,0.0
0.0,0.0,0.9990339279174805,0.0,0.0,0.0,0.0,0.0,0.0,0.0
0.0,0.0,0.9985036849975586,0.0,0.0,0.0,0.0,0.0,0.0,0.0
0.0,0.0,0.9990081787109375,0.0,0.0,0.0,0.0,0.0,0.0,0.0
0.0,0.0,0.9989938735961914,0.0,0.0,0.0,0.0,0.0,0.0,0.0
0.0,0.0,0.999359130859375,0.0,0.0,0.0,0.0,0.0,0.0,0.0
0.0,0.0,0.9993820190429688,0.0,0.0,0.0,0.0,0.0,0.0,0.0
0.0,0.0,0.9941444396972656,0.0,0.0,0.0,0.0,0.0,0.0,0.0
0.0,0.0,0.9967451095581055,0.0,0.0,0.0,0.0,0.0,0.0,0.0
0.0,0.0,0.9957180023193359,0.0,0.0,0.0,0.0,0.0,0.0,0.0
0.0,0.0,0.9977903366088867,0.0,0.0,0.0,0.0,0.0,0.0,0.0
0.0,0.0,0.9979887008666992,0.0,0.0,0.0,0.0,0.0,0.0,0.0
0.0,0.0,0.9977054595947266,0.0,0.0,0.0,0.0,0.0,0.0,0.0
0.7185929648241206,0.8362573099415205,0.9998931884765625,0.9315960912052117,0.7586206896551724,0.7185929648241206,0.8362573099415205,0.9315960912052117,0.7586206896551724,1.0
0.0,0.0,0.9977912902832031,0.0,0.0,0.0,0.0,0.0,0.0,0.0
0.0,0.0,0.9863395690917969,0.0,0.0,0.0,0.0,0.0,0.0,0.0
0.0,0.0,0.9991645812988281,0.0,0.0,0.0,0.0,0.0,0.0,0.0
0.0,0.0,0.9987516403198242,0.0,0.0,0.0,0.0,0.0,0.0,0.0
0.0,0.0,0.9989023208618164,0.0,0.0,0.0,0.0,0.0,0.0,0.0
0.0,0.0,0.9990634918212891,0.0,0.0,0.0,0.0,0.0,0.0,0.0
0.0,0.0,0.9962654113769531,0.0,0.0,0.0,0.0,0.0,0.0,0.0
0.0,0.0,0.9970569610595703,0.0,0.0,0.0,0.0,0.0,0.0,0.0
0.0,0.0,0.9985227584838867,0.0,0.0,0.0,0.0,0.0,0.0,0.0
0.0,0.0,0.9965200424194336,0.0,0.0,0.0,0.0,0.0,0.0,0.0
0.0,0.0,0.9965362548828125,0.0,0.0,0.0,0.0,0.0,0.0,0.0
0.0,0.0,0.9979610443115234,0.0,0.0,0.0,0.0,0.0,0.0,0.0
0.0,0.0,0.9985942840576172,0.0,0.0,0.0,0.0,0.0,0.0,0.0
0.0,0.0,0.9984683990478516,0.0,0.0,0.0,0.0,0.0,0.0,0.0
0.0,0.0,0.9990959167480469,0.0,0.0,0.0,0.0,0.0,0.0,0.0
0.0,0.0,0.9970264434814453,0.0,0.0,0.0,0.0,0.0,0.0,0.0
0.0,0.0,0.9984645843505859,0.0,0.0,0.0,0.0,0.0,0.0,0.0
0.0,0.0,0.9984817504882812,0.0,0.0,0.0,0.0,0.0,0.0,0.0
0.0,0.0,0.9985160827636719,0.0,0.0,0.0,0.0,0.0,0.0,0.0
0.0,0.0,0.9986371994018555,0.0,0.0,0.0,0.0,0.0,0.0,0.0
0.0,0.0,0.9983730316162109,0.0,0.0,0.0,0.0,0.0,0.0,0.0
0.0,0.0,0.9984397888183594,0.0,0.0,0.0,0.0,0.0,0.0,0.0
0.0,0.0,0.9991035461425781,0.0,0.0,0.0,0.0,0.0,0.0,0.0
0.0,0.0,0.9985017776489258,0.0,0.0,0.0,0.0,0.0,0.0,0.0
0.0,0.0,0.9984302520751953,0.0,0.0,0.0,0.0,0.0,0.0,0.0
0.0,0.0,0.9984931945800781,0.0,0.0,0.0,0.0,0.0,0.0,0.0
0.0,0.0,0.998499870300293,0.0,0.0,0.0,0.0,0.0,0.0,0.0
0.0,0.0,0.9985561370849609,0.0,0.0,0.0,0.0,0.0,0.0,0.0
0.0,0.0,0.9987363815307617,0.0,0.0,0.0,0.0,0.0,0.0,0.0
0.0,0.0,0.9981327056884766,0.0,0.0,0.0,0.0,0.0,0.0,0.0
0.0,0.0,0.9985342025756836,0.0,0.0,0.0,0.0,0.0,0.0,0.0
0.0,0.0,0.9984683990478516,0.0,0.0,0.0,0.0,0.0,0.0,0.0
0.0,0.0,0.9986391067504883,0.0,0.0,0.0,0.0,0.0,0.0,0.0
0.0,0.0,0.9985780715942383,0.0,0.0,0.0,0.0,0.0,0.0,0.0
0.0,0.0,0.9989070892333984,0.0,0.0,0.0,0.0,0.0,0.0,0.0
0.0,0.0,0.9990835189819336,0.0,0.0,0.0,0.0,0.0,0.0,0.0
0.0,0.0,0.9978704452514648,0.0,0.0,0.0,0.0,0.0,0.0,0.0
0.0,0.0,0.9985809326171875,0.0,0.0,0.0,0.0,0.0,0.0,0.0
0.0,0.0,0.9985342025756836,0.0,0.0,0.0,0.0,0.0,0.0,0.0
0.0,0.0,0.9984836578369141,0.0,0.0,0.0,0.0,0.0,0.0,0.0
0.0,0.0,0.9984531402587891,0.0,0.0,0.0,0.0,0.0,0.0,0.0
0.0,0.0,0.9985189437866211,0.0,0.0,0.0,0.0,0.0,0.0,0.0
0.0,0.0,0.9985771179199219,0.0,0.0,0.0,0.0,0.0,0.0,0.0
0.0,0.0,0.9985532760620117,0.0,0.0,0.0,0.0,0.0,0.0,0.0
0.0,0.0,0.9984350204467773,0.0,0.0,0.0,0.0,0.0,0.0,0.0
0.0,0.0,0.9981527328491211,0.0,0.0,0.0,0.0,0.0,0.0,0.0
0.0,0.0,0.9985332489013672,0.0,0.0,0.0,0.0,0.0,0.0,0.0
0.0,0.0,0.9985561370849609,0.0,0.0,0.0,0.0,0.0,0.0,0.0
0.0,0.0,0.9986076354980469,0.0,0.0,0.0,0.0,0.0,0.0,0.0
0.0,0.0,0.9985265731811523,0.0,0.0,0.0,0.0,0.0,0.0,0.0
0.0,0.0,0.9984865188598633,0.0,0.0,0.0,0.0,0.0,0.0,0.0
0.0,0.0,0.9985637664794922,0.0,0.0,0.0,0.0,0.0,0.0,0.0
0.0,0.0,0.998560905456543,0.0,0.0,0.0,0.0,0.0,0.0,0.0
0.0,0.0,0.9986371994018555,0.0,0.0,0.0,0.0,0.0,0.0,0.0
0.0,0.0,0.9986276626586914,0.0,0.0,0.0,0.0,0.0,0.0,0.0
0.0,0.0,0.9992074966430664,0.0,0.0,0.0,0.0,0.0,0.0,0.0
0.0,0.0,0.9981060028076172,0.0,0.0,0.0,0.0,0.0,0.0,0.0
0.0,0.0,0.9985141754150391,0.0,0.0,0.0,0.0,0.0,0.0,0.0
0.0,0.0,0.9982223510742188,0.0,0.0,0.0,0.0,0.0,0.0,0.0
0.0,0.0,0.998530387878418,0.0,0.0,0.0,0.0,0.0,0.0,0.0
0.0,0.0,0.9985923767089844,0.0,0.0,0.0,0.0,0.0,0.0,0.0
0.0,0.0,0.9991455078125,0.0,0.0,0.0,0.0,0.0,0.0,0.0
0.0,0.0,0.998927116394043,0.0,0.0,0.0,0.0,0.0,0.0,0.0
0.0,0.0,0.9982757568359375,0.0,0.0,0.0,0.0,0.0,0.0,0.0
0.0,0.0,0.9982967376708984,0.0,0.0,0.0,0.0,0.0,0.0,0.0
0.0,0.0,0.9986028671264648,0.0,0.0,0.0,0.0,0.0,0.0,0.0
0.0,0.0,0.9980697631835938,0.0,0.0,0.0,0.0,0.0,0.0,0.0
0.0,0.0,0.9983892440795898,0.0,0.0,0.0,0.0,0.0,0.0,0.0
0.0,0.0,0.9984846115112305,0.0,0.0,0.0,0.0,0.0,0.0,0.0
0.0,0.0,0.9991664886474609,0.0,0.0,0.0,0.0,0.0,0.0,0.0
0.0,0.0,0.9984712600708008,0.0,0.0,0.0,0.0,0.0,0.0,0.0
0.0,0.0,0.9986162185668945,0.0,0.0,0.0,0.0,0.0,0.0,0.0
0.0,0.0,0.9985628128051758,0.0,0.0,0.0,0.0,0.0,0.0,0.0
0.0,0.0,0.9991559982299805,0.0,0.0,0.0,0.0,0.0,0.0,0.0
0.0,0.0,0.9986038208007812,0.0,0.0,0.0,0.0,0.0,0.0,0.0
0.0,0.0,0.9984121322631836,0.0,0.0,0.0,0.0,0.0,0.0,0.0
0.0,0.0,0.9986591339111328,0.0,0.0,0.0,0.0,0.0,0.0,0.0
0.0,0.0,0.9986381530761719,0.0,0.0,0.0,0.0,0.0,0.0,0.0
0.0,0.0,0.9985418319702148,0.0,0.0,0.0,0.0,0.0,0.0,0.0
0.0,0.0,0.998530387878418,0.0,0.0,0.0,0.0,0.0,0.0,0.0
0.0,0.0,0.9984169006347656,0.0,0.0,0.0,0.0,0.0,0.0,0.0
0.0,0.0,0.998591423034668,0.0,0.0,0.0,0.0,0.0,0.0,0.0
0.0,0.0,0.9985752105712891,0.0,0.0,0.0,0.0,0.0,0.0,0.0
0.0,0.0,0.9984989166259766,0.0,0.0,0.0,0.0,0.0,0.0,0.0
0.0,0.0,0.998321533203125,0.0,0.0,0.0,0.0,0.0,0.0,0.0
0.0,0.0,0.9985723495483398,0.0,0.0,0.0,0.0,0.0,0.0,0.0
0.0,0.0,0.9987211227416992,0.0,0.0,0.0,0.0,0.0,0.0,0.0
0.0,0.0,0.9982080459594727,0.0,0.0,0.0,0.0,0.0,0.0,0.0
0.0,0.0,0.9985561370849609,0.0,0.0,0.0,0.0,0.0,0.0,0.0
0.0,0.0,0.9991016387939453,0.0,0.0,0.0,0.0,0.0,0.0,0.0
0.0,0.0,0.998591423034668,0.0,0.0,0.0,0.0,0.0,0.0,0.0
0.0,0.0,0.9991083145141602,0.0,0.0,0.0,0.0,0.0,0.0,0.0
0.0,0.0,0.9991178512573242,0.0,0.0,0.0,0.0,0.0,0.0,0.0
0.0,0.0,0.9980869293212891,0.0,0.0,0.0,0.0,0.0,0.0,0.0
0.0,0.0,0.9984292984008789,0.0,0.0,0.0,0.0,0.0,0.0,0.0
0.0,0.0,0.9983139038085938,0.0,0.0,0.0,0.0,0.0,0.0,0.0
0.0,0.0,0.9989900588989258,0.0,0.0,0.0,0.0,0.0,0.0,0.0
0.0,0.0,0.9985942840576172,0.0,0.0,0.0,0.0,0.0,0.0,0.0
0.0,0.0,0.9983558654785156,0.0,0.0,0.0,0.0,0.0,0.0,0.0
0.0,0.0,0.9990901947021484,0.0,0.0,0.0,0.0,0.0,0.0,0.0
0.0,0.0,0.9983558654785156,0.0,0.0,0.0,0.0,0.0,0.0,0.0
0.0,0.0,0.9990215301513672,0.0,0.0,0.0,0.0,0.0,0.0,0.0
0.0,0.0,0.9985265731811523,0.0,0.0,0.0,0.0,0.0,0.0,0.0
0.0,0.0,0.9990806579589844,0.0,0.0,0.0,0.0,0.0,0.0,0.0
0.0,0.0,0.9924497604370117,0.0,0.0,0.0,0.0,0.0,0.0,0.0
0.7475609756097561,0.8555478018143754,0.9998025894165039,0.9108469539375929,0.8065789473684211,0.7475609756097561,0.8555478018143754,0.9108469539375929,0.8065789473684211,1.0
0.0,0.0,0.9926748275756836,0.0,0.0,0.0,0.0,0.0,0.0,0.0
0.7506218905472637,0.8575488454706928,0.9992351531982422,0.8852218555188852,0.8315535652772994,0.7506218905472637,0.8575488454706928,0.8852218555188852,0.8315535652772994,1.0
0.0,0.0,0.9900398254394531,0.0,0.0,0.0,0.0,0.0,0.0,0.0
0.9052502050861362,0.9502691065662002,0.9993391036987305,0.9733901793590121,0.9282209449039674,0.9052502050861362,0.9502691065662002,0.9733901793590121,0.9282209449039674,1.0
0.0,0.0,0.9835872650146484,0.0,0.0,0.0,0.0,0.0,0.0,0.0
0.0,0.0,0.9890375137329102,0.0,0.0,0.0,0.0,0.0,0.0,0.0
0.0,0.0,0.9920339584350586,0.0,0.0,0.0,0.0,0.0,0.0,0.0
0.0,0.0,0.9928340911865234,0.0,0.0,0.0,0.0,0.0,0.0,0.0
0.0,0.0,0.9891567230224609,0.0,0.0,0.0,0.0,0.0,0.0,0.0
0.0,0.0,0.9928998947143555,0.0,0.0,0.0,0.0,0.0,0.0,0.0
0.0,0.0,0.9927654266357422,0.0,0.0,0.0,0.0,0.0,0.0,0.0
0.0,0.0,0.9917411804199219,0.0,0.0,0.0,0.0,0.0,0.0,0.0
0.0,0.0,0.9920101165771484,0.0,0.0,0.0,0.0,0.0,0.0,0.0
0.0,0.0,0.9927549362182617,0.0,0.0,0.0,0.0,0.0,0.0,0.0
0.0,0.0,0.9919710159301758,0.0,0.0,0.0,0.0,0.0,0.0,0.0
0.0,0.0,0.9924383163452148,0.0,0.0,0.0,0.0,0.0,0.0,0.0
0.0,0.0,0.9921970367431641,0.0,0.0,0.0,0.0,0.0,0.0,0.0
0.0,0.0,0.9931774139404297,0.0,0.0,0.0,0.0,0.0,0.0,0.0
0.0,0.0,0.9849720001220703,0.0,0.0,0.0,0.0,0.0,0.0,0.0
0.0,0.0,0.9796276092529297,0.0,0.0,0.0,0.0,0.0,0.0,0.0
0.0,0.0,0.9881086349487305,0.0,0.0,0.0,0.0,0.0,0.0,0.0
0.0,0.0,0.9729986190795898,0.0,0.0,0.0,0.0,0.0,0.0,0.0
0.0,0.0,0.96722412109375,0.0,0.0,0.0,0.0,0.0,0.0,0.0
0.0,0.0,0.9922418594360352,0.0,0.0,0.0,0.0,0.0,0.0,0.0
0.0,0.0,0.9921302795410156,0.0,0.0,0.0,0.0,0.0,0.0,0.0
0.0,0.0,0.9881200790405273,0.0,0.0,0.0,0.0,0.0,0.0,0.0
0.0,0.0,0.9932222366333008,0.0,0.0,0.0,0.0,0.0,0.0,0.0
0.0,0.0,0.9930343627929688,0.0,0.0,0.0,0.0,0.0,0.0,0.0
0.0,0.0,0.9932785034179688,0.0,0.0,0.0,0.0,0.0,0.0,0.0
0.0,0.0,0.9930648803710938,0.0,0.0,0.0,0.0,0.0,0.0,0.0
0.0,0.0,0.9932270050048828,0.0,0.0,0.0,0.0,0.0,0.0,0.0
0.0,0.0,0.9937849044799805,0.0,0.0,0.0,0.0,0.0,0.0,0.0
0.7898401645830037,0.8825817860300619,0.9987335205078125,0.9183072677092916,0.849531914893617,0.7898401645830037,0.8825817860300619,0.9183072677092916,0.849531914893617,1.0
0.0,0.0,0.9939393997192383,0.0,0.0,0.0,0.0,0.0,0.0,0.0
0.0,0.0,0.9933319091796875,0.0,0.0,0.0,0.0,0.0,0.0,0.0
0.0,0.0,0.993922233581543,0.0,0.0,0.0,0.0,0.0,0.0,0.0
0.0,0.0,0.9939393997192383,0.0,0.0,0.0,0.0,0.0,0.0,0.0
0.0,0.0,0.9939661026000977,0.0,0.0,0.0,0.0,0.0,0.0,0.0
0.0,0.0,0.9940032958984375,0.0,0.0,0.0,0.0,0.0,0.0,0.0
0.0,0.0,0.9939231872558594,0.0,0.0,0.0,0.0,0.0,0.0,0.0
0.0,0.0,0.9932918548583984,0.0,0.0,0.0,0.0,0.0,0.0,0.0
0.0,0.0,0.9932460784912109,0.0,0.0,0.0,0.0,0.0,0.0,0.0
0.0,0.0,0.992802619934082,0.0,0.0,0.0,0.0,0.0,0.0,0.0
0.0,0.0,0.9813632965087891,0.0,0.0,0.0,0.0,0.0,0.0,0.0
0.0,0.0,0.97125244140625,0.0,0.0,0.0,0.0,0.0,0.0,0.0
0.0,0.0,0.9719858169555664,0.0,0.0,0.0,0.0,0.0,0.0,0.0
0.0,0.0,0.9753131866455078,0.0,0.0,0.0,0.0,0.0,0.0,0.0
0.0,0.0,0.9936752319335938,0.0,0.0,0.0,0.0,0.0,0.0,0.0
0.0,0.0,0.9934959411621094,0.0,0.0,0.0,0.0,0.0,0.0,0.0
0.0,0.0,0.9900321960449219,0.0,0.0,0.0,0.0,0.0,0.0,0.0
0.0,0.0,0.9942493438720703,0.0,0.0,0.0,0.0,0.0,0.0,0.0
0.0,0.0,0.9946212768554688,0.0,0.0,0.0,0.0,0.0,0.0,0.0
0.0,0.0,0.9947805404663086,0.0,0.0,0.0,0.0,0.0,0.0,0.0
0.0,0.0,0.9962024688720703,0.0,0.0,0.0,0.0,0.0,0.0,0.0
0.0,0.0,0.9962539672851562,0.0,0.0,0.0,0.0,0.0,0.0,0.0
0.0,0.0,0.9929389953613281,0.0,0.0,0.0,0.0,0.0,0.0,0.0
0.0,0.0,0.99688720703125,0.0,0.0,0.0,0.0,0.0,0.0,0.0
0.0,0.0,0.9959335327148438,0.0,0.0,0.0,0.0,0.0,0.0,0.0
0.0,0.0,0.9946451187133789,0.0,0.0,0.0,0.0,0.0,0.0,0.0
0.0,0.0,0.9939651489257812,0.0,0.0,0.0,0.0,0.0,0.0,0.0
0.0,0.0,0.9960346221923828,0.0,0.0,0.0,0.0,0.0,0.0,0.0
0.0,0.0,0.9967803955078125,0.0,0.0,0.0,0.0,0.0,0.0,0.0
0.47099447513812154,0.64037558685446,0.9985389709472656,0.9368131868131868,0.4864479315263909,0.47099447513812154,0.64037558685446,0.9368131868131868,0.4864479315263909,0.0
0.0,0.0,0.9959630966186523,0.0,0.0,0.0,0.0,0.0,0.0,0.0
0.0,0.0,0.9960422515869141,0.0,0.0,0.0,0.0,0.0,0.0,0.0
0.0,0.0,0.9969043731689453,0.0,0.0,0.0,0.0,0.0,0.0,0.0
0.0,0.0,0.9961528778076172,0.0,0.0,0.0,0.0,0.0,0.0,0.0
0.0,0.0,0.9960765838623047,0.0,0.0,0.0,0.0,0.0,0.0,0.0
0.0,0.0,0.9968185424804688,0.0,0.0,0.0,0.0,0.0,0.0,0.0
0.0,0.0,0.9961843490600586,0.0,0.0,0.0,0.0,0.0,0.0,0.0
0.0,0.0,0.9715442657470703,0.0,0.0,0.0,0.0,0.0,0.0,0.0
0.0,0.0,0.9958915710449219,0.0,0.0,0.0,0.0,0.0,0.0,0.0
0.0,0.0,0.9966287612915039,0.0,0.0,0.0,0.0,0.0,0.0,0.0
0.0,0.0,0.9956912994384766,0.0,0.0,0.0,0.0,0.0,0.0,0.0
0.0,0.0,0.9959201812744141,0.0,0.0,0.0,0.0,0.0,0.0,0.0
0.0,0.0,0.9968471527099609,0.0,0.0,0.0,0.0,0.0,0.0,0.0
0.0,0.0,0.9968023300170898,0.0,0.0,0.0,0.0,0.0,0.0,0.0
0.0,0.0,0.9959945678710938,0.0,0.0,0.0,0.0,0.0,0.0,0.0
0.0,0.0,0.9963998794555664,0.0,0.0,0.0,0.0,0.0,0.0,0.0
0.0,0.0,0.9958324432373047,0.0,0.0,0.0,0.0,0.0,0.0,0.0
0.0,0.0,0.9963436126708984,0.0,0.0,0.0,0.0,0.0,0.0,0.0
0.0,0.0,0.9930877685546875,0.0,0.0,0.0,0.0,0.0,0.0,0.0
0.0,0.0,0.9968500137329102,0.0,0.0,0.0,0.0,0.0,0.0,0.0
0.0,0.0,0.9969482421875,0.0,0.0,0.0,0.0,0.0,0.0,0.0
0.0,0.0,0.9962053298950195,0.0,0.0,0.0,0.0,0.0,0.0,0.0
0.0,0.0,0.9964799880981445,0.0,0.0,0.0,0.0,0.0,0.0,0.0
0.0,0.0,0.9957466125488281,0.0,0.0,0.0,0.0,0.0,0.0,0.0
0.0,0.0,0.9969091415405273,0.0,0.0,0.0,0.0,0.0,0.0,0.0
0.0,0.0,0.99676513671875,0.0,0.0,0.0,0.0,0.0,0.0,0.0
0.0,0.0,0.9962940216064453,0.0,0.0,0.0,0.0,0.0,0.0,0.0
0.0,0.0,0.9969396591186523,0.0,0.0,0.0,0.0,0.0,0.0,0.0
0.0,0.0,0.9968900680541992,0.0,0.0,0.0,0.0,0.0,0.0,0.0
0.0,0.0,0.9972419738769531,0.0,0.0,0.0,0.0,0.0,0.0,0.0
0.0,0.0,0.9956474304199219,0.0,0.0,0.0,0.0,0.0,0.0,0.0
0.0,0.0,0.9966011047363281,0.0,0.0,0.0,0.0,0.0,0.0,0.0
0.0,0.0,0.9957380294799805,0.0,0.0,0.0,0.0,0.0,0.0,0.0
0.0,0.0,0.9968767166137695,0.0,0.0,0.0,0.0,0.0,0.0,0.0
0.0,0.0,0.9960517883300781,0.0,0.0,0.0,0.0,0.0,0.0,0.0
0.0,0.0,0.9952402114868164,0.0,0.0,0.0,0.0,0.0,0.0,0.0
0.0,0.0,0.9953708648681641,0.0,0.0,0.0,0.0,0.0,0.0,0.0
0.0,0.0,0.9975833892822266,0.0,0.0,0.0,0.0,0.0,0.0,0.0
0.0,0.0,0.9974088668823242,0.0,0.0,0.0,0.0,0.0,0.0,0.0
0.0,0.0,0.9961366653442383,0.0,0.0,0.0,0.0,0.0,0.0,0.0
0.0,0.0,0.9962368011474609,0.0,0.0,0.0,0.0,0.0,0.0,0.0
0.0,0.0,0.998560905456543,0.0,0.0,0.0,0.0,0.0,0.0,0.0
0.0,0.0,0.9974298477172852,0.0,0.0,0.0,0.0,0.0,0.0,0.0
0.0,0.0,0.9975509643554688,0.0,0.0,0.0,0.0,0.0,0.0,0.0
0.0,0.0,0.9966039657592773,0.0,0.0,0.0,0.0,0.0,0.0,0.0
0.0,0.0,0.9962444305419922,0.0,0.0,0.0,0.0,0.0,0.0,0.0
0.0,0.0,0.9990854263305664,0.0,0.0,0.0,0.0,0.0,0.0,0.0
0.0,0.0,0.9962234497070312,0.0,0.0,0.0,0.0,0.0,0.0,0.0
0.0,0.0,0.9965143203735352,0.0,0.0,0.0,0.0,0.0,0.0,0.0
0.0,0.0,0.9978189468383789,0.0,0.0,0.0,0.0,0.0,0.0,0.0
0.0,0.0,0.9987268447875977,0.0,0.0,0.0,0.0,0.0,0.0,0.0
0.0,0.0,0.997950553894043,0.0,0.0,0.0,0.0,0.0,0.0,0.0
0.0,0.0,0.9982204437255859,0.0,0.0,0.0,0.0,0.0,0.0,0.0
0.0,0.0,0.9995613098144531,0.0,0.0,0.0,0.0,0.0,0.0,0.0
0.0,0.0,0.9973602294921875,0.0,0.0,0.0,0.0,0.0,0.0,0.0
0.0,0.0,0.9981660842895508,0.0,0.0,0.0,0.0,0.0,0.0,0.0
0.0,0.0,0.9980850219726562,0.0,0.0,0.0,0.0,0.0,0.0,0.0
0.0,0.0,0.9985456466674805,0.0,0.0,0.0,0.0,0.0,0.0,0.0
0.0,0.0,0.9981765747070312,0.0,0.0,0.0,0.0,0.0,0.0,0.0
0.0,0.0,0.9997005462646484,0.0,0.0,0.0,0.0,0.0,0.0,0.0
0.0,0.0,0.998356819152832,0.0,0.0,0.0,0.0,0.0,0.0,0.0
0.0,0.0,0.9994421005249023,0.0,0.0,0.0,0.0,0.0,0.0,0.0
0.0,0.0,0.9988784790039062,0.0,0.0,0.0,0.0,0.0,0.0,0.0
0.0,0.0,0.9995450973510742,0.0,0.0,0.0,0.0,0.0,0.0,0.0
0.0,0.0,0.9984502792358398,0.0,0.0,0.0,0.0,0.0,0.0,0.0
0.0,0.0,0.9996671676635742,0.0,0.0,0.0,0.0,0.0,0.0,0.0
0.0,0.0,0.9908971786499023,0.0,0.0,0.0,0.0,0.0,0.0,0.0
0.0,0.0,0.9904661178588867,0.0,0.0,0.0,0.0,0.0,0.0,0.0
0.0,0.0,0.9923458099365234,0.0,0.0,0.0,0.0,0.0,0.0,0.0
0.75707928802589,0.861747438701508,0.9988546371459961,0.7948609046506689,0.9409250879839115,0.75707928802589,0.861747438701508,0.7948609046506689,0.9409250879839115,1.0
0.0,0.0,0.9944019317626953,0.0,0.0,0.0,0.0,0.0,0.0,0.0
0.0,0.0,0.9951076507568359,0.0,0.0,0.0,0.0,0.0,0.0,0.0
0.0,0.0,0.9957981109619141,0.0,0.0,0.0,0.0,0.0,0.0,0.0
0.0,0.0,0.9926795959472656,0.0,0.0,0.0,0.0,0.0,0.0,0.0
0.0,0.0,0.9945077896118164,0.0,0.0,0.0,0.0,0.0,0.0,0.0
0.0,0.0,0.993896484375,0.0,0.0,0.0,0.0,0.0,0.0,0.0
0.0,0.0,0.9939184188842773,0.0,0.0,0.0,0.0,0.0,0.0,0.0
0.0,0.0,0.9948043823242188,0.0,0.0,0.0,0.0,0.0,0.0,0.0
0.0,0.0,0.9941720962524414,0.0,0.0,0.0,0.0,0.0,0.0,0.0
0.0,0.0,0.9958429336547852,0.0,0.0,0.0,0.0,0.0,0.0,0.0
0.0,0.0,0.9946975708007812,0.0,0.0,0.0,0.0,0.0,0.0,0.0
0.0,0.0,0.9942073822021484,0.0,0.0,0.0,0.0,0.0,0.0,0.0
0.0,0.0,0.9941673278808594,0.0,0.0,0.0,0.0,0.0,0.0,0.0
0.0,0.0,0.9951162338256836,0.0,0.0,0.0,0.0,0.0,0.0,0.0
0.0,0.0,0.9958982467651367,0.0,0.0,0.0,0.0,0.0,0.0,0.0
0.0,0.0,0.9948253631591797,0.0,0.0,0.0,0.0,0.0,0.0,0.0
0.0,0.0,0.994420051574707,0.0,0.0,0.0,0.0,0.0,0.0,0.0
0.0,0.0,0.9934282302856445,0.0,0.0,0.0,0.0,0.0,0.0,0.0
0.0,0.0,0.9945240020751953,0.0,0.0,0.0,0.0,0.0,0.0,0.0
0.0,0.0,0.9947872161865234,0.0,0.0,0.0,0.0,0.0,0.0,0.0
0.0,0.0,0.9958305358886719,0.0,0.0,0.0,0.0,0.0,0.0,0.0
0.0,0.0,0.9957304000854492,0.0,0.0,0.0,0.0,0.0,0.0,0.0
0.0,0.0,0.9947042465209961,0.0,0.0,0.0,0.0,0.0,0.0,0.0
0.0,0.0,0.9958200454711914,0.0,0.0,0.0,0.0,0.0,0.0,0.0
0.0,0.0,0.9957876205444336,0.0,0.0,0.0,0.0,0.0,0.0,0.0
0.0,0.0,0.9789600372314453,0.0,0.0,0.0,0.0,0.0,0.0,0.0
0.0,0.0,0.9947376251220703,0.0,0.0,0.0,0.0,0.0,0.0,0.0
0.0,0.0,0.9958095550537109,0.0,0.0,0.0,0.0,0.0,0.0,0.0
0.0,0.0,0.9958124160766602,0.0,0.0,0.0,0.0,0.0,0.0,0.0
0.0,0.0,0.9944581985473633,0.0,0.0,0.0,0.0,0.0,0.0,0.0
0.0,0.0,0.9945621490478516,0.0,0.0,0.0,0.0,0.0,0.0,0.0
0.0,0.0,0.9958295822143555,0.0,0.0,0.0,0.0,0.0,0.0,0.0
0.0,0.0,0.9957265853881836,0.0,0.0,0.0,0.0,0.0,0.0,0.0
0.0,0.0,0.9956893920898438,0.0,0.0,0.0,0.0,0.0,0.0,0.0
0.0,0.0,0.9947319030761719,0.0,0.0,0.0,0.0,0.0,0.0,0.0
0.0,0.0,0.9958229064941406,0.0,0.0,0.0,0.0,0.0,0.0,0.0
0.0,0.0,0.9957170486450195,0.0,0.0,0.0,0.0,0.0,0.0,0.0
0.0,0.0,0.9957857131958008,0.0,0.0,0.0,0.0,0.0,0.0,0.0
0.0,0.0,0.9957361221313477,0.0,0.0,0.0,0.0,0.0,0.0,0.0
0.0,0.0,0.994842529296875,0.0,0.0,0.0,0.0,0.0,0.0,0.0
0.0,0.0,0.9952182769775391,0.0,0.0,0.0,0.0,0.0,0.0,0.0
0.0,0.0,0.9950962066650391,0.0,0.0,0.0,0.0,0.0,0.0,0.0
0.0,0.0,0.9956207275390625,0.0,0.0,0.0,0.0,0.0,0.0,0.0
0.0,0.0,0.9947881698608398,0.0,0.0,0.0,0.0,0.0,0.0,0.0
0.0,0.0,0.9945192337036133,0.0,0.0,0.0,0.0,0.0,0.0,0.0
0.0,0.0,0.9946317672729492,0.0,0.0,0.0,0.0,0.0,0.0,0.0
0.0,0.0,0.9951143264770508,0.0,0.0,0.0,0.0,0.0,0.0,0.0
0.0,0.0,0.9957256317138672,0.0,0.0,0.0,0.0,0.0,0.0,0.0
0.0,0.0,0.9952583312988281,0.0,0.0,0.0,0.0,0.0,0.0,0.0
0.0,0.0,0.9947967529296875,0.0,0.0,0.0,0.0,0.0,0.0,0.0
0.0,0.0,0.9952898025512695,0.0,0.0,0.0,0.0,0.0,0.0,0.0
0.0,0.0,0.9957914352416992,0.0,0.0,0.0,0.0,0.0,0.0,0.0
0.0,0.0,0.9595727920532227,0.0,0.0,0.0,0.0,0.0,0.0,0.0
0.0,0.0,0.9557390213012695,0.0,0.0,0.0,0.0,0.0,0.0,0.0
0.0,0.0,0.9591646194458008,0.0,0.0,0.0,0.0,0.0,0.0,0.0
0.6783720597356744,0.8083691048128038,0.9871425628662109,0.9382960469873952,0.7100479424690371,0.6783720597356744,0.8083691048128038,0.9382960469873952,0.7100479424690371,1.0
0.0,0.0,0.9584150314331055,0.0,0.0,0.0,0.0,0.0,0.0,0.0
0.0,0.0,0.9582529067993164,0.0,0.0,0.0,0.0,0.0,0.0,0.0
0.0,0.0,0.9601669311523438,0.0,0.0,0.0,0.0,0.0,0.0,0.0
0.0,0.0,0.9578189849853516,0.0,0.0,0.0,0.0,0.0,0.0,0.0
0.0,0.0,0.9597043991088867,0.0,0.0,0.0,0.0,0.0,0.0,0.0
0.0,0.0,0.9583320617675781,0.0,0.0,0.0,0.0,0.0,0.0,0.0
0.0,0.0,0.9575834274291992,0.0,0.0,0.0,0.0,0.0,0.0,0.0
0.0,0.0,0.9609127044677734,0.0,0.0,0.0,0.0,0.0,0.0,0.0
0.0,0.0,0.9556121826171875,0.0,0.0,0.0,0.0,0.0,0.0,0.0
0.0,0.0,0.9567861557006836,0.0,0.0,0.0,0.0,0.0,0.0,0.0
0.0,0.0,0.9590272903442383,0.0,0.0,0.0,0.0,0.0,0.0,0.0
0.0,0.0,0.9596080780029297,0.0,0.0,0.0,0.0,0.0,0.0,0.0
0.0,0.0,0.9611797332763672,0.0,0.0,0.0,0.0,0.0,0.0,0.0
0.0,0.0,0.9603176116943359,0.0,0.0,0.0,0.0,0.0,0.0,0.0
0.0,0.0,0.9605197906494141,0.0,0.0,0.0,0.0,0.0,0.0,0.0
0.0,0.0,0.9551973342895508,0.0,0.0,0.0,0.0,0.0,0.0,0.0
0.0,0.0,0.9586734771728516,0.0,0.0,0.0,0.0,0.0,0.0,0.0
0.0,0.0,0.9605951309204102,0.0,0.0,0.0,0.0,0.0,0.0,0.0
0.0,0.0,0.9602575302124023,0.0,0.0,0.0,0.0,0.0,0.0,0.0
0.0,0.0,0.960484504699707,0.0,0.0,0.0,0.0,0.0,0.0,0.0
0.0,0.0,0.9613990783691406,0.0,0.0,0.0,0.0,0.0,0.0,0.0
0.0,0.0,0.9613323211669922,0.0,0.0,0.0,0.0,0.0,0.0,0.0
0.0,0.0,0.960759162902832,0.0,0.0,0.0,0.0,0.0,0.0,0.0
0.0,0.0,0.960820198059082,0.0,0.0,0.0,0.0,0.0,0.0,0.0
0.0,0.0,0.9613523483276367,0.0,0.0,0.0,0.0,0.0,0.0,0.0
0.0,0.0,0.9613475799560547,0.0,0.0,0.0,0.0,0.0,0.0,0.0
0.0,0.0,0.9613943099975586,0.0,0.0,0.0,0.0,0.0,0.0,0.0
0.0,0.0,0.9614133834838867,0.0,0.0,0.0,0.0,0.0,0.0,0.0
0.0,0.0,0.9612751007080078,0.0,0.0,0.0,0.0,0.0,0.0,0.0
0.0,0.0,0.9606332778930664,0.0,0.0,0.0,0.0,0.0,0.0,0.0
0.0,0.0,0.9593582153320312,0.0,0.0,0.0,0.0,0.0,0.0,0.0
0.0,0.0,0.9607563018798828,0.0,0.0,0.0,0.0,0.0,0.0,0.0
0.0,0.0,0.9607610702514648,0.0,0.0,0.0,0.0,0.0,0.0,0.0
0.0,0.0,0.9611940383911133,0.0,0.0,0.0,0.0,0.0,0.0,0.0
0.0,0.0,0.9613103866577148,0.0,0.0,0.0,0.0,0.0,0.0,0.0
0.0,0.0,0.9604167938232422,0.0,0.0,0.0,0.0,0.0,0.0,0.0
0.0,0.0,0.9605865478515625,0.0,0.0,0.0,0.0,0.0,0.0,0.0
0.0,0.0,0.9603109359741211,0.0,0.0,0.0,0.0,0.0,0.0,0.0
0.0,0.0,0.9613685607910156,0.0,0.0,0.0,0.0,0.0,0.0,0.0
0.0,0.0,0.9611711502075195,0.0,0.0,0.0,0.0,0.0,0.0,0.0
0.0,0.0,0.9603395462036133,0.0,0.0,0.0,0.0,0.0,0.0,0.0
0.0,0.0,0.9613685607910156,0.0,0.0,0.0,0.0,0.0,0.0,0.0
0.0,0.0,0.9604358673095703,0.0,0.0,0.0,0.0,0.0,0.0,0.0
0.0,0.0,0.9602718353271484,0.0,0.0,0.0,0.0,0.0,0.0,0.0
0.0,0.0,0.9602117538452148,0.0,0.0,0.0,0.0,0.0,0.0,0.0
0.0,0.0,0.9612751007080078,0.0,0.0,0.0,0.0,0.0,0.0,0.0
0.0,0.0,0.9613304138183594,0.0,0.0,0.0,0.0,0.0,0.0,0.0
0.0,0.0,0.9607677459716797,0.0,0.0,0.0,0.0,0.0,0.0,0.0
0.0,0.0,0.9613771438598633,0.0,0.0,0.0,0.0,0.0,0.0,0.0
0.0,0.0,0.9952630996704102,0.0,0.0,0.0,0.0,0.0,0.0,0.0
0.0,0.0,0.9975576400756836,0.0,0.0,0.0,0.0,0.0,0.0,0.0
0.0,0.0,0.9969758987426758,0.0,0.0,0.0,0.0,0.0,0.0,0.0
0.0,0.0,0.9983072280883789,0.0,0.0,0.0,0.0,0.0,0.0,0.0
0.0,0.0,0.9917535781860352,0.0,0.0,0.0,0.0,0.0,0.0,0.0
0.0,0.0,0.9982576370239258,0.0,0.0,0.0,0.0,0.0,0.0,0.0
0.0,0.0,0.9979753494262695,0.0,0.0,0.0,0.0,0.0,0.0,0.0
0.0,0.0,0.9959650039672852,0.0,0.0,0.0,0.0,0.0,0.0,0.0
0.0,0.0,0.9935073852539062,0.0,0.0,0.0,0.0,0.0,0.0,0.0
0.0,0.0,0.9983139038085938,0.0,0.0,0.0,0.0,0.0,0.0,0.0
0.0,0.0,0.9942359924316406,0.0,0.0,0.0,0.0,0.0,0.0,0.0
0.0,0.0,0.9970455169677734,0.0,0.0,0.0,0.0,0.0,0.0,0.0
0.0,0.0,0.9983673095703125,0.0,0.0,0.0,0.0,0.0,0.0,0.0
0.0,0.0,0.9986791610717773,0.0,0.0,0.0,0.0,0.0,0.0,0.0
0.0,0.0,0.9986429214477539,0.0,0.0,0.0,0.0,0.0,0.0,0.0
0.0,0.0,0.9955387115478516,0.0,0.0,0.0,0.0,0.0,0.0,0.0
0.0,0.0,0.9991598129272461,0.0,0.0,0.0,0.0,0.0,0.0,0.0
0.0,0.0,0.9983758926391602,0.0,0.0,0.0,0.0,0.0,0.0,0.0
0.0,0.0,0.9995441436767578,0.0,0.0,0.0,0.0,0.0,0.0,0.0
0.0,0.0,0.9986896514892578,0.0,0.0,0.0,0.0,0.0,0.0,0.0
0.0,0.0,0.998046875,0.0,0.0,0.0,0.0,0.0,0.0,0.0
0.0,0.0,0.9986553192138672,0.0,0.0,0.0,0.0,0.0,0.0,0.0
0.0,0.0,0.9986238479614258,0.0,0.0,0.0,0.0,0.0,0.0,0.0
0.0,0.0,0.9989910125732422,0.0,0.0,0.0,0.0,0.0,0.0,0.0
0.0,0.0,0.9995832443237305,0.0,0.0,0.0,0.0,0.0,0.0,0.0
0.0,0.0,0.9988632202148438,0.0,0.0,0.0,0.0,0.0,0.0,0.0
0.0,0.0,0.9986495971679688,0.0,0.0,0.0,0.0,0.0,0.0,0.0
0.0,0.0,0.9998025894165039,0.0,0.0,0.0,0.0,0.0,0.0,0.0
0.0,0.0,0.9990205764770508,0.0,0.0,0.0,0.0,0.0,0.0,0.0
0.0,0.0,0.9982461929321289,0.0,0.0,0.0,0.0,0.0,0.0,0.0
0.0,0.0,0.9995346069335938,0.0,0.0,0.0,0.0,0.0,0.0,0.0
0.0,0.0,0.995844841003418,0.0,0.0,0.0,0.0,0.0,0.0,0.0
0.0,0.0,0.999603271484375,0.0,0.0,0.0,0.0,0.0,0.0,0.0
0.0,0.0,0.9994020462036133,0.0,0.0,0.0,0.0,0.0,0.0,0.0
0.0,0.0,0.9993362426757812,0.0,0.0,0.0,0.0,0.0,0.0,0.0
0.0,0.0,0.9994993209838867,0.0,0.0,0.0,0.0,0.0,0.0,0.0
0.0,0.0,0.9994468688964844,0.0,0.0,0.0,0.0,0.0,0.0,0.0
0.0,0.0,0.9994544982910156,0.0,0.0,0.0,0.0,0.0,0.0,0.0
0.0,0.0,0.9986438751220703,0.0,0.0,0.0,0.0,0.0,0.0,0.0
0.0,0.0,0.997406005859375,0.0,0.0,0.0,0.0,0.0,0.0,0.0
0.0,0.0,0.9982776641845703,0.0,0.0,0.0,0.0,0.0,0.0,0.0
0.0,0.0,0.9983339309692383,0.0,0.0,0.0,0.0,0.0,0.0,0.0
0.0,0.0,0.9987258911132812,0.0,0.0,0.0,0.0,0.0,0.0,0.0
0.0,0.0,0.9986791610717773,0.0,0.0,0.0,0.0,0.0,0.0,0.0
0.0,0.0,0.9995527267456055,0.0,0.0,0.0,0.0,0.0,0.0,0.0
0.0,0.0,0.9982986450195312,0.0,0.0,0.0,0.0,0.0,0.0,0.0
0.0,0.0,0.9978933334350586,0.0,0.0,0.0,0.0,0.0,0.0,0.0
0.0,0.0,0.9995126724243164,0.0,0.0,0.0,0.0,0.0,0.0,0.0
0.0,0.0,0.9988975524902344,0.0,0.0,0.0,0.0,0.0,0.0,0.0
0.0,0.0,0.9995336532592773,0.0,0.0,0.0,0.0,0.0,0.0,0.0
0.0,0.0,0.9986963272094727,0.0,0.0,0.0,0.0,0.0,0.0,0.0
0.0,0.0,0.9985952377319336,0.0,0.0,0.0,0.0,0.0,0.0,0.0
0.0,0.0,0.9987125396728516,0.0,0.0,0.0,0.0,0.0,0.0,0.0
0.0,0.0,0.998225212097168,0.0,0.0,0.0,0.0,0.0,0.0,0.0
0.0,0.0,0.9995441436767578,0.0,0.0,0.0,0.0,0.0,0.0,0.0
0.0,0.0,0.9994544982910156,0.0,0.0,0.0,0.0,0.0,0.0,0.0
0.0,0.0,0.9997339248657227,0.0,0.0,0.0,0.0,0.0,0.0,0.0
0.0,0.0,0.9987516403198242,0.0,0.0,0.0,0.0,0.0,0.0,0.0
0.0,0.0,0.9987506866455078,0.0,0.0,0.0,0.0,0.0,0.0,0.0
0.0,0.0,0.9974517822265625,0.0,0.0,0.0,0.0,0.0,0.0,0.0
0.0,0.0,0.9988651275634766,0.0,0.0,0.0,0.0,0.0,0.0,0.0
0.0,0.0,0.998866081237793,0.0,0.0,0.0,0.0,0.0,0.0,0.0
0.0,0.0,0.9987459182739258,0.0,0.0,0.0,0.0,0.0,0.0,0.0
0.0,0.0,0.9986190795898438,0.0,0.0,0.0,0.0,0.0,0.0,0.0
0.0,0.0,0.998408317565918,0.0,0.0,0.0,0.0,0.0,0.0,0.0
0.0,0.0,0.9995460510253906,0.0,0.0,0.0,0.0,0.0,0.0,0.0
0.0,0.0,0.9987297058105469,0.0,0.0,0.0,0.0,0.0,0.0,0.0
0.0,0.0,0.9985952377319336,0.0,0.0,0.0,0.0,0.0,0.0,0.0
0.0,0.0,0.9995498657226562,0.0,0.0,0.0,0.0,0.0,0.0,0.0
0.0,0.0,0.9985895156860352,0.0,0.0,0.0,0.0,0.0,0.0,0.0
0.0,0.0,0.9990730285644531,0.0,0.0,0.0,0.0,0.0,0.0,0.0
0.0,0.0,0.9988441467285156,0.0,0.0,0.0,0.0,0.0,0.0,0.0
0.0,0.0,0.9984779357910156,0.0,0.0,0.0,0.0,0.0,0.0,0.0
0.0,0.0,0.9995098114013672,0.0,0.0,0.0,0.0,0.0,0.0,0.0
0.0,0.0,0.9989299774169922,0.0,0.0,0.0,0.0,0.0,0.0,0.0
0.0,0.0,0.9995651245117188,0.0,0.0,0.0,0.0,0.0,0.0,0.0
0.0,0.0,0.9996013641357422,0.0,0.0,0.0,0.0,0.0,0.0,0.0
0.0,0.0,0.9993152618408203,0.0,0.0,0.0,0.0,0.0,0.0,0.0
0.0,0.0,0.9987516403198242,0.0,0.0,0.0,0.0,0.0,0.0,0.0
0.0,0.0,0.9986457824707031,0.0,0.0,0.0,0.0,0.0,0.0,0.0
0.0,0.0,0.9990415573120117,0.0,0.0,0.0,0.0,0.0,0.0,0.0
0.0,0.0,0.9997997283935547,0.0,0.0,0.0,0.0,0.0,0.0,0.0
0.0,0.0,0.9976472854614258,0.0,0.0,0.0,0.0,0.0,0.0,0.0
0.0,0.0,0.9986944198608398,0.0,0.0,0.0,0.0,0.0,0.0,0.0
0.0,0.0,0.9989414215087891,0.0,0.0,0.0,0.0,0.0,0.0,0.0
0.0,0.0,0.9986181259155273,0.0,0.0,0.0,0.0,0.0,0.0,0.0
0.0,0.0,0.9859504699707031,0.0,0.0,0.0,0.0,0.0,0.0,0.0
0.0,0.0,0.9806861877441406,0.0,0.0,0.0,0.0,0.0,0.0,0.0
0.0,0.0,0.9980335235595703,0.0,0.0,0.0,0.0,0.0,0.0,0.0
0.0,0.0,0.9951171875,0.0,0.0,0.0,0.0,0.0,0.0,0.0
0.0,0.0,0.9965753555297852,0.0,0.0,0.0,0.0,0.0,0.0,0.0
0.0,0.0,0.9987077713012695,0.0,0.0,0.0,0.0,0.0,0.0,0.0
0.0,0.0,0.9986696243286133,0.0,0.0,0.0,0.0,0.0,0.0,0.0
0.0,0.0,0.9987783432006836,0.0,0.0,0.0,0.0,0.0,0.0,0.0
0.0,0.0,0.9973459243774414,0.0,0.0,0.0,0.0,0.0,0.0,0.0
0.0,0.0,0.9985694885253906,0.0,0.0,0.0,0.0,0.0,0.0,0.0
0.0,0.0,0.9986610412597656,0.0,0.0,0.0,0.0,0.0,0.0,0.0
0.0,0.0,0.9973888397216797,0.0,0.0,0.0,0.0,0.0,0.0,0.0
0.0,0.0,0.9985427856445312,0.0,0.0,0.0,0.0,0.0,0.0,0.0
0.0,0.0,0.9982843399047852,0.0,0.0,0.0,0.0,0.0,0.0,0.0
0.0,0.0,0.9987163543701172,0.0,0.0,0.0,0.0,0.0,0.0,0.0
0.0,0.0,0.9985761642456055,0.0,0.0,0.0,0.0,0.0,0.0,0.0
0.0,0.0,0.9986124038696289,0.0,0.0,0.0,0.0,0.0,0.0,0.0
0.0,0.0,0.9986276626586914,0.0,0.0,0.0,0.0,0.0,0.0,0.0
0.0,0.0,0.9983282089233398,0.0,0.0,0.0,0.0,0.0,0.0,0.0
0.0,0.0,0.998744010925293,0.0,0.0,0.0,0.0,0.0,0.0,0.0
0.0,0.0,0.9984817504882812,0.0,0.0,0.0,0.0,0.0,0.0,0.0
0.0,0.0,0.9983644485473633,0.0,0.0,0.0,0.0,0.0,0.0,0.0
0.0,0.0,0.9985074996948242,0.0,0.0,0.0,0.0,0.0,0.0,0.0
0.0,0.0,0.9985971450805664,0.0,0.0,0.0,0.0,0.0,0.0,0.0
0.0,0.0,0.9981679916381836,0.0,0.0,0.0,0.0,0.0,0.0,0.0
0.0,0.0,0.9981937408447266,0.0,0.0,0.0,0.0,0.0,0.0,0.0
0.0,0.0,0.9986467361450195,0.0,0.0,0.0,0.0,0.0,0.0,0.0
0.0,0.0,0.9988479614257812,0.0,0.0,0.0,0.0,0.0,0.0,0.0
0.0,0.0,0.9985265731811523,0.0,0.0,0.0,0.0,0.0,0.0,0.0
0.0,0.0,0.9985837936401367,0.0,0.0,0.0,0.0,0.0,0.0,0.0
0.0,0.0,0.9985275268554688,0.0,0.0,0.0,0.0,0.0,0.0,0.0
0.0,0.0,0.9984874725341797,0.0,0.0,0.0,0.0,0.0,0.0,0.0
0.0,0.0,0.9986429214477539,0.0,0.0,0.0,0.0,0.0,0.0,0.0
0.0,0.0,0.9947547912597656,0.0,0.0,0.0,0.0,0.0,0.0,0.0
0.0,0.0,0.9983644485473633,0.0,0.0,0.0,0.0,0.0,0.0,0.0
0.0,0.0,0.9986858367919922,0.0,0.0,0.0,0.0,0.0,0.0,0.0
0.0,0.0,0.9987411499023438,0.0,0.0,0.0,0.0,0.0,0.0,0.0
0.0,0.0,0.9986019134521484,0.0,0.0,0.0,0.0,0.0,0.0,0.0
0.0,0.0,0.9980611801147461,0.0,0.0,0.0,0.0,0.0,0.0,0.0
0.0,0.0,0.9986724853515625,0.0,0.0,0.0,0.0,0.0,0.0,0.0
0.0,0.0,0.9986639022827148,0.0,0.0,0.0,0.0,0.0,0.0,0.0
0.0,0.0,0.9983901977539062,0.0,0.0,0.0,0.0,0.0,0.0,0.0
0.0,0.0,0.9984807968139648,0.0,0.0,0.0,0.0,0.0,0.0,0.0
0.0,0.0,0.9984846115112305,0.0,0.0,0.0,0.0,0.0,0.0,0.0
0.0,0.0,0.9984712600708008,0.0,0.0,0.0,0.0,0.0,0.0,0.0
0.0,0.0,0.9981050491333008,0.0,0.0,0.0,0.0,0.0,0.0,0.0
0.0,0.0,0.9995403289794922,0.0,0.0,0.0,0.0,0.0,0.0,0.0
0.0,0.0,0.9984960556030273,0.0,0.0,0.0,0.0,0.0,0.0,0.0
0.0,0.0,0.9987354278564453,0.0,0.0,0.0,0.0,0.0,0.0,0.0
0.0,0.0,0.9984683990478516,0.0,0.0,0.0,0.0,0.0,0.0,0.0
0.0,0.0,0.9988498687744141,0.0,0.0,0.0,0.0,0.0,0.0,0.0
0.0,0.0,0.9985494613647461,0.0,0.0,0.0,0.0,0.0,0.0,0.0
0.0,0.0,0.9982528686523438,0.0,0.0,0.0,0.0,0.0,0.0,0.0
0.0,0.0,0.9983673095703125,0.0,0.0,0.0,0.0,0.0,0.0,0.0
0.0,0.0,0.9994192123413086,0.0,0.0,0.0,0.0,0.0,0.0,0.0
0.0,0.0,0.9984378814697266,0.0,0.0,0.0,0.0,0.0,0.0,0.0
0.0,0.0,0.9983539581298828,0.0,0.0,0.0,0.0,0.0,0.0,0.0
0.0,0.0,0.9995031356811523,0.0,0.0,0.0,0.0,0.0,0.0,0.0
0.0,0.0,0.9988298416137695,0.0,0.0,0.0,0.0,0.0,0.0,0.0
0.0,0.0,0.9987363815307617,0.0,0.0,0.0,0.0,0.0,0.0,0.0
0.0,0.0,0.9988021850585938,0.0,0.0,0.0,0.0,0.0,0.0,0.0
0.0,0.0,0.9983091354370117,0.0,0.0,0.0,0.0,0.0,0.0,0.0
0.0,0.0,0.9985675811767578,0.0,0.0,0.0,0.0,0.0,0.0,0.0
0.0,0.0,0.9985847473144531,0.0,0.0,0.0,0.0,0.0,0.0,0.0
0.0,0.0,0.9986677169799805,0.0,0.0,0.0,0.0,0.0,0.0,0.0
0.0,0.0,0.9987831115722656,0.0,0.0,0.0,0.0,0.0,0.0,0.0
0.0,0.0,0.9985780715942383,0.0,0.0,0.0,0.0,0.0,0.0,0.0
0.0,0.0,0.9994697570800781,0.0,0.0,0.0,0.0,0.0,0.0,0.0
0.0,0.0,0.9986724853515625,0.0,0.0,0.0,0.0,0.0,0.0,0.0
0.0,0.0,0.9982938766479492,0.0,0.0,0.0,0.0,0.0,0.0,0.0
0.0,0.0,0.9986839294433594,0.0,0.0,0.0,0.0,0.0,0.0,0.0
0.0,0.0,0.9985361099243164,0.0,0.0,0.0,0.0,0.0,0.0,0.0
0.0,0.0,0.9993581771850586,0.0,0.0,0.0,0.0,0.0,0.0,0.0
0.0,0.0,0.998591423034668,0.0,0.0,0.0,0.0,0.0,0.0,0.0
0.0,0.0,0.9987258911132812,0.0,0.0,0.0,0.0,0.0,0.0,0.0
0.0,0.0,0.9986581802368164,0.0,0.0,0.0,0.0,0.0,0.0,0.0
0.0,0.0,0.998713493347168,0.0,0.0,0.0,0.0,0.0,0.0,0.0
0.0,0.0,0.9985923767089844,0.0,0.0,0.0,0.0,0.0,0.0,0.0
0.0,0.0,0.9986972808837891,0.0,0.0,0.0,0.0,0.0,0.0,0.0
0.0,0.0,0.9982099533081055,0.0,0.0,0.0,0.0,0.0,0.0,0.0
0.0,0.0,0.9987897872924805,0.0,0.0,0.0,0.0,0.0,0.0,0.0
0.0,0.0,0.9981698989868164,0.0,0.0,0.0,0.0,0.0,0.0,0.0
0.0,0.0,0.9986343383789062,0.0,0.0,0.0,0.0,0.0,0.0,0.0
0.0,0.0,0.9987096786499023,0.0,0.0,0.0,0.0,0.0,0.0,0.0
0.0,0.0,0.9983320236206055,0.0,0.0,0.0,0.0,0.0,0.0,0.0
0.0,0.0,0.9988832473754883,0.0,0.0,0.0,0.0,0.0,0.0,0.0
0.0,0.0,0.9988775253295898,0.0,0.0,0.0,0.0,0.0,0.0,0.0
0.0,0.0,0.9987735748291016,0.0,0.0,0.0,0.0,0.0,0.0,0.0
0.0,0.0,0.9993305206298828,0.0,0.0,0.0,0.0,0.0,0.0,0.0
0.0,0.0,0.9988679885864258,0.0,0.0,0.0,0.0,0.0,0.0,0.0
0.0,0.0,0.9994516372680664,0.0,0.0,0.0,0.0,0.0,0.0,0.0
0.0,0.0,0.9995756149291992,0.0,0.0,0.0,0.0,0.0,0.0,0.0
0.0,0.0,0.998600959777832,0.0,0.0,0.0,0.0,0.0,0.0,0.0
0.0,0.0,0.9546575546264648,0.0,0.0,0.0,0.0,0.0,0.0,0.0
0.944302627525197,0.9713535477007006,0.9975862503051758,0.9988129044271682,0.9453636183384372,0.944302627525197,0.9713535477007006,0.9988129044271682,0.9453636183384372,1.0
0.0,0.0,0.9535913467407227,0.0,0.0,0.0,0.0,0.0,0.0,0.0
0.0,0.0,0.9553508758544922,0.0,0.0,0.0,0.0,0.0,0.0,0.0
0.0,0.0,0.9548101425170898,0.0,0.0,0.0,0.0,0.0,0.0,0.0
0.0,0.0,0.9553403854370117,0.0,0.0,0.0,0.0,0.0,0.0,0.0
0.0,0.0,0.9554262161254883,0.0,0.0,0.0,0.0,0.0,0.0,0.0
0.0,0.0,0.9552650451660156,0.0,0.0,0.0,0.0,0.0,0.0,0.0
0.0,0.0,0.9553604125976562,0.0,0.0,0.0,0.0,0.0,0.0,0.0
0.0,0.0,0.9554204940795898,0.0,0.0,0.0,0.0,0.0,0.0,0.0
0.0,0.0,0.9554920196533203,0.0,0.0,0.0,0.0,0.0,0.0,0.0
0.0,0.0,0.9552736282348633,0.0,0.0,0.0,0.0,0.0,0.0,0.0
0.0,0.0,0.9554643630981445,0.0,0.0,0.0,0.0,0.0,0.0,0.0
0.0,0.0,0.9553823471069336,0.0,0.0,0.0,0.0,0.0,0.0,0.0
0.0,0.0,0.9556455612182617,0.0,0.0,0.0,0.0,0.0,0.0,0.0
0.0,0.0,0.9552097320556641,0.0,0.0,0.0,0.0,0.0,0.0,0.0
0.0,0.0,0.9557285308837891,0.0,0.0,0.0,0.0,0.0,0.0,0.0
0.0,0.0,0.9553031921386719,0.0,0.0,0.0,0.0,0.0,0.0,0.0
0.0,0.0,0.9559516906738281,0.0,0.0,0.0,0.0,0.0,0.0,0.0
0.0,0.0,0.9556808471679688,0.0,0.0,0.0,0.0,0.0,0.0,0.0
0.0,0.0,0.9557075500488281,0.0,0.0,0.0,0.0,0.0,0.0,0.0
0.0,0.0,0.9556598663330078,0.0,0.0,0.0,0.0,0.0,0.0,0.0
0.0,0.0,0.9556102752685547,0.0,0.0,0.0,0.0,0.0,0.0,0.0
0.0,0.0,0.9548234939575195,0.0,0.0,0.0,0.0,0.0,0.0,0.0
0.0,0.0,0.9557323455810547,0.0,0.0,0.0,0.0,0.0,0.0,0.0
0.0,0.0,0.955754280090332,0.0,0.0,0.0,0.0,0.0,0.0,0.0
0.0,0.0,0.9557361602783203,0.0,0.0,0.0,0.0,0.0,0.0,0.0
0.0,0.0,0.955291748046875,0.0,0.0,0.0,0.0,0.0,0.0,0.0
0.0,0.0,0.9555444717407227,0.0,0.0,0.0,0.0,0.0,0.0,0.0
0.0,0.0,0.9556455612182617,0.0,0.0,0.0,0.0,0.0,0.0,0.0
0.0,0.0,0.9554862976074219,0.0,0.0,0.0,0.0,0.0,0.0,0.0
0.0,0.0,0.9554500579833984,0.0,0.0,0.0,0.0,0.0,0.0,0.0
0.0,0.0,0.9557828903198242,0.0,0.0,0.0,0.0,0.0,0.0,0.0
0.0,0.0,0.9555807113647461,0.0,0.0,0.0,0.0,0.0,0.0,0.0
0.0,0.0,0.9557199478149414,0.0,0.0,0.0,0.0,0.0,0.0,0.0
0.0,0.0,0.9556665420532227,0.0,0.0,0.0,0.0,0.0,0.0,0.0
0.0,0.0,0.9562559127807617,0.0,0.0,0.0,0.0,0.0,0.0,0.0
0.0,0.0,0.9555644989013672,0.0,0.0,0.0,0.0,0.0,0.0,0.0
0.0,0.0,0.9556303024291992,0.0,0.0,0.0,0.0,0.0,0.0,0.0
0.0,0.0,0.9553117752075195,0.0,0.0,0.0,0.0,0.0,0.0,0.0
0.0,0.0,0.9557418823242188,0.0,0.0,0.0,0.0,0.0,0.0,0.0
0.0,0.0,0.9552602767944336,0.0,0.0,0.0,0.0,0.0,0.0,0.0
0.0,0.0,0.9561557769775391,0.0,0.0,0.0,0.0,0.0,0.0,0.0
0.0,0.0,0.9560079574584961,0.0,0.0,0.0,0.0,0.0,0.0,0.0
0.0,0.0,0.9558267593383789,0.0,0.0,0.0,0.0,0.0,0.0,0.0
0.0,0.0,0.9555702209472656,0.0,0.0,0.0,0.0,0.0,0.0,0.0
0.0,0.0,0.9555883407592773,0.0,0.0,0.0,0.0,0.0,0.0,0.0
0.0,0.0,0.9557962417602539,0.0,0.0,0.0,0.0,0.0,0.0,0.0
0.0,0.0,0.9555597305297852,0.0,0.0,0.0,0.0,0.0,0.0,0.0
0.0,0.0,0.9555883407592773,0.0,0.0,0.0,0.0,0.0,0.0,0.0
0.0,0.0,0.9549999237060547,0.0,0.0,0.0,0.0,0.0,0.0,0.0
0.0,0.0,0.9555244445800781,0.0,0.0,0.0,0.0,0.0,0.0,0.0
0.0,0.0,0.9556331634521484,0.0,0.0,0.0,0.0,0.0,0.0,0.0
0.0,0.0,0.955845832824707,0.0,0.0,0.0,0.0,0.0,0.0,0.0
0.0,0.0,0.955754280090332,0.0,0.0,0.0,0.0,0.0,0.0,0.0
0.0,0.0,0.9556550979614258,0.0,0.0,0.0,0.0,0.0,0.0,0.0
0.0,0.0,0.9554719924926758,0.0,0.0,0.0,0.0,0.0,0.0,0.0
0.0,0.0,0.9553689956665039,0.0,0.0,0.0,0.0,0.0,0.0,0.0
0.0,0.0,0.9554758071899414,0.0,0.0,0.0,0.0,0.0,0.0,0.0
0.0,0.0,0.9553699493408203,0.0,0.0,0.0,0.0,0.0,0.0,0.0
0.0,0.0,0.9561977386474609,0.0,0.0,0.0,0.0,0.0,0.0,0.0
0.0,0.0,0.9556894302368164,0.0,0.0,0.0,0.0,0.0,0.0,0.0
0.0,0.0,0.9557828903198242,0.0,0.0,0.0,0.0,0.0,0.0,0.0
0.0,0.0,0.9555807113647461,0.0,0.0,0.0,0.0,0.0,0.0,0.0
0.0,0.0,0.9558591842651367,0.0,0.0,0.0,0.0,0.0,0.0,0.0
0.0,0.0,0.9555864334106445,0.0,0.0,0.0,0.0,0.0,0.0,0.0
0.0,0.0,0.9555568695068359,0.0,0.0,0.0,0.0,0.0,0.0,0.0
0.0,0.0,0.9555196762084961,0.0,0.0,0.0,0.0,0.0,0.0,0.0
0.0,0.0,0.9558029174804688,0.0,0.0,0.0,0.0,0.0,0.0,0.0
0.0,0.0,0.9558820724487305,0.0,0.0,0.0,0.0,0.0,0.0,0.0
0.0,0.0,0.9558124542236328,0.0,0.0,0.0,0.0,0.0,0.0,0.0
0.0,0.0,0.9557046890258789,0.0,0.0,0.0,0.0,0.0,0.0,0.0
0.0,0.0,0.9555139541625977,0.0,0.0,0.0,0.0,0.0,0.0,0.0
0.0,0.0,0.9563236236572266,0.0,0.0,0.0,0.0,0.0,0.0,0.0
0.0,0.0,0.9557762145996094,0.0,0.0,0.0,0.0,0.0,0.0,0.0
0.0,0.0,0.9554615020751953,0.0,0.0,0.0,0.0,0.0,0.0,0.0
0.0,0.0,0.9554910659790039,0.0,0.0,0.0,0.0,0.0,0.0,0.0
0.0,0.0,0.9562721252441406,0.0,0.0,0.0,0.0,0.0,0.0,0.0
0.0,0.0,0.9554328918457031,0.0,0.0,0.0,0.0,0.0,0.0,0.0
0.0,0.0,0.9554815292358398,0.0,0.0,0.0,0.0,0.0,0.0,0.0
0.0,0.0,0.9562149047851562,0.0,0.0,0.0,0.0,0.0,0.0,0.0
0.0,0.0,0.9555673599243164,0.0,0.0,0.0,0.0,0.0,0.0,0.0
0.0,0.0,0.9562549591064453,0.0,0.0,0.0,0.0,0.0,0.0,0.0
0.0,0.0,0.9553585052490234,0.0,0.0,0.0,0.0,0.0,0.0,0.0
0.0,0.0,0.9562931060791016,0.0,0.0,0.0,0.0,0.0,0.0,0.0
0.0,0.0,0.9557523727416992,0.0,0.0,0.0,0.0,0.0,0.0,0.0
0.0,0.0,0.9556903839111328,0.0,0.0,0.0,0.0,0.0,0.0,0.0
0.0,0.0,0.9869422912597656,0.0,0.0,0.0,0.0,0.0,0.0,0.0
0.0,0.0,0.9857330322265625,0.0,0.0,0.0,0.0,0.0,0.0,0.0
0.0,0.0,0.9900083541870117,0.0,0.0,0.0,0.0,0.0,0.0,0.0
0.0,0.0,0.9869842529296875,0.0,0.0,0.0,0.0,0.0,0.0,0.0
0.0,0.0,0.9889850616455078,0.0,0.0,0.0,0.0,0.0,0.0,0.0
0.0,0.0,0.9899330139160156,0.0,0.0,0.0,0.0,0.0,0.0,0.0
0.0,0.0,0.9901323318481445,0.0,0.0,0.0,0.0,0.0,0.0,0.0
0.0,0.0,0.9896984100341797,0.0,0.0,0.0,0.0,0.0,0.0,0.0
0.0,0.0,0.9901409149169922,0.0,0.0,0.0,0.0,0.0,0.0,0.0
0.0,0.0,0.9899797439575195,0.0,0.0,0.0,0.0,0.0,0.0,0.0
0.0,0.0,0.9900093078613281,0.0,0.0,0.0,0.0,0.0,0.0,0.0
0.0,0.0,0.9896392822265625,0.0,0.0,0.0,0.0,0.0,0.0,0.0
0.0,0.0,0.989893913269043,0.0,0.0,0.0,0.0,0.0,0.0,0.0
0.0,0.0,0.9896163940429688,0.0,0.0,0.0,0.0,0.0,0.0,0.0
0.0,0.0,0.9893875122070312,0.0,0.0,0.0,0.0,0.0,0.0,0.0
0.0,0.0,0.9895973205566406,0.0,0.0,0.0,0.0,0.0,0.0,0.0
0.0,0.0,0.9893913269042969,0.0,0.0,0.0,0.0,0.0,0.0,0.0
0.0,0.0,0.9885826110839844,0.0,0.0,0.0,0.0,0.0,0.0,0.0
0.0,0.0,0.990138053894043,0.0,0.0,0.0,0.0,0.0,0.0,0.0
0.0,0.0,0.9899559020996094,0.0,0.0,0.0,0.0,0.0,0.0,0.0
0.0,0.0,0.9910821914672852,0.0,0.0,0.0,0.0,0.0,0.0,0.0
0.0,0.0,0.9907073974609375,0.0,0.0,0.0,0.0,0.0,0.0,0.0
0.0,0.0,0.9897756576538086,0.0,0.0,0.0,0.0,0.0,0.0,0.0
0.0,0.0,0.9901647567749023,0.0,0.0,0.0,0.0,0.0,0.0,0.0
0.0,0.0,0.9899768829345703,0.0,0.0,0.0,0.0,0.0,0.0,0.0
0.0,0.0,0.9903068542480469,0.0,0.0,0.0,0.0,0.0,0.0,0.0
0.0,0.0,0.9899635314941406,0.0,0.0,0.0,0.0,0.0,0.0,0.0
0.0,0.0,0.9903984069824219,0.0,0.0,0.0,0.0,0.0,0.0,0.0
0.0,0.0,0.9901676177978516,0.0,0.0,0.0,0.0,0.0,0.0,0.0
0.0,0.0,0.9903774261474609,0.0,0.0,0.0,0.0,0.0,0.0,0.0
0.0,0.0,0.9903364181518555,0.0,0.0,0.0,0.0,0.0,0.0,0.0
0.0,0.0,0.9910087585449219,0.0,0.0,0.0,0.0,0.0,0.0,0.0
0.0,0.0,0.9901084899902344,0.0,0.0,0.0,0.0,0.0,0.0,0.0
0.0,0.0,0.990168571472168,0.0,0.0,0.0,0.0,0.0,0.0,0.0
0.0,0.0,0.9901914596557617,0.0,0.0,0.0,0.0,0.0,0.0,0.0
0.0,0.0,0.9901838302612305,0.0,0.0,0.0,0.0,0.0,0.0,0.0
0.0,0.0,0.9900932312011719,0.0,0.0,0.0,0.0,0.0,0.0,0.0
0.0,0.0,0.9898643493652344,0.0,0.0,0.0,0.0,0.0,0.0,0.0
0.0,0.0,0.9903278350830078,0.0,0.0,0.0,0.0,0.0,0.0,0.0
0.0,0.0,0.9899158477783203,0.0,0.0,0.0,0.0,0.0,0.0,0.0
0.0,0.0,0.9891090393066406,0.0,0.0,0.0,0.0,0.0,0.0,0.0
0.0,0.0,0.9902610778808594,0.0,0.0,0.0,0.0,0.0,0.0,0.0
0.0,0.0,0.9901676177978516,0.0,0.0,0.0,0.0,0.0,0.0,0.0
0.0,0.0,0.9898271560668945,0.0,0.0,0.0,0.0,0.0,0.0,0.0
0.0,0.0,0.9904308319091797,0.0,0.0,0.0,0.0,0.0,0.0,0.0
0.0,0.0,0.9901161193847656,0.0,0.0,0.0,0.0,0.0,0.0,0.0
0.0,0.0,0.9900894165039062,0.0,0.0,0.0,0.0,0.0,0.0,0.0
0.0,0.0,0.9900932312011719,0.0,0.0,0.0,0.0,0.0,0.0,0.0
0.0,0.0,0.9901332855224609,0.0,0.0,0.0,0.0,0.0,0.0,0.0
0.0,0.0,0.9900856018066406,0.0,0.0,0.0,0.0,0.0,0.0,0.0
0.0,0.0,0.9903764724731445,0.0,0.0,0.0,0.0,0.0,0.0,0.0
0.0,0.0,0.9898700714111328,0.0,0.0,0.0,0.0,0.0,0.0,0.0
0.0,0.0,0.989990234375,0.0,0.0,0.0,0.0,0.0,0.0,0.0
0.0,0.0,0.9902467727661133,0.0,0.0,0.0,0.0,0.0,0.0,0.0
0.0,0.0,0.9900941848754883,0.0,0.0,0.0,0.0,0.0,0.0,0.0
0.0,0.0,0.9904813766479492,0.0,0.0,0.0,0.0,0.0,0.0,0.0
0.0,0.0,0.9905271530151367,0.0,0.0,0.0,0.0,0.0,0.0,0.0
0.0,0.0,0.990565299987793,0.0,0.0,0.0,0.0,0.0,0.0,0.0
0.0,0.0,0.9903831481933594,0.0,0.0,0.0,0.0,0.0,0.0,0.0
0.0,0.0,0.9902048110961914,0.0,0.0,0.0,0.0,0.0,0.0,0.0
0.0,0.0,0.9902429580688477,0.0,0.0,0.0,0.0,0.0,0.0,0.0
0.0,0.0,0.9897470474243164,0.0,0.0,0.0,0.0,0.0,0.0,0.0
0.0,0.0,0.989863395690918,0.0,0.0,0.0,0.0,0.0,0.0,0.0
0.0,0.0,0.9903230667114258,0.0,0.0,0.0,0.0,0.0,0.0,0.0
0.0,0.0,0.9895544052124023,0.0,0.0,0.0,0.0,0.0,0.0,0.0
0.0,0.0,0.9901256561279297,0.0,0.0,0.0,0.0,0.0,0.0,0.0
0.0,0.0,0.9900226593017578,0.0,0.0,0.0,0.0,0.0,0.0,0.0
0.0,0.0,0.9905233383178711,0.0,0.0,0.0,0.0,0.0,0.0,0.0
0.0,0.0,0.9904165267944336,0.0,0.0,0.0,0.0,0.0,0.0,0.0
0.0,0.0,0.9900894165039062,0.0,0.0,0.0,0.0,0.0,0.0,0.0
0.0,0.0,0.9903707504272461,0.0,0.0,0.0,0.0,0.0,0.0,0.0
0.0,0.0,0.989959716796875,0.0,0.0,0.0,0.0,0.0,0.0,0.0
0.0,0.0,0.9902620315551758,0.0,0.0,0.0,0.0,0.0,0.0,0.0
0.0,0.0,0.9900245666503906,0.0,0.0,0.0,0.0,0.0,0.0,0.0
0.0,0.0,0.9902210235595703,0.0,0.0,0.0,0.0,0.0,0.0,0.0
0.0,0.0,0.9901485443115234,0.0,0.0,0.0,0.0,0.0,0.0,0.0
0.0,0.0,0.9901876449584961,0.0,0.0,0.0,0.0,0.0,0.0,0.0
0.0,0.0,0.990081787109375,0.0,0.0,0.0,0.0,0.0,0.0,0.0
0.0,0.0,0.9909048080444336,0.0,0.0,0.0,0.0,0.0,0.0,0.0
0.0,0.0,0.990290641784668,0.0,0.0,0.0,0.0,0.0,0.0,0.0
0.0,0.0,0.9885482788085938,0.0,0.0,0.0,0.0,0.0,0.0,0.0
0.0,0.0,0.9902315139770508,0.0,0.0,0.0,0.0,0.0,0.0,0.0
0.0,0.0,0.9901094436645508,0.0,0.0,0.0,0.0,0.0,0.0,0.0
0.0,0.0,0.9901342391967773,0.0,0.0,0.0,0.0,0.0,0.0,0.0
0.0,0.0,0.9903554916381836,0.0,0.0,0.0,0.0,0.0,0.0,0.0
0.0,0.0,0.9900884628295898,0.0,0.0,0.0,0.0,0.0,0.0,0.0
0.0,0.0,0.9909152984619141,0.0,0.0,0.0,0.0,0.0,0.0,0.0
0.0,0.0,0.9892425537109375,0.0,0.0,0.0,0.0,0.0,0.0,0.0
0.0,0.0,0.9622440338134766,0.0,0.0,0.0,0.0,0.0,0.0,0.0
0.0,0.0,0.9785528182983398,0.0,0.0,0.0,0.0,0.0,0.0,0.0
0.0,0.0,0.9920530319213867,0.0,0.0,0.0,0.0,0.0,0.0,0.0
0.0,0.0,0.9860391616821289,0.0,0.0,0.0,0.0,0.0,0.0,0.0
0.0,0.0,0.9879465103149414,0.0,0.0,0.0,0.0,0.0,0.0,0.0
0.0,0.0,0.9861783981323242,0.0,0.0,0.0,0.0,0.0,0.0,0.0
0.0,0.0,0.987950325012207,0.0,0.0,0.0,0.0,0.0,0.0,0.0
0.0,0.0,0.988250732421875,0.0,0.0,0.0,0.0,0.0,0.0,0.0
0.0,0.0,0.9873895645141602,0.0,0.0,0.0,0.0,0.0,0.0,0.0
0.0,0.0,0.9929094314575195,0.0,0.0,0.0,0.0,0.0,0.0,0.0
0.9676938451204928,0.983581716759637,0.9962387084960938,0.9966844116728957,0.9708190551323456,0.9676938451204928,0.983581716759637,0.9966844116728957,0.9708190551323456,1.0
0.0,0.0,0.6871356964111328,0.0,0.0,0.0,0.0,0.0,0.0,0.0
0.0,0.0,0.8387460708618164,0.0,0.0,0.0,0.0,0.0,0.0,0.0
0.0,0.0,0.9634180068969727,0.0,0.0,0.0,0.0,0.0,0.0,0.0
0.0,0.0,0.9720048904418945,0.0,0.0,0.0,0.0,0.0,0.0,0.0
0.0,0.0,0.7729082107543945,0.0,0.0,0.0,0.0,0.0,0.0,0.0
0.0,0.0,0.9386911392211914,0.0,0.0,0.0,0.0,0.0,0.0,0.0
0.0,0.0,0.9821023941040039,0.0,0.0,0.0,0.0,0.0,0.0,0.0
0.0,0.0,0.9820423126220703,0.0,0.0,0.0,0.0,0.0,0.0,0.0
0.0,0.0,0.8507366180419922,0.0,0.0,0.0,0.0,0.0,0.0,0.0
0.0,0.0,0.9822225570678711,0.0,0.0,0.0,0.0,0.0,0.0,0.0
0.0,0.0,0.9820489883422852,0.0,0.0,0.0,0.0,0.0,0.0,0.0
0.0,0.0,0.9820499420166016,0.0,0.0,0.0,0.0,0.0,0.0,0.0
0.0,0.0,0.9820957183837891,0.0,0.0,0.0,0.0,0.0,0.0,0.0
0.0,0.0,0.9827241897583008,0.0,0.0,0.0,0.0,0.0,0.0,0.0
0.0,0.0,0.9824934005737305,0.0,0.0,0.0,0.0,0.0,0.0,0.0
0.0,0.0,0.9824428558349609,0.0,0.0,0.0,0.0,0.0,0.0,0.0
0.0,0.0,0.9823942184448242,0.0,0.0,0.0,0.0,0.0,0.0,0.0
0.0,0.0,0.9828348159790039,0.0,0.0,0.0,0.0,0.0,0.0,0.0
0.0,0.0,0.9823637008666992,0.0,0.0,0.0,0.0,0.0,0.0,0.0
0.0,0.0,0.9713764190673828,0.0,0.0,0.0,0.0,0.0,0.0,0.0
0.0,0.0,0.982396125793457,0.0,0.0,0.0,0.0,0.0,0.0,0.0
0.0,0.0,0.9824533462524414,0.0,0.0,0.0,0.0,0.0,0.0,0.0
0.0,0.0,0.9825420379638672,0.0,0.0,0.0,0.0,0.0,0.0,0.0
0.0,0.0,0.9821147918701172,0.0,0.0,0.0,0.0,0.0,0.0,0.0
0.0,0.0,0.9824323654174805,0.0,0.0,0.0,0.0,0.0,0.0,0.0
0.0,0.0,0.9823131561279297,0.0,0.0,0.0,0.0,0.0,0.0,0.0
0.0,0.0,0.9824981689453125,0.0,0.0,0.0,0.0,0.0,0.0,0.0
0.0,0.0,0.9823417663574219,0.0,0.0,0.0,0.0,0.0,0.0,0.0
0.0,0.0,0.9821243286132812,0.0,0.0,0.0,0.0,0.0,0.0,0.0
0.0,0.0,0.9824581146240234,0.0,0.0,0.0,0.0,0.0,0.0,0.0
0.0,0.0,0.9819726943969727,0.0,0.0,0.0,0.0,0.0,0.0,0.0
0.0,0.0,0.9822568893432617,0.0,0.0,0.0,0.0,0.0,0.0,0.0
0.0,0.0,0.9823160171508789,0.0,0.0,0.0,0.0,0.0,0.0,0.0
0.007639662581569314,0.015163481282577792,0.9762153625488281,0.02397003745318352,0.011089291902506642,0.007639662581569314,0.015163481282577792,0.02397003745318352,0.011089291902506642,0.0
0.0,0.0,0.9827384948730469,0.0,0.0,0.0,0.0,0.0,0.0,0.0
0.0,0.0,0.9824676513671875,0.0,0.0,0.0,0.0,0.0,0.0,0.0
0.0,0.0,0.9823074340820312,0.0,0.0,0.0,0.0,0.0,0.0,0.0
0.0,0.0,0.9823970794677734,0.0,0.0,0.0,0.0,0.0,0.0,0.0
0.0,0.0,0.9824056625366211,0.0,0.0,0.0,0.0,0.0,0.0,0.0
0.0,0.0,0.9830169677734375,0.0,0.0,0.0,0.0,0.0,0.0,0.0
0.0,0.0,0.9822607040405273,0.0,0.0,0.0,0.0,0.0,0.0,0.0
0.0,0.0,0.9826450347900391,0.0,0.0,0.0,0.0,0.0,0.0,0.0
0.0,0.0,0.9822444915771484,0.0,0.0,0.0,0.0,0.0,0.0,0.0
0.0,0.0,0.9830131530761719,0.0,0.0,0.0,0.0,0.0,0.0,0.0
0.0,0.0,0.9823713302612305,0.0,0.0,0.0,0.0,0.0,0.0,0.0
0.0,0.0,0.9822711944580078,0.0,0.0,0.0,0.0,0.0,0.0,0.0
0.0,0.0,0.9830350875854492,0.0,0.0,0.0,0.0,0.0,0.0,0.0
0.0,0.0,0.982203483581543,0.0,0.0,0.0,0.0,0.0,0.0,0.0
0.0,0.0,0.9830331802368164,0.0,0.0,0.0,0.0,0.0,0.0,0.0
0.0,0.0,0.9824924468994141,0.0,0.0,0.0,0.0,0.0,0.0,0.0
0.0,0.0,0.9822988510131836,0.0,0.0,0.0,0.0,0.0,0.0,0.0
0.0,0.0,0.9829854965209961,0.0,0.0,0.0,0.0,0.0,0.0,0.0
0.0,0.0,0.9828805923461914,0.0,0.0,0.0,0.0,0.0,0.0,0.0
0.0,0.0,0.9903602600097656,0.0,0.0,0.0,0.0,0.0,0.0,0.0
0.0,0.0,0.9936017990112305,0.0,0.0,0.0,0.0,0.0,0.0,0.0
0.0,0.0,0.9703922271728516,0.0,0.0,0.0,0.0,0.0,0.0,0.0
0.0,0.0,0.9986515045166016,0.0,0.0,0.0,0.0,0.0,0.0,0.0
0.0,0.0,0.9982595443725586,0.0,0.0,0.0,0.0,0.0,0.0,0.0
0.0,0.0,0.9982738494873047,0.0,0.0,0.0,0.0,0.0,0.0,0.0
0.0,0.0,0.9985084533691406,0.0,0.0,0.0,0.0,0.0,0.0,0.0
0.0,0.0,0.9987287521362305,0.0,0.0,0.0,0.0,0.0,0.0,0.0
0.0,0.0,0.9984512329101562,0.0,0.0,0.0,0.0,0.0,0.0,0.0
0.0,0.0,0.9964275360107422,0.0,0.0,0.0,0.0,0.0,0.0,0.0
0.0,0.0,0.9989919662475586,0.0,0.0,0.0,0.0,0.0,0.0,0.0
0.0,0.0,0.9978361129760742,0.0,0.0,0.0,0.0,0.0,0.0,0.0
0.0,0.0,0.9985809326171875,0.0,0.0,0.0,0.0,0.0,0.0,0.0
0.0,0.0,0.9984169006347656,0.0,0.0,0.0,0.0,0.0,0.0,0.0
0.0,0.0,0.9984560012817383,0.0,0.0,0.0,0.0,0.0,0.0,0.0
0.0,0.0,0.9985141754150391,0.0,0.0,0.0,0.0,0.0,0.0,0.0
0.0,0.0,0.9986257553100586,0.0,0.0,0.0,0.0,0.0,0.0,0.0
0.0,0.0,0.9984922409057617,0.0,0.0,0.0,0.0,0.0,0.0,0.0
0.0,0.0,0.9987859725952148,0.0,0.0,0.0,0.0,0.0,0.0,0.0
0.0,0.0,0.9995603561401367,0.0,0.0,0.0,0.0,0.0,0.0,0.0
0.0,0.0,0.9981822967529297,0.0,0.0,0.0,0.0,0.0,0.0,0.0
0.0,0.0,0.9981374740600586,0.0,0.0,0.0,0.0,0.0,0.0,0.0
0.0,0.0,0.9994297027587891,0.0,0.0,0.0,0.0,0.0,0.0,0.0
0.0,0.0,0.9986085891723633,0.0,0.0,0.0,0.0,0.0,0.0,0.0
0.0,0.0,0.9987316131591797,0.0,0.0,0.0,0.0,0.0,0.0,0.0
0.0,0.0,0.9984416961669922,0.0,0.0,0.0,0.0,0.0,0.0,0.0
0.0,0.0,0.9993391036987305,0.0,0.0,0.0,0.0,0.0,0.0,0.0
0.0,0.0,0.9985427856445312,0.0,0.0,0.0,0.0,0.0,0.0,0.0
0.0,0.0,0.9985008239746094,0.0,0.0,0.0,0.0,0.0,0.0,0.0
0.0,0.0,0.9983100891113281,0.0,0.0,0.0,0.0,0.0,0.0,0.0
0.0,0.0,0.9988203048706055,0.0,0.0,0.0,0.0,0.0,0.0,0.0
0.0,0.0,0.9995355606079102,0.0,0.0,0.0,0.0,0.0,0.0,0.0
0.0,0.0,0.9989290237426758,0.0,0.0,0.0,0.0,0.0,0.0,0.0
0.0,0.0,0.9988346099853516,0.0,0.0,0.0,0.0,0.0,0.0,0.0
0.0,0.0,0.9985389709472656,0.0,0.0,0.0,0.0,0.0,0.0,0.0
0.0,0.0,0.9994363784790039,0.0,0.0,0.0,0.0,0.0,0.0,0.0
0.0,0.0,0.9989347457885742,0.0,0.0,0.0,0.0,0.0,0.0,0.0
0.0,0.0,0.9990377426147461,0.0,0.0,0.0,0.0,0.0,0.0,0.0
0.0,0.0,0.9988832473754883,0.0,0.0,0.0,0.0,0.0,0.0,0.0
0.0,0.0,0.9989557266235352,0.0,0.0,0.0,0.0,0.0,0.0,0.0
0.0,0.0,0.9984798431396484,0.0,0.0,0.0,0.0,0.0,0.0,0.0
0.0,0.0,0.9988431930541992,0.0,0.0,0.0,0.0,0.0,0.0,0.0
0.0,0.0,0.9989938735961914,0.0,0.0,0.0,0.0,0.0,0.0,0.0
0.0,0.0,0.9985389709472656,0.0,0.0,0.0,0.0,0.0,0.0,0.0
0.0,0.0,0.9992151260375977,0.0,0.0,0.0,0.0,0.0,0.0,0.0
0.0,0.0,0.999272346496582,0.0,0.0,0.0,0.0,0.0,0.0,0.0
0.0,0.0,0.9995393753051758,0.0,0.0,0.0,0.0,0.0,0.0,0.0
0.0,0.0,0.9985027313232422,0.0,0.0,0.0,0.0,0.0,0.0,0.0
0.0,0.0,0.9994983673095703,0.0,0.0,0.0,0.0,0.0,0.0,0.0
0.0,0.0,0.9980831146240234,0.0,0.0,0.0,0.0,0.0,0.0,0.0
0.0,0.0,0.9987039566040039,0.0,0.0,0.0,0.0,0.0,0.0,0.0
0.0,0.0,0.9985504150390625,0.0,0.0,0.0,0.0,0.0,0.0,0.0
0.0,0.0,0.9995555877685547,0.0,0.0,0.0,0.0,0.0,0.0,0.0
0.0,0.0,0.9995574951171875,0.0,0.0,0.0,0.0,0.0,0.0,0.0
0.0,0.0,0.9994411468505859,0.0,0.0,0.0,0.0,0.0,0.0,0.0
0.0,0.0,0.999455451965332,0.0,0.0,0.0,0.0,0.0,0.0,0.0
0.0,0.0,0.9995002746582031,0.0,0.0,0.0,0.0,0.0,0.0,0.0
0.0,0.0,0.9984378814697266,0.0,0.0,0.0,0.0,0.0,0.0,0.0
0.0,0.0,0.9995040893554688,0.0,0.0,0.0,0.0,0.0,0.0,0.0
0.0,0.0,0.9987802505493164,0.0,0.0,0.0,0.0,0.0,0.0,0.0
0.0,0.0,0.9989690780639648,0.0,0.0,0.0,0.0,0.0,0.0,0.0
0.0,0.0,0.9998970031738281,0.0,0.0,0.0,0.0,0.0,0.0,0.0
0.0,0.0,0.999537467956543,0.0,0.0,0.0,0.0,0.0,0.0,0.0
0.0,0.0,0.9995803833007812,0.0,0.0,0.0,0.0,0.0,0.0,0.0
0.0,0.0,0.9929428100585938,0.0,0.0,0.0,0.0,0.0,0.0,0.0
0.0,0.0,0.9926519393920898,0.0,0.0,0.0,0.0,0.0,0.0,0.0
0.0,0.0,0.9932727813720703,0.0,0.0,0.0,0.0,0.0,0.0,0.0
0.0,0.0,0.9912347793579102,0.0,0.0,0.0,0.0,0.0,0.0,0.0
0.0,0.0,0.9933872222900391,0.0,0.0,0.0,0.0,0.0,0.0,0.0
0.0,0.0,0.9928302764892578,0.0,0.0,0.0,0.0,0.0,0.0,0.0
0.0,0.0,0.9939565658569336,0.0,0.0,0.0,0.0,0.0,0.0,0.0
0.0,0.0,0.9935789108276367,0.0,0.0,0.0,0.0,0.0,0.0,0.0
0.0,0.0,0.9929533004760742,0.0,0.0,0.0,0.0,0.0,0.0,0.0
0.0,0.0,0.993220329284668,0.0,0.0,0.0,0.0,0.0,0.0,0.0
0.0,0.0,0.9933795928955078,0.0,0.0,0.0,0.0,0.0,0.0,0.0
0.0,0.0,0.9923915863037109,0.0,0.0,0.0,0.0,0.0,0.0,0.0
0.0,0.0,0.9939298629760742,0.0,0.0,0.0,0.0,0.0,0.0,0.0
0.0,0.0,0.9938230514526367,0.0,0.0,0.0,0.0,0.0,0.0,0.0
0.0,0.0,0.9934406280517578,0.0,0.0,0.0,0.0,0.0,0.0,0.0
0.0,0.0,0.9938364028930664,0.0,0.0,0.0,0.0,0.0,0.0,0.0
0.0,0.0,0.9932842254638672,0.0,0.0,0.0,0.0,0.0,0.0,0.0
0.0,0.0,0.9953184127807617,0.0,0.0,0.0,0.0,0.0,0.0,0.0
0.0,0.0,0.9952945709228516,0.0,0.0,0.0,0.0,0.0,0.0,0.0
0.0,0.0,0.9961481094360352,0.0,0.0,0.0,0.0,0.0,0.0,0.0
0.0,0.0,0.9961280822753906,0.0,0.0,0.0,0.0,0.0,0.0,0.0
0.0,0.0,0.9952974319458008,0.0,0.0,0.0,0.0,0.0,0.0,0.0
0.0,0.0,0.9949760437011719,0.0,0.0,0.0,0.0,0.0,0.0,0.0
0.0,0.0,0.9953632354736328,0.0,0.0,0.0,0.0,0.0,0.0,0.0
0.0,0.0,0.9962015151977539,0.0,0.0,0.0,0.0,0.0,0.0,0.0
0.0,0.0,0.9926071166992188,0.0,0.0,0.0,0.0,0.0,0.0,0.0
0.0,0.0,0.9951581954956055,0.0,0.0,0.0,0.0,0.0,0.0,0.0
0.0,0.0,0.9953145980834961,0.0,0.0,0.0,0.0,0.0,0.0,0.0
0.0,0.0,0.9928693771362305,0.0,0.0,0.0,0.0,0.0,0.0,0.0
0.0,0.0,0.9955768585205078,0.0,0.0,0.0,0.0,0.0,0.0,0.0
0.0,0.0,0.9961566925048828,0.0,0.0,0.0,0.0,0.0,0.0,0.0
0.0,0.0,0.9961643218994141,0.0,0.0,0.0,0.0,0.0,0.0,0.0
0.0,0.0,0.9958343505859375,0.0,0.0,0.0,0.0,0.0,0.0,0.0
0.0,0.0,0.9955711364746094,0.0,0.0,0.0,0.0,0.0,0.0,0.0
0.0,0.0,0.9954204559326172,0.0,0.0,0.0,0.0,0.0,0.0,0.0
0.0,0.0,0.9954662322998047,0.0,0.0,0.0,0.0,0.0,0.0,0.0
0.0,0.0,0.9958009719848633,0.0,0.0,0.0,0.0,0.0,0.0,0.0
0.0,0.0,0.995579719543457,0.0,0.0,0.0,0.0,0.0,0.0,0.0
0.0,0.0,0.9949378967285156,0.0,0.0,0.0,0.0,0.0,0.0,0.0
0.0,0.0,0.9958248138427734,0.0,0.0,0.0,0.0,0.0,0.0,0.0
0.0,0.0,0.9953203201293945,0.0,0.0,0.0,0.0,0.0,0.0,0.0
0.0,0.0,0.9948949813842773,0.0,0.0,0.0,0.0,0.0,0.0,0.0
0.0,0.0,0.9941043853759766,0.0,0.0,0.0,0.0,0.0,0.0,0.0
0.0,0.0,0.9953231811523438,0.0,0.0,0.0,0.0,0.0,0.0,0.0
0.0,0.0,0.9954538345336914,0.0,0.0,0.0,0.0,0.0,0.0,0.0
0.0,0.0,0.9960823059082031,0.0,0.0,0.0,0.0,0.0,0.0,0.0
0.0,0.0,0.9958333969116211,0.0,0.0,0.0,0.0,0.0,0.0,0.0
0.0,0.0,0.9924898147583008,0.0,0.0,0.0,0.0,0.0,0.0,0.0
0.0,0.0,0.9956560134887695,0.0,0.0,0.0,0.0,0.0,0.0,0.0
0.0,0.0,0.9961862564086914,0.0,0.0,0.0,0.0,0.0,0.0,0.0
0.0,0.0,0.9958248138427734,0.0,0.0,0.0,0.0,0.0,0.0,0.0
0.0,0.0,0.9957237243652344,0.0,0.0,0.0,0.0,0.0,0.0,0.0
0.0,0.0,0.9958686828613281,0.0,0.0,0.0,0.0,0.0,0.0,0.0
0.0,0.0,0.9947986602783203,0.0,0.0,0.0,0.0,0.0,0.0,0.0
0.0,0.0,0.9957389831542969,0.0,0.0,0.0,0.0,0.0,0.0,0.0
0.0,0.0,0.9948158264160156,0.0,0.0,0.0,0.0,0.0,0.0,0.0
0.421211290764593,0.5927497107597377,0.99798583984375,0.9636363636363636,0.42801448064605957,0.421211290764593,0.5927497107597377,0.9636363636363636,0.42801448064605957,0.0
0.0,0.0,0.9954109191894531,0.0,0.0,0.0,0.0,0.0,0.0,0.0
0.06368477103301384,0.1197436924309171,0.9958076477050781,0.21311475409836064,0.0832637148426622,0.06368477103301384,0.1197436924309171,0.21311475409836064,0.0832637148426622,0.0
0.0,0.0,0.9957780838012695,0.0,0.0,0.0,0.0,0.0,0.0,0.0
0.0,0.0,0.9960126876831055,0.0,0.0,0.0,0.0,0.0,0.0,0.0
0.0,0.0,0.995762825012207,0.0,0.0,0.0,0.0,0.0,0.0,0.0
0.0,0.0,0.995600700378418,0.0,0.0,0.0,0.0,0.0,0.0,0.0
0.0,0.0,0.9948797225952148,0.0,0.0,0.0,0.0,0.0,0.0,0.0
0.0,0.0,0.9952287673950195,0.0,0.0,0.0,0.0,0.0,0.0,0.0
0.0,0.0,0.9947710037231445,0.0,0.0,0.0,0.0,0.0,0.0,0.0
0.0,0.0,0.9947481155395508,0.0,0.0,0.0,0.0,0.0,0.0,0.0
0.0,0.0,0.8906669616699219,0.0,0.0,0.0,0.0,0.0,0.0,0.0
0.0,0.0,0.9951591491699219,0.0,0.0,0.0,0.0,0.0,0.0,0.0
0.0,0.0,0.9965724945068359,0.0,0.0,0.0,0.0,0.0,0.0,0.0
0.0,0.0,0.9952945709228516,0.0,0.0,0.0,0.0,0.0,0.0,0.0
0.0,0.0,0.9887199401855469,0.0,0.0,0.0,0.0,0.0,0.0,0.0
0.0,0.0,0.9958133697509766,0.0,0.0,0.0,0.0,0.0,0.0,0.0
0.0,0.0,0.9953365325927734,0.0,0.0,0.0,0.0,0.0,0.0,0.0
0.0,0.0,0.9979257583618164,0.0,0.0,0.0,0.0,0.0,0.0,0.0
0.0,0.0,0.9887962341308594,0.0,0.0,0.0,0.0,0.0,0.0,0.0
0.0,0.0,0.9897031784057617,0.0,0.0,0.0,0.0,0.0,0.0,0.0
0.0,0.0,0.997715950012207,0.0,0.0,0.0,0.0,0.0,0.0,0.0
0.0,0.0,0.9944353103637695,0.0,0.0,0.0,0.0,0.0,0.0,0.0
0.0,0.0,0.9965915679931641,0.0,0.0,0.0,0.0,0.0,0.0,0.0
0.0,0.0,0.9982786178588867,0.0,0.0,0.0,0.0,0.0,0.0,0.0
0.0,0.0,0.9977512359619141,0.0,0.0,0.0,0.0,0.0,0.0,0.0
0.0,0.0,0.9980411529541016,0.0,0.0,0.0,0.0,0.0,0.0,0.0
0.0,0.0,0.9987010955810547,0.0,0.0,0.0,0.0,0.0,0.0,0.0
0.0,0.0,0.9978322982788086,0.0,0.0,0.0,0.0,0.0,0.0,0.0
0.0,0.0,0.9980936050415039,0.0,0.0,0.0,0.0,0.0,0.0,0.0
0.0,0.0,0.9988985061645508,0.0,0.0,0.0,0.0,0.0,0.0,0.0
0.0,0.0,0.9985361099243164,0.0,0.0,0.0,0.0,0.0,0.0,0.0
0.0,0.0,0.9978504180908203,0.0,0.0,0.0,0.0,0.0,0.0,0.0
0.0,0.0,0.9985113143920898,0.0,0.0,0.0,0.0,0.0,0.0,0.0
0.0,0.0,0.9988536834716797,0.0,0.0,0.0,0.0,0.0,0.0,0.0
0.0,0.0,0.9983844757080078,0.0,0.0,0.0,0.0,0.0,0.0,0.0
0.0,0.0,0.9985570907592773,0.0,0.0,0.0,0.0,0.0,0.0,0.0
0.0,0.0,0.9988546371459961,0.0,0.0,0.0,0.0,0.0,0.0,0.0
0.0,0.0,0.9983882904052734,0.0,0.0,0.0,0.0,0.0,0.0,0.0
0.0,0.0,0.998072624206543,0.0,0.0,0.0,0.0,0.0,0.0,0.0
0.0,0.0,0.9985141754150391,0.0,0.0,0.0,0.0,0.0,0.0,0.0
0.0,0.0,0.9982643127441406,0.0,0.0,0.0,0.0,0.0,0.0,0.0
0.0,0.0,0.9989242553710938,0.0,0.0,0.0,0.0,0.0,0.0,0.0
0.0,0.0,0.998988151550293,0.0,0.0,0.0,0.0,0.0,0.0,0.0
0.0,0.0,0.9980640411376953,0.0,0.0,0.0,0.0,0.0,0.0,0.0
0.0,0.0,0.9984331130981445,0.0,0.0,0.0,0.0,0.0,0.0,0.0
0.0,0.0,0.9978761672973633,0.0,0.0,0.0,0.0,0.0,0.0,0.0
0.0,0.0,0.9982089996337891,0.0,0.0,0.0,0.0,0.0,0.0,0.0
0.0,0.0,0.9988527297973633,0.0,0.0,0.0,0.0,0.0,0.0,0.0
0.0,0.0,0.998682975769043,0.0,0.0,0.0,0.0,0.0,0.0,0.0
0.0,0.0,0.9987936019897461,0.0,0.0,0.0,0.0,0.0,0.0,0.0
0.0,0.0,0.9988670349121094,0.0,0.0,0.0,0.0,0.0,0.0,0.0
0.0,0.0,0.9984941482543945,0.0,0.0,0.0,0.0,0.0,0.0,0.0
0.0,0.0,0.9989089965820312,0.0,0.0,0.0,0.0,0.0,0.0,0.0
0.0,0.0,0.9988908767700195,0.0,0.0,0.0,0.0,0.0,0.0,0.0
0.0,0.0,0.9989633560180664,0.0,0.0,0.0,0.0,0.0,0.0,0.0
0.7756332931242461,0.873641304347826,0.9998226165771484,0.7948084054388134,0.9698340874811463,0.7756332931242461,0.873641304347826,0.7948084054388134,0.9698340874811463,1.0
0.0,0.0,0.9986906051635742,0.0,0.0,0.0,0.0,0.0,0.0,0.0
0.0,0.0,0.9986104965209961,0.0,0.0,0.0,0.0,0.0,0.0,0.0
0.0,0.0,0.9988918304443359,0.0,0.0,0.0,0.0,0.0,0.0,0.0
0.0,0.0,0.9984502792358398,0.0,0.0,0.0,0.0,0.0,0.0,0.0
0.0,0.0,0.997736930847168,0.0,0.0,0.0,0.0,0.0,0.0,0.0
0.0,0.0,0.9986352920532227,0.0,0.0,0.0,0.0,0.0,0.0,0.0
0.0,0.0,0.9990386962890625,0.0,0.0,0.0,0.0,0.0,0.0,0.0
0.0,0.0,0.9990129470825195,0.0,0.0,0.0,0.0,0.0,0.0,0.0
0.0,0.0,0.9988574981689453,0.0,0.0,0.0,0.0,0.0,0.0,0.0
0.0,0.0,0.9989137649536133,0.0,0.0,0.0,0.0,0.0,0.0,0.0
0.0,0.0,0.9989223480224609,0.0,0.0,0.0,0.0,0.0,0.0,0.0
0.0,0.0,0.9988279342651367,0.0,0.0,0.0,0.0,0.0,0.0,0.0
0.0,0.0,0.9988336563110352,0.0,0.0,0.0,0.0,0.0,0.0,0.0
0.0,0.0,0.9989910125732422,0.0,0.0,0.0,0.0,0.0,0.0,0.0
0.0,0.0,0.9989137649536133,0.0,0.0,0.0,0.0,0.0,0.0,0.0
0.0,0.0,0.9989509582519531,0.0,0.0,0.0,0.0,0.0,0.0,0.0
0.0,0.0,0.9988231658935547,0.0,0.0,0.0,0.0,0.0,0.0,0.0
0.0,0.0,0.9932584762573242,0.0,0.0,0.0,0.0,0.0,0.0,0.0
0.0,0.0,0.9907941818237305,0.0,0.0,0.0,0.0,0.0,0.0,0.0
0.0,0.0,0.9934120178222656,0.0,0.0,0.0,0.0,0.0,0.0,0.0
0.0,0.0,0.9948940277099609,0.0,0.0,0.0,0.0,0.0,0.0,0.0
0.0,0.0,0.9976167678833008,0.0,0.0,0.0,0.0,0.0,0.0,0.0
0.0,0.0,0.9980735778808594,0.0,0.0,0.0,0.0,0.0,0.0,0.0
0.0,0.0,0.9939517974853516,0.0,0.0,0.0,0.0,0.0,0.0,0.0
0.0,0.0,0.9987297058105469,0.0,0.0,0.0,0.0,0.0,0.0,0.0
0.0,0.0,0.9926776885986328,0.0,0.0,0.0,0.0,0.0,0.0,0.0
0.0,0.0,0.9963874816894531,0.0,0.0,0.0,0.0,0.0,0.0,0.0
0.0,0.0,0.9940528869628906,0.0,0.0,0.0,0.0,0.0,0.0,0.0
0.0,0.0,0.9981040954589844,0.0,0.0,0.0,0.0,0.0,0.0,0.0
0.0,0.0,0.9972267150878906,0.0,0.0,0.0,0.0,0.0,0.0,0.0
0.0,0.0,0.9972524642944336,0.0,0.0,0.0,0.0,0.0,0.0,0.0
0.0,0.0,0.9971637725830078,0.0,0.0,0.0,0.0,0.0,0.0,0.0
0.0,0.0,0.9980993270874023,0.0,0.0,0.0,0.0,0.0,0.0,0.0
0.0,0.0,0.9937334060668945,0.0,0.0,0.0,0.0,0.0,0.0,0.0
0.0,0.0,0.9979639053344727,0.0,0.0,0.0,0.0,0.0,0.0,0.0
0.0,0.0,0.9981317520141602,0.0,0.0,0.0,0.0,0.0,0.0,0.0
0.0,0.0,0.9964694976806641,0.0,0.0,0.0,0.0,0.0,0.0,0.0
0.0,0.0,0.9963035583496094,0.0,0.0,0.0,0.0,0.0,0.0,0.0
0.0,0.0,0.9979705810546875,0.0,0.0,0.0,0.0,0.0,0.0,0.0
0.0,0.0,0.9970674514770508,0.0,0.0,0.0,0.0,0.0,0.0,0.0
0.0,0.0,0.9980878829956055,0.0,0.0,0.0,0.0,0.0,0.0,0.0
0.0,0.0,0.9972333908081055,0.0,0.0,0.0,0.0,0.0,0.0,0.0
0.0,0.0,0.9976902008056641,0.0,0.0,0.0,0.0,0.0,0.0,0.0
0.0,0.0,0.9983501434326172,0.0,0.0,0.0,0.0,0.0,0.0,0.0
0.0,0.0,0.9979953765869141,0.0,0.0,0.0,0.0,0.0,0.0,0.0
0.0,0.0,0.9983510971069336,0.0,0.0,0.0,0.0,0.0,0.0,0.0
0.8426966292134831,0.9146341463414634,0.9999465942382812,0.8450704225352113,0.9966777408637874,0.8426966292134831,0.9146341463414634,0.8450704225352113,0.9966777408637874,1.0
0.0,0.0,0.9992465972900391,0.0,0.0,0.0,0.0,0.0,0.0,0.0
0.0,0.0,0.9956159591674805,0.0,0.0,0.0,0.0,0.0,0.0,0.0
0.0,0.0,0.9981622695922852,0.0,0.0,0.0,0.0,0.0,0.0,0.0
0.0,0.0,0.9980831146240234,0.0,0.0,0.0,0.0,0.0,0.0,0.0
0.0,0.0,0.999114990234375,0.0,0.0,0.0,0.0,0.0,0.0,0.0
0.0,0.0,0.9980354309082031,0.0,0.0,0.0,0.0,0.0,0.0,0.0
0.0,0.0,0.9979028701782227,0.0,0.0,0.0,0.0,0.0,0.0,0.0
0.0,0.0,0.9982318878173828,0.0,0.0,0.0,0.0,0.0,0.0,0.0
0.0,0.0,0.9978857040405273,0.0,0.0,0.0,0.0,0.0,0.0,0.0
0.0,0.0,0.9984989166259766,0.0,0.0,0.0,0.0,0.0,0.0,0.0
0.0,0.0,0.9954099655151367,0.0,0.0,0.0,0.0,0.0,0.0,0.0
0.0,0.0,0.9992637634277344,0.0,0.0,0.0,0.0,0.0,0.0,0.0
0.0,0.0,0.9984188079833984,0.0,0.0,0.0,0.0,0.0,0.0,0.0
0.0,0.0,0.9970016479492188,0.0,0.0,0.0,0.0,0.0,0.0,0.0
0.0,0.0,0.9980087280273438,0.0,0.0,0.0,0.0,0.0,0.0,0.0
0.0,0.0,0.9991903305053711,0.0,0.0,0.0,0.0,0.0,0.0,0.0
0.0,0.0,0.9985227584838867,0.0,0.0,0.0,0.0,0.0,0.0,0.0
0.0,0.0,0.9986381530761719,0.0,0.0,0.0,0.0,0.0,0.0,0.0
0.0,0.0,0.9992523193359375,0.0,0.0,0.0,0.0,0.0,0.0,0.0
0.0,0.0,0.9978837966918945,0.0,0.0,0.0,0.0,0.0,0.0,0.0
0.0,0.0,0.9985332489013672,0.0,0.0,0.0,0.0,0.0,0.0,0.0
0.0,0.0,0.9979305267333984,0.0,0.0,0.0,0.0,0.0,0.0,0.0
0.0,0.0,0.9992094039916992,0.0,0.0,0.0,0.0,0.0,0.0,0.0
0.0,0.0,0.9984512329101562,0.0,0.0,0.0,0.0,0.0,0.0,0.0
0.0,0.0,0.9987697601318359,0.0,0.0,0.0,0.0,0.0,0.0,0.0
0.0,0.0,0.9992189407348633,0.0,0.0,0.0,0.0,0.0,0.0,0.0
0.0,0.0,0.9982519149780273,0.0,0.0,0.0,0.0,0.0,0.0,0.0
0.0,0.0,0.9992761611938477,0.0,0.0,0.0,0.0,0.0,0.0,0.0
0.0,0.0,0.9982109069824219,0.0,0.0,0.0,0.0,0.0,0.0,0.0
0.0,0.0,0.9991741180419922,0.0,0.0,0.0,0.0,0.0,0.0,0.0
0.0,0.0,0.9988384246826172,0.0,0.0,0.0,0.0,0.0,0.0,0.0
0.0,0.0,0.9991979598999023,0.0,0.0,0.0,0.0,0.0,0.0,0.0
0.0,0.0,0.9992008209228516,0.0,0.0,0.0,0.0,0.0,0.0,0.0
0.0,0.0,0.9985952377319336,0.0,0.0,0.0,0.0,0.0,0.0,0.0
0.0,0.0,0.9986886978149414,0.0,0.0,0.0,0.0,0.0,0.0,0.0
0.0,0.0,0.9983882904052734,0.0,0.0,0.0,0.0,0.0,0.0,0.0
0.0,0.0,0.9991340637207031,0.0,0.0,0.0,0.0,0.0,0.0,0.0
0.0,0.0,0.998621940612793,0.0,0.0,0.0,0.0,0.0,0.0,0.0
0.0,0.0,0.9992961883544922,0.0,0.0,0.0,0.0,0.0,0.0,0.0
0.0,0.0,0.9987020492553711,0.0,0.0,0.0,0.0,0.0,0.0,0.0
0.0,0.0,0.9985332489013672,0.0,0.0,0.0,0.0,0.0,0.0,0.0
0.0,0.0,0.998042106628418,0.0,0.0,0.0,0.0,0.0,0.0,0.0
0.0,0.0,0.9985408782958984,0.0,0.0,0.0,0.0,0.0,0.0,0.0
0.0,0.0,0.9978828430175781,0.0,0.0,0.0,0.0,0.0,0.0,0.0
0.0,0.0,0.9987144470214844,0.0,0.0,0.0,0.0,0.0,0.0,0.0
0.0,0.0,0.9978704452514648,0.0,0.0,0.0,0.0,0.0,0.0,0.0
0.0,0.0,0.9992771148681641,0.0,0.0,0.0,0.0,0.0,0.0,0.0
0.0,0.0,0.9992485046386719,0.0,0.0,0.0,0.0,0.0,0.0,0.0
0.0,0.0,0.9989261627197266,0.0,0.0,0.0,0.0,0.0,0.0,0.0
0.0,0.0,0.9990472793579102,0.0,0.0,0.0,0.0,0.0,0.0,0.0
0.0,0.0,0.9990005493164062,0.0,0.0,0.0,0.0,0.0,0.0,0.0
0.0,0.0,0.9985332489013672,0.0,0.0,0.0,0.0,0.0,0.0,0.0
0.0,0.0,0.9991979598999023,0.0,0.0,0.0,0.0,0.0,0.0,0.0
0.0,0.0,0.9983043670654297,0.0,0.0,0.0,0.0,0.0,0.0,0.0
0.0,0.0,0.9992351531982422,0.0,0.0,0.0,0.0,0.0,0.0,0.0
0.0,0.0,0.9988117218017578,0.0,0.0,0.0,0.0,0.0,0.0,0.0
0.0,0.0,0.9987173080444336,0.0,0.0,0.0,0.0,0.0,0.0,0.0
0.0,0.0,0.9423761367797852,0.0,0.0,0.0,0.0,0.0,0.0,0.0
0.0,0.0,0.9956083297729492,0.0,0.0,0.0,0.0,0.0,0.0,0.0
0.0,0.0,0.996337890625,0.0,0.0,0.0,0.0,0.0,0.0,0.0
0.0,0.0,0.9963779449462891,0.0,0.0,0.0,0.0,0.0,0.0,0.0
0.0,0.0,0.9965839385986328,0.0,0.0,0.0,0.0,0.0,0.0,0.0
0.0,0.0,0.9953756332397461,0.0,0.0,0.0,0.0,0.0,0.0,0.0
0.0,0.0,0.9968023300170898,0.0,0.0,0.0,0.0,0.0,0.0,0.0
0.0,0.0,0.9967451095581055,0.0,0.0,0.0,0.0,0.0,0.0,0.0
0.0,0.0,0.9961395263671875,0.0,0.0,0.0,0.0,0.0,0.0,0.0
0.0,0.0,0.9960393905639648,0.0,0.0,0.0,0.0,0.0,0.0,0.0
0.0,0.0,0.9969053268432617,0.0,0.0,0.0,0.0,0.0,0.0,0.0
0.0,0.0,0.9967889785766602,0.0,0.0,0.0,0.0,0.0,0.0,0.0
0.0,0.0,0.9973011016845703,0.0,0.0,0.0,0.0,0.0,0.0,0.0
0.0,0.0,0.9965276718139648,0.0,0.0,0.0,0.0,0.0,0.0,0.0
0.0,0.0,0.9974470138549805,0.0,0.0,0.0,0.0,0.0,0.0,0.0
0.0,0.0,0.9960222244262695,0.0,0.0,0.0,0.0,0.0,0.0,0.0
0.0,0.0,0.9964895248413086,0.0,0.0,0.0,0.0,0.0,0.0,0.0
0.0,0.0,0.9973917007446289,0.0,0.0,0.0,0.0,0.0,0.0,0.0
0.0,0.0,0.9964666366577148,0.0,0.0,0.0,0.0,0.0,0.0,0.0
0.0,0.0,0.9965934753417969,0.0,0.0,0.0,0.0,0.0,0.0,0.0
0.0,0.0,0.9971933364868164,0.0,0.0,0.0,0.0,0.0,0.0,0.0
0.0,0.0,0.9977807998657227,0.0,0.0,0.0,0.0,0.0,0.0,0.0
0.0,0.0,0.9965324401855469,0.0,0.0,0.0,0.0,0.0,0.0,0.0
0.0,0.0,0.9865808486938477,0.0,0.0,0.0,0.0,0.0,0.0,0.0
0.0,0.0,0.9868717193603516,0.0,0.0,0.0,0.0,0.0,0.0,0.0
0.0,0.0,0.9867095947265625,0.0,0.0,0.0,0.0,0.0,0.0,0.0
0.0,0.0,0.9870338439941406,0.0,0.0,0.0,0.0,0.0,0.0,0.0
0.0,0.0,0.9881925582885742,0.0,0.0,0.0,0.0,0.0,0.0,0.0
0.0,0.0,0.9875974655151367,0.0,0.0,0.0,0.0,0.0,0.0,0.0
0.0,0.0,0.9868698120117188,0.0,0.0,0.0,0.0,0.0,0.0,0.0
0.0,0.0,0.9871759414672852,0.0,0.0,0.0,0.0,0.0,0.0,0.0
0.0,0.0,0.979823112487793,0.0,0.0,0.0,0.0,0.0,0.0,0.0
0.0,0.0,0.9872560501098633,0.0,0.0,0.0,0.0,0.0,0.0,0.0
0.0,0.0,0.9865560531616211,0.0,0.0,0.0,0.0,0.0,0.0,0.0
0.0,0.0,0.987025260925293,0.0,0.0,0.0,0.0,0.0,0.0,0.0
0.0,0.0,0.9871540069580078,0.0,0.0,0.0,0.0,0.0,0.0,0.0
0.0,0.0,0.9875497817993164,0.0,0.0,0.0,0.0,0.0,0.0,0.0
0.0,0.0,0.9885063171386719,0.0,0.0,0.0,0.0,0.0,0.0,0.0
0.0,0.0,0.9883003234863281,0.0,0.0,0.0,0.0,0.0,0.0,0.0
0.0,0.0,0.9882593154907227,0.0,0.0,0.0,0.0,0.0,0.0,0.0
0.0,0.0,0.9883432388305664,0.0,0.0,0.0,0.0,0.0,0.0,0.0
0.0,0.0,0.9885292053222656,0.0,0.0,0.0,0.0,0.0,0.0,0.0
0.0,0.0,0.9882736206054688,0.0,0.0,0.0,0.0,0.0,0.0,0.0
0.0,0.0,0.9882240295410156,0.0,0.0,0.0,0.0,0.0,0.0,0.0
0.0,0.0,0.9883012771606445,0.0,0.0,0.0,0.0,0.0,0.0,0.0
0.0,0.0,0.9887399673461914,0.0,0.0,0.0,0.0,0.0,0.0,0.0
0.0,0.0,0.9862804412841797,0.0,0.0,0.0,0.0,0.0,0.0,0.0
0.0,0.0,0.9886322021484375,0.0,0.0,0.0,0.0,0.0,0.0,0.0
0.0,0.0,0.9880971908569336,0.0,0.0,0.0,0.0,0.0,0.0,0.0
0.0,0.0,0.9882326126098633,0.0,0.0,0.0,0.0,0.0,0.0,0.0
0.0,0.0,0.9887933731079102,0.0,0.0,0.0,0.0,0.0,0.0,0.0
0.0,0.0,0.988368034362793,0.0,0.0,0.0,0.0,0.0,0.0,0.0
0.0,0.0,0.9893217086791992,0.0,0.0,0.0,0.0,0.0,0.0,0.0
0.0,0.0,0.9886054992675781,0.0,0.0,0.0,0.0,0.0,0.0,0.0
0.0,0.0,0.9886322021484375,0.0,0.0,0.0,0.0,0.0,0.0,0.0
0.0,0.0,0.9889602661132812,0.0,0.0,0.0,0.0,0.0,0.0,0.0
0.0,0.0,0.9891376495361328,0.0,0.0,0.0,0.0,0.0,0.0,0.0
0.0,0.0,0.9882841110229492,0.0,0.0,0.0,0.0,0.0,0.0,0.0
0.0,0.0,0.9882221221923828,0.0,0.0,0.0,0.0,0.0,0.0,0.0
0.0,0.0,0.9882984161376953,0.0,0.0,0.0,0.0,0.0,0.0,0.0
0.0,0.0,0.9885396957397461,0.0,0.0,0.0,0.0,0.0,0.0,0.0
0.0,0.0,0.989410400390625,0.0,0.0,0.0,0.0,0.0,0.0,0.0
0.0,0.0,0.9882526397705078,0.0,0.0,0.0,0.0,0.0,0.0,0.0
0.0,0.0,0.9887075424194336,0.0,0.0,0.0,0.0,0.0,0.0,0.0
0.0,0.0,0.9885406494140625,0.0,0.0,0.0,0.0,0.0,0.0,0.0
0.0,0.0,0.9892072677612305,0.0,0.0,0.0,0.0,0.0,0.0,0.0
0.0,0.0,0.9882478713989258,0.0,0.0,0.0,0.0,0.0,0.0,0.0
0.0,0.0,0.9893264770507812,0.0,0.0,0.0,0.0,0.0,0.0,0.0
0.0,0.0,0.9892330169677734,0.0,0.0,0.0,0.0,0.0,0.0,0.0
0.0,0.0,0.9892520904541016,0.0,0.0,0.0,0.0,0.0,0.0,0.0
0.0,0.0,0.9880228042602539,0.0,0.0,0.0,0.0,0.0,0.0,0.0
0.0,0.0,0.9883489608764648,0.0,0.0,0.0,0.0,0.0,0.0,0.0
0.0,0.0,0.989222526550293,0.0,0.0,0.0,0.0,0.0,0.0,0.0
0.0,0.0,0.9886207580566406,0.0,0.0,0.0,0.0,0.0,0.0,0.0
0.0,0.0,0.9885339736938477,0.0,0.0,0.0,0.0,0.0,0.0,0.0
0.0,0.0,0.9892292022705078,0.0,0.0,0.0,0.0,0.0,0.0,0.0
0.0,0.0,0.9887657165527344,0.0,0.0,0.0,0.0,0.0,0.0,0.0
0.0,0.0,0.9893198013305664,0.0,0.0,0.0,0.0,0.0,0.0,0.0
0.0,0.0,0.9882831573486328,0.0,0.0,0.0,0.0,0.0,0.0,0.0
0.0,0.0,0.9883995056152344,0.0,0.0,0.0,0.0,0.0,0.0,0.0
0.0,0.0,0.9886350631713867,0.0,0.0,0.0,0.0,0.0,0.0,0.0
0.0,0.0,0.9881973266601562,0.0,0.0,0.0,0.0,0.0,0.0,0.0
0.0,0.0,0.9882926940917969,0.0,0.0,0.0,0.0,0.0,0.0,0.0
0.0,0.0,0.9882545471191406,0.0,0.0,0.0,0.0,0.0,0.0,0.0
0.0,0.0,0.9882316589355469,0.0,0.0,0.0,0.0,0.0,0.0,0.0
0.0,0.0,0.9887275695800781,0.0,0.0,0.0,0.0,0.0,0.0,0.0
0.0,0.0,0.9884309768676758,0.0,0.0,0.0,0.0,0.0,0.0,0.0
0.0,0.0,0.9890975952148438,0.0,0.0,0.0,0.0,0.0,0.0,0.0
0.0,0.0,0.9885044097900391,0.0,0.0,0.0,0.0,0.0,0.0,0.0
0.0,0.0,0.9882717132568359,0.0,0.0,0.0,0.0,0.0,0.0,0.0
0.0,0.0,0.9892234802246094,0.0,0.0,0.0,0.0,0.0,0.0,0.0
0.0,0.0,0.9883146286010742,0.0,0.0,0.0,0.0,0.0,0.0,0.0
0.0,0.0,0.9893379211425781,0.0,0.0,0.0,0.0,0.0,0.0,0.0
0.0,0.0,0.9882078170776367,0.0,0.0,0.0,0.0,0.0,0.0,0.0
0.0,0.0,0.9888372421264648,0.0,0.0,0.0,0.0,0.0,0.0,0.0
0.0,0.0,0.9891529083251953,0.0,0.0,0.0,0.0,0.0,0.0,0.0
0.0,0.0,0.9881658554077148,0.0,0.0,0.0,0.0,0.0,0.0,0.0
0.0,0.0,0.9892940521240234,0.0,0.0,0.0,0.0,0.0,0.0,0.0
0.0,0.0,0.9883794784545898,0.0,0.0,0.0,0.0,0.0,0.0,0.0
0.0,0.0,0.9714841842651367,0.0,0.0,0.0,0.0,0.0,0.0,0.0
0.0,0.0,0.9946393966674805,0.0,0.0,0.0,0.0,0.0,0.0,0.0
0.0,0.0,0.9959802627563477,0.0,0.0,0.0,0.0,0.0,0.0,0.0
0.0,0.0,0.9955244064331055,0.0,0.0,0.0,0.0,0.0,0.0,0.0
0.0,0.0,0.994511604309082,0.0,0.0,0.0,0.0,0.0,0.0,0.0
0.0,0.0,0.9981212615966797,0.0,0.0,0.0,0.0,0.0,0.0,0.0
0.0,0.0,0.9973354339599609,0.0,0.0,0.0,0.0,0.0,0.0,0.0
0.0,0.0,0.9955987930297852,0.0,0.0,0.0,0.0,0.0,0.0,0.0
0.0,0.0,0.9981117248535156,0.0,0.0,0.0,0.0,0.0,0.0,0.0
0.0,0.0,0.9973220825195312,0.0,0.0,0.0,0.0,0.0,0.0,0.0
0.0,0.0,0.9986209869384766,0.0,0.0,0.0,0.0,0.0,0.0,0.0
0.0,0.0,0.9977779388427734,0.0,0.0,0.0,0.0,0.0,0.0,0.0
0.0,0.0,0.9985256195068359,0.0,0.0,0.0,0.0,0.0,0.0,0.0
0.0,0.0,0.9954061508178711,0.0,0.0,0.0,0.0,0.0,0.0,0.0
0.0,0.0,0.9972162246704102,0.0,0.0,0.0,0.0,0.0,0.0,0.0
0.0,0.0,0.9973049163818359,0.0,0.0,0.0,0.0,0.0,0.0,0.0
0.0,0.0,0.9988679885864258,0.0,0.0,0.0,0.0,0.0,0.0,0.0
0.0,0.0,0.9989776611328125,0.0,0.0,0.0,0.0,0.0,0.0,0.0
0.0,0.0,0.9984903335571289,0.0,0.0,0.0,0.0,0.0,0.0,0.0
0.0,0.0,0.9986104965209961,0.0,0.0,0.0,0.0,0.0,0.0,0.0
0.0,0.0,0.9989023208618164,0.0,0.0,0.0,0.0,0.0,0.0,0.0
0.0,0.0,0.998448371887207,0.0,0.0,0.0,0.0,0.0,0.0,0.0
0.0,0.0,0.9986991882324219,0.0,0.0,0.0,0.0,0.0,0.0,0.0
0.0,0.0,0.9989290237426758,0.0,0.0,0.0,0.0,0.0,0.0,0.0
0.0,0.0,0.9974660873413086,0.0,0.0,0.0,0.0,0.0,0.0,0.0
0.0,0.0,0.9978876113891602,0.0,0.0,0.0,0.0,0.0,0.0,0.0
0.0,0.0,0.9990139007568359,0.0,0.0,0.0,0.0,0.0,0.0,0.0
0.0,0.0,0.9983882904052734,0.0,0.0,0.0,0.0,0.0,0.0,0.0
0.0,0.0,0.9983205795288086,0.0,0.0,0.0,0.0,0.0,0.0,0.0
0.0,0.0,0.9990606307983398,0.0,0.0,0.0,0.0,0.0,0.0,0.0
0.0,0.0,0.999603271484375,0.0,0.0,0.0,0.0,0.0,0.0,0.0
0.0,0.0,0.9983310699462891,0.0,0.0,0.0,0.0,0.0,0.0,0.0
0.0,0.0,0.9985523223876953,0.0,0.0,0.0,0.0,0.0,0.0,0.0
0.0,0.0,0.9987058639526367,0.0,0.0,0.0,0.0,0.0,0.0,0.0
0.0,0.0,0.9988288879394531,0.0,0.0,0.0,0.0,0.0,0.0,0.0
0.0,0.0,0.9985466003417969,0.0,0.0,0.0,0.0,0.0,0.0,0.0
0.0,0.0,0.9983386993408203,0.0,0.0,0.0,0.0,0.0,0.0,0.0
0.0,0.0,0.9988393783569336,0.0,0.0,0.0,0.0,0.0,0.0,0.0
0.0,0.0,0.9986124038696289,0.0,0.0,0.0,0.0,0.0,0.0,0.0
0.0,0.0,0.9984989166259766,0.0,0.0,0.0,0.0,0.0,0.0,0.0
0.0,0.0,0.9985008239746094,0.0,0.0,0.0,0.0,0.0,0.0,0.0
0.0,0.0,0.9986772537231445,0.0,0.0,0.0,0.0,0.0,0.0,0.0
0.0,0.0,0.9996347427368164,0.0,0.0,0.0,0.0,0.0,0.0,0.0
0.0,0.0,0.9984331130981445,0.0,0.0,0.0,0.0,0.0,0.0,0.0
0.0,0.0,0.9983491897583008,0.0,0.0,0.0,0.0,0.0,0.0,0.0
0.0,0.0,0.9985752105712891,0.0,0.0,0.0,0.0,0.0,0.0,0.0
0.0,0.0,0.9987707138061523,0.0,0.0,0.0,0.0,0.0,0.0,0.0
0.0,0.0,0.9988861083984375,0.0,0.0,0.0,0.0,0.0,0.0,0.0
0.0,0.0,0.998295783996582,0.0,0.0,0.0,0.0,0.0,0.0,0.0
0.0,0.0,0.9987907409667969,0.0,0.0,0.0,0.0,0.0,0.0,0.0
0.0,0.0,0.9985637664794922,0.0,0.0,0.0,0.0,0.0,0.0,0.0
0.0,0.0,0.9986610412597656,0.0,0.0,0.0,0.0,0.0,0.0,0.0
0.0,0.0,0.9984750747680664,0.0,0.0,0.0,0.0,0.0,0.0,0.0
0.0,0.0,0.9988842010498047,0.0,0.0,0.0,0.0,0.0,0.0,0.0
0.0,0.0,0.9995079040527344,0.0,0.0,0.0,0.0,0.0,0.0,0.0
0.0,0.0,0.9994821548461914,0.0,0.0,0.0,0.0,0.0,0.0,0.0
0.0,0.0,0.9994773864746094,0.0,0.0,0.0,0.0,0.0,0.0,0.0
0.0,0.0,0.9989109039306641,0.0,0.0,0.0,0.0,0.0,0.0,0.0
0.0,0.0,0.9992904663085938,0.0,0.0,0.0,0.0,0.0,0.0,0.0
0.0,0.0,0.9994888305664062,0.0,0.0,0.0,0.0,0.0,0.0,0.0
0.0,0.0,0.9990787506103516,0.0,0.0,0.0,0.0,0.0,0.0,0.0
0.0,0.0,0.9988574981689453,0.0,0.0,0.0,0.0,0.0,0.0,0.0
0.0,0.0,0.9987344741821289,0.0,0.0,0.0,0.0,0.0,0.0,0.0
0.0,0.0,0.9984455108642578,0.0,0.0,0.0,0.0,0.0,0.0,0.0
0.0,0.0,0.9995527267456055,0.0,0.0,0.0,0.0,0.0,0.0,0.0
0.0,0.0,0.9996509552001953,0.0,0.0,0.0,0.0,0.0,0.0,0.0
0.0,0.0,0.9984207153320312,0.0,0.0,0.0,0.0,0.0,0.0,0.0
0.0,0.0,0.9986667633056641,0.0,0.0,0.0,0.0,0.0,0.0,0.0
0.0,0.0,0.9996261596679688,0.0,0.0,0.0,0.0,0.0,0.0,0.0
0.0,0.0,0.9986686706542969,0.0,0.0,0.0,0.0,0.0,0.0,0.0
0.0,0.0,0.9988260269165039,0.0,0.0,0.0,0.0,0.0,0.0,0.0
0.0,0.0,0.9989738464355469,0.0,0.0,0.0,0.0,0.0,0.0,0.0
0.0,0.0,0.9993963241577148,0.0,0.0,0.0,0.0,0.0,0.0,0.0
0.0,0.0,0.9996070861816406,0.0,0.0,0.0,0.0,0.0,0.0,0.0
0.0,0.0,0.9994211196899414,0.0,0.0,0.0,0.0,0.0,0.0,0.0
0.0,0.0,0.9983444213867188,0.0,0.0,0.0,0.0,0.0,0.0,0.0
0.0,0.0,0.9985170364379883,0.0,0.0,0.0,0.0,0.0,0.0,0.0
0.0,0.0,0.9986991882324219,0.0,0.0,0.0,0.0,0.0,0.0,0.0
0.0,0.0,0.9994726181030273,0.0,0.0,0.0,0.0,0.0,0.0,0.0
0.0,0.0,0.9858331680297852,0.0,0.0,0.0,0.0,0.0,0.0,0.0
0.0,0.0,0.9855175018310547,0.0,0.0,0.0,0.0,0.0,0.0,0.0
0.0,0.0,0.9849424362182617,0.0,0.0,0.0,0.0,0.0,0.0,0.0
0.0,0.0,0.9864940643310547,0.0,0.0,0.0,0.0,0.0,0.0,0.0
0.0,0.0,0.9859762191772461,0.0,0.0,0.0,0.0,0.0,0.0,0.0
0.0,0.0,0.9857864379882812,0.0,0.0,0.0,0.0,0.0,0.0,0.0
0.0,0.0,0.9863672256469727,0.0,0.0,0.0,0.0,0.0,0.0,0.0
0.0,0.0,0.9853925704956055,0.0,0.0,0.0,0.0,0.0,0.0,0.0
0.0,0.0,0.9873895645141602,0.0,0.0,0.0,0.0,0.0,0.0,0.0
0.0,0.0,0.9866161346435547,0.0,0.0,0.0,0.0,0.0,0.0,0.0
0.0,0.0,0.9870853424072266,0.0,0.0,0.0,0.0,0.0,0.0,0.0
0.0,0.0,0.986851692199707,0.0,0.0,0.0,0.0,0.0,0.0,0.0
0.0,0.0,0.9874124526977539,0.0,0.0,0.0,0.0,0.0,0.0,0.0
0.0,0.0,0.9874639511108398,0.0,0.0,0.0,0.0,0.0,0.0,0.0
0.0,0.0,0.93072509765625,0.0,0.0,0.0,0.0,0.0,0.0,0.0
0.0,0.0,0.9692344665527344,0.0,0.0,0.0,0.0,0.0,0.0,0.0
0.0,0.0,0.9904413223266602,0.0,0.0,0.0,0.0,0.0,0.0,0.0
0.0,0.0,0.9956798553466797,0.0,0.0,0.0,0.0,0.0,0.0,0.0
0.0,0.0,0.9818620681762695,0.0,0.0,0.0,0.0,0.0,0.0,0.0
0.0,0.0,0.9993629455566406,0.0,0.0,0.0,0.0,0.0,0.0,0.0
0.0,0.0,0.9555177688598633,0.0,0.0,0.0,0.0,0.0,0.0,0.0
0.0,0.0,0.9024734497070312,0.0,0.0,0.0,0.0,0.0,0.0,0.0
0.0,0.0,0.9990072250366211,0.0,0.0,0.0,0.0,0.0,0.0,0.0
0.0,0.0,0.9259328842163086,0.0,0.0,0.0,0.0,0.0,0.0,0.0
0.0,0.0,0.998652458190918,0.0,0.0,0.0,0.0,0.0,0.0,0.0
0.0,0.0,0.9988937377929688,0.0,0.0,0.0,0.0,0.0,0.0,0.0
0.0,0.0,0.9988479614257812,0.0,0.0,0.0,0.0,0.0,0.0,0.0
0.0,0.0,0.9990787506103516,0.0,0.0,0.0,0.0,0.0,0.0,0.0
0.0,0.0,0.9989967346191406,0.0,0.0,0.0,0.0,0.0,0.0,0.0
0.0,0.0,0.9994983673095703,0.0,0.0,0.0,0.0,0.0,0.0,0.0
0.0,0.0,0.9990339279174805,0.0,0.0,0.0,0.0,0.0,0.0,0.0
0.0,0.0,0.9989519119262695,0.0,0.0,0.0,0.0,0.0,0.0,0.0
0.0,0.0,0.9985170364379883,0.0,0.0,0.0,0.0,0.0,0.0,0.0
0.0,0.0,0.9997043609619141,0.0,0.0,0.0,0.0,0.0,0.0,0.0
0.0,0.0,0.9987401962280273,0.0,0.0,0.0,0.0,0.0,0.0,0.0
0.0,0.0,0.9997587203979492,0.0,0.0,0.0,0.0,0.0,0.0,0.0
0.0,0.0,0.9994258880615234,0.0,0.0,0.0,0.0,0.0,0.0,0.0
0.0,0.0,0.9996366500854492,0.0,0.0,0.0,0.0,0.0,0.0,0.0
0.0,0.0,0.9930391311645508,0.0,0.0,0.0,0.0,0.0,0.0,0.0
0.0,0.0,0.9921550750732422,0.0,0.0,0.0,0.0,0.0,0.0,0.0
0.5803108808290155,0.7344262295081967,0.9997682571411133,0.8936170212765957,0.6233766233766234,0.5803108808290155,0.7344262295081967,0.8936170212765957,0.6233766233766234,1.0
0.0,0.0,0.9980678558349609,0.0,0.0,0.0,0.0,0.0,0.0,0.0
0.0,0.0,0.9802322387695312,0.0,0.0,0.0,0.0,0.0,0.0,0.0
0.0,0.0,0.9674320220947266,0.0,0.0,0.0,0.0,0.0,0.0,0.0
0.0,0.0,0.9746942520141602,0.0,0.0,0.0,0.0,0.0,0.0,0.0
0.0,0.0,0.9813728332519531,0.0,0.0,0.0,0.0,0.0,0.0,0.0
0.0,0.0,0.9937763214111328,0.0,0.0,0.0,0.0,0.0,0.0,0.0
0.0,0.0,0.9909353256225586,0.0,0.0,0.0,0.0,0.0,0.0,0.0
0.0,0.0,0.9926643371582031,0.0,0.0,0.0,0.0,0.0,0.0,0.0
0.0,0.0,0.9944868087768555,0.0,0.0,0.0,0.0,0.0,0.0,0.0
0.0,0.0,0.9885320663452148,0.0,0.0,0.0,0.0,0.0,0.0,0.0
0.0,0.0,0.9946908950805664,0.0,0.0,0.0,0.0,0.0,0.0,0.0
0.0,0.0,0.9951877593994141,0.0,0.0,0.0,0.0,0.0,0.0,0.0
0.0,0.0,0.9942655563354492,0.0,0.0,0.0,0.0,0.0,0.0,0.0
0.0,0.0,0.9935970306396484,0.0,0.0,0.0,0.0,0.0,0.0,0.0
0.0,0.0,0.9951858520507812,0.0,0.0,0.0,0.0,0.0,0.0,0.0
0.0,0.0,0.9937858581542969,0.0,0.0,0.0,0.0,0.0,0.0,0.0
0.7867427329530019,0.8806446708225635,0.9992513656616211,0.9721383014434374,0.8048916064480267,0.7867427329530019,0.8806446708225635,0.9721383014434374,0.8048916064480267,1.0
0.0,0.0,0.9929389953613281,0.0,0.0,0.0,0.0,0.0,0.0,0.0
0.0,0.0,0.9952993392944336,0.0,0.0,0.0,0.0,0.0,0.0,0.0
0.0,0.0,0.9960060119628906,0.0,0.0,0.0,0.0,0.0,0.0,0.0
0.0,0.0,0.9952907562255859,0.0,0.0,0.0,0.0,0.0,0.0,0.0
0.0,0.0,0.9953298568725586,0.0,0.0,0.0,0.0,0.0,0.0,0.0
0.0,0.0,0.9956159591674805,0.0,0.0,0.0,0.0,0.0,0.0,0.0
0.0,0.0,0.9940547943115234,0.0,0.0,0.0,0.0,0.0,0.0,0.0
0.0,0.0,0.9961490631103516,0.0,0.0,0.0,0.0,0.0,0.0,0.0
0.0,0.0,0.9947280883789062,0.0,0.0,0.0,0.0,0.0,0.0,0.0
0.0,0.0,0.9953727722167969,0.0,0.0,0.0,0.0,0.0,0.0,0.0
0.0,0.0,0.9950008392333984,0.0,0.0,0.0,0.0,0.0,0.0,0.0
0.0,0.0,0.9949684143066406,0.0,0.0,0.0,0.0,0.0,0.0,0.0
0.0,0.0,0.9954099655151367,0.0,0.0,0.0,0.0,0.0,0.0,0.0
0.0,0.0,0.9961509704589844,0.0,0.0,0.0,0.0,0.0,0.0,0.0
0.0,0.0,0.9942169189453125,0.0,0.0,0.0,0.0,0.0,0.0,0.0
0.0,0.0,0.9955005645751953,0.0,0.0,0.0,0.0,0.0,0.0,0.0
0.0,0.0,0.9953403472900391,0.0,0.0,0.0,0.0,0.0,0.0,0.0
0.0,0.0,0.9936914443969727,0.0,0.0,0.0,0.0,0.0,0.0,0.0
0.0,0.0,0.996027946472168,0.0,0.0,0.0,0.0,0.0,0.0,0.0
0.0,0.0,0.9953136444091797,0.0,0.0,0.0,0.0,0.0,0.0,0.0
0.0,0.0,0.9960651397705078,0.0,0.0,0.0,0.0,0.0,0.0,0.0
0.0,0.0,0.9957094192504883,0.0,0.0,0.0,0.0,0.0,0.0,0.0
0.0,0.0,0.9962921142578125,0.0,0.0,0.0,0.0,0.0,0.0,0.0
0.0,0.0,0.9956769943237305,0.0,0.0,0.0,0.0,0.0,0.0,0.0
0.0,0.0,0.9961824417114258,0.0,0.0,0.0,0.0,0.0,0.0,0.0
0.0,0.0,0.9949579238891602,0.0,0.0,0.0,0.0,0.0,0.0,0.0
0.0,0.0,0.9957485198974609,0.0,0.0,0.0,0.0,0.0,0.0,0.0
0.0,0.0,0.9964542388916016,0.0,0.0,0.0,0.0,0.0,0.0,0.0
0.0,0.0,0.9946155548095703,0.0,0.0,0.0,0.0,0.0,0.0,0.0
0.0,0.0,0.9954185485839844,0.0,0.0,0.0,0.0,0.0,0.0,0.0
0.0,0.0,0.9959163665771484,0.0,0.0,0.0,0.0,0.0,0.0,0.0
0.0,0.0,0.9953746795654297,0.0,0.0,0.0,0.0,0.0,0.0,0.0
0.0,0.0,0.9774637222290039,0.0,0.0,0.0,0.0,0.0,0.0,0.0
0.0,0.0,0.9949264526367188,0.0,0.0,0.0,0.0,0.0,0.0,0.0
0.0,0.0,0.9947175979614258,0.0,0.0,0.0,0.0,0.0,0.0,0.0
0.0,0.0,0.9909248352050781,0.0,0.0,0.0,0.0,0.0,0.0,0.0
0.0,0.0,0.997833251953125,0.0,0.0,0.0,0.0,0.0,0.0,0.0
0.0,0.0,0.9979829788208008,0.0,0.0,0.0,0.0,0.0,0.0,0.0
0.0,0.0,0.9967432022094727,0.0,0.0,0.0,0.0,0.0,0.0,0.0
0.0,0.0,0.9979124069213867,0.0,0.0,0.0,0.0,0.0,0.0,0.0
0.0,0.0,0.9971866607666016,0.0,0.0,0.0,0.0,0.0,0.0,0.0
0.0,0.0,0.99560546875,0.0,0.0,0.0,0.0,0.0,0.0,0.0
0.0,0.0,0.9978961944580078,0.0,0.0,0.0,0.0,0.0,0.0,0.0
0.0,0.0,0.9978609085083008,0.0,0.0,0.0,0.0,0.0,0.0,0.0
0.0,0.0,0.997797966003418,0.0,0.0,0.0,0.0,0.0,0.0,0.0
0.0,0.0,0.9982538223266602,0.0,0.0,0.0,0.0,0.0,0.0,0.0
0.0,0.0,0.9982261657714844,0.0,0.0,0.0,0.0,0.0,0.0,0.0
0.0,0.0,0.9979181289672852,0.0,0.0,0.0,0.0,0.0,0.0,0.0
0.0,0.0,0.9986133575439453,0.0,0.0,0.0,0.0,0.0,0.0,0.0
0.0,0.0,0.9644107818603516,0.0,0.0,0.0,0.0,0.0,0.0,0.0
0.0,0.0,0.9978275299072266,0.0,0.0,0.0,0.0,0.0,0.0,0.0
0.0,0.0,0.9969692230224609,0.0,0.0,0.0,0.0,0.0,0.0,0.0
0.0,0.0,0.9980916976928711,0.0,0.0,0.0,0.0,0.0,0.0,0.0
0.0,0.0,0.9977645874023438,0.0,0.0,0.0,0.0,0.0,0.0,0.0
0.0,0.0,0.9978713989257812,0.0,0.0,0.0,0.0,0.0,0.0,0.0
0.0,0.0,0.9978160858154297,0.0,0.0,0.0,0.0,0.0,0.0,0.0
0.0,0.0,0.9979867935180664,0.0,0.0,0.0,0.0,0.0,0.0,0.0
0.0,0.0,0.9978837966918945,0.0,0.0,0.0,0.0,0.0,0.0,0.0
0.0,0.0,0.9975833892822266,0.0,0.0,0.0,0.0,0.0,0.0,0.0
0.0,0.0,0.9974126815795898,0.0,0.0,0.0,0.0,0.0,0.0,0.0
0.0,0.0,0.9979286193847656,0.0,0.0,0.0,0.0,0.0,0.0,0.0
0.0,0.0,0.9974479675292969,0.0,0.0,0.0,0.0,0.0,0.0,0.0
0.0,0.0,0.997802734375,0.0,0.0,0.0,0.0,0.0,0.0,0.0
0.0,0.0,0.9934854507446289,0.0,0.0,0.0,0.0,0.0,0.0,0.0
0.0,0.0,0.9973535537719727,0.0,0.0,0.0,0.0,0.0,0.0,0.0
0.0,0.0,0.9978361129760742,0.0,0.0,0.0,0.0,0.0,0.0,0.0
0.0,0.0,0.9975681304931641,0.0,0.0,0.0,0.0,0.0,0.0,0.0
0.0,0.0,0.9982423782348633,0.0,0.0,0.0,0.0,0.0,0.0,0.0
0.0,0.0,0.9980707168579102,0.0,0.0,0.0,0.0,0.0,0.0,0.0
0.0,0.0,0.9976959228515625,0.0,0.0,0.0,0.0,0.0,0.0,0.0
0.0,0.0,0.9970245361328125,0.0,0.0,0.0,0.0,0.0,0.0,0.0
0.0,0.0,0.9980831146240234,0.0,0.0,0.0,0.0,0.0,0.0,0.0
0.0,0.0,0.9981288909912109,0.0,0.0,0.0,0.0,0.0,0.0,0.0
0.0,0.0,0.9979047775268555,0.0,0.0,0.0,0.0,0.0,0.0,0.0
0.0,0.0,0.9981594085693359,0.0,0.0,0.0,0.0,0.0,0.0,0.0
0.0,0.0,0.9978408813476562,0.0,0.0,0.0,0.0,0.0,0.0,0.0
0.0,0.0,0.9968385696411133,0.0,0.0,0.0,0.0,0.0,0.0,0.0
0.0,0.0,0.9891872406005859,0.0,0.0,0.0,0.0,0.0,0.0,0.0
0.0,0.0,0.9980869293212891,0.0,0.0,0.0,0.0,0.0,0.0,0.0
0.0,0.0,0.9980077743530273,0.0,0.0,0.0,0.0,0.0,0.0,0.0
0.0,0.0,0.9986915588378906,0.0,0.0,0.0,0.0,0.0,0.0,0.0
0.0,0.0,0.9988117218017578,0.0,0.0,0.0,0.0,0.0,0.0,0.0
0.0,0.0,0.9987421035766602,0.0,0.0,0.0,0.0,0.0,0.0,0.0
0.0,0.0,0.9972295761108398,0.0,0.0,0.0,0.0,0.0,0.0,0.0
0.0,0.0,0.9977874755859375,0.0,0.0,0.0,0.0,0.0,0.0,0.0
0.0,0.0,0.9980306625366211,0.0,0.0,0.0,0.0,0.0,0.0,0.0
0.0,0.0,0.9979467391967773,0.0,0.0,0.0,0.0,0.0,0.0,0.0
0.0,0.0,0.9987392425537109,0.0,0.0,0.0,0.0,0.0,0.0,0.0
0.0,0.0,0.9983024597167969,0.0,0.0,0.0,0.0,0.0,0.0,0.0
0.0,0.0,0.9975557327270508,0.0,0.0,0.0,0.0,0.0,0.0,0.0
0.0,0.0,0.9979104995727539,0.0,0.0,0.0,0.0,0.0,0.0,0.0
0.0,0.0,0.9987869262695312,0.0,0.0,0.0,0.0,0.0,0.0,0.0
0.0,0.0,0.9987516403198242,0.0,0.0,0.0,0.0,0.0,0.0,0.0
0.0,0.0,0.9981584548950195,0.0,0.0,0.0,0.0,0.0,0.0,0.0
0.0,0.0,0.9979419708251953,0.0,0.0,0.0,0.0,0.0,0.0,0.0
0.0,0.0,0.9978885650634766,0.0,0.0,0.0,0.0,0.0,0.0,0.0
0.0,0.0,0.9987249374389648,0.0,0.0,0.0,0.0,0.0,0.0,0.0
0.0,0.0,0.9987421035766602,0.0,0.0,0.0,0.0,0.0,0.0,0.0
0.0,0.0,0.9974374771118164,0.0,0.0,0.0,0.0,0.0,0.0,0.0
0.0,0.0,0.9988212585449219,0.0,0.0,0.0,0.0,0.0,0.0,0.0
0.0,0.0,0.9985275268554688,0.0,0.0,0.0,0.0,0.0,0.0,0.0
0.0,0.0,0.9987058639526367,0.0,0.0,0.0,0.0,0.0,0.0,0.0
0.0,0.0,0.9989261627197266,0.0,0.0,0.0,0.0,0.0,0.0,0.0
0.0,0.0,0.9979143142700195,0.0,0.0,0.0,0.0,0.0,0.0,0.0
0.0,0.0,0.9982643127441406,0.0,0.0,0.0,0.0,0.0,0.0,0.0
0.0,0.0,0.9987649917602539,0.0,0.0,0.0,0.0,0.0,0.0,0.0
0.0,0.0,0.998692512512207,0.0,0.0,0.0,0.0,0.0,0.0,0.0
0.0,0.0,0.998560905456543,0.0,0.0,0.0,0.0,0.0,0.0,0.0
0.0,0.0,0.9978828430175781,0.0,0.0,0.0,0.0,0.0,0.0,0.0
0.0,0.0,0.9987049102783203,0.0,0.0,0.0,0.0,0.0,0.0,0.0
0.0,0.0,0.9981803894042969,0.0,0.0,0.0,0.0,0.0,0.0,0.0
0.0,0.0,0.9979066848754883,0.0,0.0,0.0,0.0,0.0,0.0,0.0
0.0,0.0,0.9985733032226562,0.0,0.0,0.0,0.0,0.0,0.0,0.0
0.0,0.0,0.9987344741821289,0.0,0.0,0.0,0.0,0.0,0.0,0.0
0.0,0.0,0.9974288940429688,0.0,0.0,0.0,0.0,0.0,0.0,0.0
0.0,0.0,0.9979543685913086,0.0,0.0,0.0,0.0,0.0,0.0,0.0
0.0,0.0,0.9987220764160156,0.0,0.0,0.0,0.0,0.0,0.0,0.0
0.0,0.0,0.9987382888793945,0.0,0.0,0.0,0.0,0.0,0.0,0.0
0.0,0.0,0.9986991882324219,0.0,0.0,0.0,0.0,0.0,0.0,0.0
0.7676874340021119,0.8685782556750299,0.9997901916503906,0.8492990654205608,0.8887530562347188,0.7676874340021119,0.8685782556750299,0.8492990654205608,0.8887530562347188,1.0
0.0,0.0,0.9909477233886719,0.0,0.0,0.0,0.0,0.0,0.0,0.0
0.0,0.0,0.9935617446899414,0.0,0.0,0.0,0.0,0.0,0.0,0.0
0.7486263736263736,0.8562450903377847,0.9989528656005859,0.7703180212014135,0.9637488947833776,0.7486263736263736,0.8562450903377847,0.7703180212014135,0.9637488947833776,1.0
0.0,0.0,0.9916524887084961,0.0,0.0,0.0,0.0,0.0,0.0,0.0
0.0,0.0,0.9951314926147461,0.0,0.0,0.0,0.0,0.0,0.0,0.0
0.0,0.0,0.9954719543457031,0.0,0.0,0.0,0.0,0.0,0.0,0.0
0.0,0.0,0.9940891265869141,0.0,0.0,0.0,0.0,0.0,0.0,0.0
0.0,0.0,0.9917030334472656,0.0,0.0,0.0,0.0,0.0,0.0,0.0
0.0,0.0,0.9946422576904297,0.0,0.0,0.0,0.0,0.0,0.0,0.0
0.0,0.0,0.9952192306518555,0.0,0.0,0.0,0.0,0.0,0.0,0.0
0.0,0.0,0.995203971862793,0.0,0.0,0.0,0.0,0.0,0.0,0.0
0.0,0.0,0.9950780868530273,0.0,0.0,0.0,0.0,0.0,0.0,0.0
0.0,0.0,0.9949235916137695,0.0,0.0,0.0,0.0,0.0,0.0,0.0
0.0,0.0,0.9943227767944336,0.0,0.0,0.0,0.0,0.0,0.0,0.0
0.0,0.0,0.9944000244140625,0.0,0.0,0.0,0.0,0.0,0.0,0.0
0.0,0.0,0.9951486587524414,0.0,0.0,0.0,0.0,0.0,0.0,0.0
0.0,0.0,0.9955816268920898,0.0,0.0,0.0,0.0,0.0,0.0,0.0
0.0,0.0,0.9952268600463867,0.0,0.0,0.0,0.0,0.0,0.0,0.0
0.0,0.0,0.9952812194824219,0.0,0.0,0.0,0.0,0.0,0.0,0.0
0.0,0.0,0.9950885772705078,0.0,0.0,0.0,0.0,0.0,0.0,0.0
0.0,0.0,0.995182991027832,0.0,0.0,0.0,0.0,0.0,0.0,0.0
0.0,0.0,0.9953947067260742,0.0,0.0,0.0,0.0,0.0,0.0,0.0
0.0,0.0,0.9944238662719727,0.0,0.0,0.0,0.0,0.0,0.0,0.0
0.0,0.0,0.993896484375,0.0,0.0,0.0,0.0,0.0,0.0,0.0
0.0,0.0,0.9947471618652344,0.0,0.0,0.0,0.0,0.0,0.0,0.0
0.0,0.0,0.9942550659179688,0.0,0.0,0.0,0.0,0.0,0.0,0.0
0.0,0.0,0.9951944351196289,0.0,0.0,0.0,0.0,0.0,0.0,0.0
0.0,0.0,0.9953060150146484,0.0,0.0,0.0,0.0,0.0,0.0,0.0
0.0,0.0,0.995121955871582,0.0,0.0,0.0,0.0,0.0,0.0,0.0
0.0,0.0,0.9953126907348633,0.0,0.0,0.0,0.0,0.0,0.0,0.0
0.0,0.0,0.9950647354125977,0.0,0.0,0.0,0.0,0.0,0.0,0.0
0.0,0.0,0.9947404861450195,0.0,0.0,0.0,0.0,0.0,0.0,0.0
0.0,0.0,0.9948663711547852,0.0,0.0,0.0,0.0,0.0,0.0,0.0
0.0,0.0,0.9948282241821289,0.0,0.0,0.0,0.0,0.0,0.0,0.0
0.0,0.0,0.9952974319458008,0.0,0.0,0.0,0.0,0.0,0.0,0.0
0.0,0.0,0.9941701889038086,0.0,0.0,0.0,0.0,0.0,0.0,0.0
0.0,0.0,0.9955015182495117,0.0,0.0,0.0,0.0,0.0,0.0,0.0
0.0,0.0,0.9956150054931641,0.0,0.0,0.0,0.0,0.0,0.0,0.0
0.0,0.0,0.9953813552856445,0.0,0.0,0.0,0.0,0.0,0.0,0.0
0.0,0.0,0.9933938980102539,0.0,0.0,0.0,0.0,0.0,0.0,0.0
0.0,0.0,0.9963512420654297,0.0,0.0,0.0,0.0,0.0,0.0,0.0
0.0,0.0,0.9951333999633789,0.0,0.0,0.0,0.0,0.0,0.0,0.0
0.0,0.0,0.9952974319458008,0.0,0.0,0.0,0.0,0.0,0.0,0.0
0.0,0.0,0.9953546524047852,0.0,0.0,0.0,0.0,0.0,0.0,0.0
0.0,0.0,0.9949741363525391,0.0,0.0,0.0,0.0,0.0,0.0,0.0
0.0,0.0,0.9951105117797852,0.0,0.0,0.0,0.0,0.0,0.0,0.0
0.0,0.0,0.9952297210693359,0.0,0.0,0.0,0.0,0.0,0.0,0.0
0.0,0.0,0.9953975677490234,0.0,0.0,0.0,0.0,0.0,0.0,0.0
0.0,0.0,0.9952898025512695,0.0,0.0,0.0,0.0,0.0,0.0,0.0
0.0,0.0,0.9949789047241211,0.0,0.0,0.0,0.0,0.0,0.0,0.0
0.0,0.0,0.9954719543457031,0.0,0.0,0.0,0.0,0.0,0.0,0.0
0.0,0.0,0.9951753616333008,0.0,0.0,0.0,0.0,0.0,0.0,0.0
0.0,0.0,0.9954147338867188,0.0,0.0,0.0,0.0,0.0,0.0,0.0
0.0,0.0,0.9945449829101562,0.0,0.0,0.0,0.0,0.0,0.0,0.0
0.0,0.0,0.9951925277709961,0.0,0.0,0.0,0.0,0.0,0.0,0.0
0.0,0.0,0.9953184127807617,0.0,0.0,0.0,0.0,0.0,0.0,0.0
0.0,0.0,0.9951858520507812,0.0,0.0,0.0,0.0,0.0,0.0,0.0
0.0,0.0,0.9952125549316406,0.0,0.0,0.0,0.0,0.0,0.0,0.0
0.0,0.0,0.9914407730102539,0.0,0.0,0.0,0.0,0.0,0.0,0.0
0.0,0.0,0.995391845703125,0.0,0.0,0.0,0.0,0.0,0.0,0.0
0.0,0.0,0.9954099655151367,0.0,0.0,0.0,0.0,0.0,0.0,0.0
0.0,0.0,0.9952964782714844,0.0,0.0,0.0,0.0,0.0,0.0,0.0
0.0,0.0,0.9954185485839844,0.0,0.0,0.0,0.0,0.0,0.0,0.0
0.0,0.0,0.9952068328857422,0.0,0.0,0.0,0.0,0.0,0.0,0.0
0.0,0.0,0.9952573776245117,0.0,0.0,0.0,0.0,0.0,0.0,0.0
0.0,0.0,0.9956331253051758,0.0,0.0,0.0,0.0,0.0,0.0,0.0
0.0,0.0,0.9951162338256836,0.0,0.0,0.0,0.0,0.0,0.0,0.0
0.0,0.0,0.995234489440918,0.0,0.0,0.0,0.0,0.0,0.0,0.0
0.0,0.0,0.9953784942626953,0.0,0.0,0.0,0.0,0.0,0.0,0.0
0.0,0.0,0.9953174591064453,0.0,0.0,0.0,0.0,0.0,0.0,0.0
0.0,0.0,0.9838085174560547,0.0,0.0,0.0,0.0,0.0,0.0,0.0
0.0,0.0,0.9953737258911133,0.0,0.0,0.0,0.0,0.0,0.0,0.0
0.0,0.0,0.9950599670410156,0.0,0.0,0.0,0.0,0.0,0.0,0.0
0.0,0.0,0.9959049224853516,0.0,0.0,0.0,0.0,0.0,0.0,0.0
0.0,0.0,0.9953861236572266,0.0,0.0,0.0,0.0,0.0,0.0,0.0
0.0,0.0,0.9950990676879883,0.0,0.0,0.0,0.0,0.0,0.0,0.0
0.0,0.0,0.9645605087280273,0.0,0.0,0.0,0.0,0.0,0.0,0.0
0.0,0.0,0.996342658996582,0.0,0.0,0.0,0.0,0.0,0.0,0.0
0.0,0.0,0.9962673187255859,0.0,0.0,0.0,0.0,0.0,0.0,0.0
0.0,0.0,0.9956235885620117,0.0,0.0,0.0,0.0,0.0,0.0,0.0
0.0,0.0,0.9944820404052734,0.0,0.0,0.0,0.0,0.0,0.0,0.0
0.0,0.0,0.9951906204223633,0.0,0.0,0.0,0.0,0.0,0.0,0.0
0.0,0.0,0.994807243347168,0.0,0.0,0.0,0.0,0.0,0.0,0.0
0.0,0.0,0.9962530136108398,0.0,0.0,0.0,0.0,0.0,0.0,0.0
0.0,0.0,0.9964485168457031,0.0,0.0,0.0,0.0,0.0,0.0,0.0
0.0,0.0,0.9952487945556641,0.0,0.0,0.0,0.0,0.0,0.0,0.0
0.0,0.0,0.9963321685791016,0.0,0.0,0.0,0.0,0.0,0.0,0.0
0.0,0.0,0.9961910247802734,0.0,0.0,0.0,0.0,0.0,0.0,0.0
0.0,0.0,0.9946193695068359,0.0,0.0,0.0,0.0,0.0,0.0,0.0
0.0,0.0,0.9944734573364258,0.0,0.0,0.0,0.0,0.0,0.0,0.0
0.0,0.0,0.9964714050292969,0.0,0.0,0.0,0.0,0.0,0.0,0.0
0.0,0.0,0.9963502883911133,0.0,0.0,0.0,0.0,0.0,0.0,0.0
0.0,0.0,0.9951791763305664,0.0,0.0,0.0,0.0,0.0,0.0,0.0
0.0,0.0,0.9961719512939453,0.0,0.0,0.0,0.0,0.0,0.0,0.0
0.0,0.0,0.9962797164916992,0.0,0.0,0.0,0.0,0.0,0.0,0.0
0.0,0.0,0.9977703094482422,0.0,0.0,0.0,0.0,0.0,0.0,0.0
0.0,0.0,0.9958562850952148,0.0,0.0,0.0,0.0,0.0,0.0,0.0
0.0,0.0,0.9983377456665039,0.0,0.0,0.0,0.0,0.0,0.0,0.0
0.0,0.0,0.9974384307861328,0.0,0.0,0.0,0.0,0.0,0.0,0.0
0.0,0.0,0.9961843490600586,0.0,0.0,0.0,0.0,0.0,0.0,0.0
0.0,0.0,0.99847412109375,0.0,0.0,0.0,0.0,0.0,0.0,0.0
0.0,0.0,0.998051643371582,0.0,0.0,0.0,0.0,0.0,0.0,0.0
0.0,0.0,0.9982156753540039,0.0,0.0,0.0,0.0,0.0,0.0,0.0
0.0,0.0,0.9980983734130859,0.0,0.0,0.0,0.0,0.0,0.0,0.0
0.0,0.0,0.9983997344970703,0.0,0.0,0.0,0.0,0.0,0.0,0.0
0.0,0.0,0.998260498046875,0.0,0.0,0.0,0.0,0.0,0.0,0.0
0.0,0.0,0.997410774230957,0.0,0.0,0.0,0.0,0.0,0.0,0.0
0.0,0.0,0.9980144500732422,0.0,0.0,0.0,0.0,0.0,0.0,0.0
0.0,0.0,0.997650146484375,0.0,0.0,0.0,0.0,0.0,0.0,0.0
0.0,0.0,0.9981746673583984,0.0,0.0,0.0,0.0,0.0,0.0,0.0
0.0,0.0,0.9956350326538086,0.0,0.0,0.0,0.0,0.0,0.0,0.0
0.0,0.0,0.9976024627685547,0.0,0.0,0.0,0.0,0.0,0.0,0.0
0.0,0.0,0.9977750778198242,0.0,0.0,0.0,0.0,0.0,0.0,0.0
0.0,0.0,0.998753547668457,0.0,0.0,0.0,0.0,0.0,0.0,0.0
0.0,0.0,0.9988107681274414,0.0,0.0,0.0,0.0,0.0,0.0,0.0
0.0,0.0,0.9973134994506836,0.0,0.0,0.0,0.0,0.0,0.0,0.0
0.0,0.0,0.9983320236206055,0.0,0.0,0.0,0.0,0.0,0.0,0.0
0.0,0.0,0.9984922409057617,0.0,0.0,0.0,0.0,0.0,0.0,0.0
0.0,0.0,0.9983835220336914,0.0,0.0,0.0,0.0,0.0,0.0,0.0
0.0,0.0,0.998316764831543,0.0,0.0,0.0,0.0,0.0,0.0,0.0
0.0,0.0,0.998387336730957,0.0,0.0,0.0,0.0,0.0,0.0,0.0
0.0,0.0,0.998539924621582,0.0,0.0,0.0,0.0,0.0,0.0,0.0
0.0,0.0,0.9986610412597656,0.0,0.0,0.0,0.0,0.0,0.0,0.0
0.0,0.0,0.997711181640625,0.0,0.0,0.0,0.0,0.0,0.0,0.0
0.0,0.0,0.9989261627197266,0.0,0.0,0.0,0.0,0.0,0.0,0.0
0.0,0.0,0.9942378997802734,0.0,0.0,0.0,0.0,0.0,0.0,0.0
0.0,0.0,0.9987678527832031,0.0,0.0,0.0,0.0,0.0,0.0,0.0
0.0,0.0,0.9981918334960938,0.0,0.0,0.0,0.0,0.0,0.0,0.0
0.0,0.0,0.9983949661254883,0.0,0.0,0.0,0.0,0.0,0.0,0.0
0.0,0.0,0.9982337951660156,0.0,0.0,0.0,0.0,0.0,0.0,0.0
0.0,0.0,0.9976024627685547,0.0,0.0,0.0,0.0,0.0,0.0,0.0
0.0,0.0,0.9984626770019531,0.0,0.0,0.0,0.0,0.0,0.0,0.0
0.0,0.0,0.9990730285644531,0.0,0.0,0.0,0.0,0.0,0.0,0.0
0.0,0.0,0.9983987808227539,0.0,0.0,0.0,0.0,0.0,0.0,0.0
0.0,0.0,0.9977960586547852,0.0,0.0,0.0,0.0,0.0,0.0,0.0
0.0,0.0,0.9981985092163086,0.0,0.0,0.0,0.0,0.0,0.0,0.0
0.0,0.0,0.9983949661254883,0.0,0.0,0.0,0.0,0.0,0.0,0.0
0.0,0.0,0.9978857040405273,0.0,0.0,0.0,0.0,0.0,0.0,0.0
0.0,0.0,0.9942865371704102,0.0,0.0,0.0,0.0,0.0,0.0,0.0
0.0,0.0,0.9974403381347656,0.0,0.0,0.0,0.0,0.0,0.0,0.0
0.0,0.0,0.997833251953125,0.0,0.0,0.0,0.0,0.0,0.0,0.0
0.0,0.0,0.9972496032714844,0.0,0.0,0.0,0.0,0.0,0.0,0.0
0.0,0.0,0.9987993240356445,0.0,0.0,0.0,0.0,0.0,0.0,0.0
0.0,0.0,0.9985218048095703,0.0,0.0,0.0,0.0,0.0,0.0,0.0
0.0,0.0,0.9973211288452148,0.0,0.0,0.0,0.0,0.0,0.0,0.0
0.0,0.0,0.9986047744750977,0.0,0.0,0.0,0.0,0.0,0.0,0.0
0.0,0.0,0.9983015060424805,0.0,0.0,0.0,0.0,0.0,0.0,0.0
0.0,0.0,0.9981956481933594,0.0,0.0,0.0,0.0,0.0,0.0,0.0
0.0,0.0,0.99945068359375,0.0,0.0,0.0,0.0,0.0,0.0,0.0
0.0,0.0,0.9994401931762695,0.0,0.0,0.0,0.0,0.0,0.0,0.0
0.0,0.0,0.9987030029296875,0.0,0.0,0.0,0.0,0.0,0.0,0.0
0.0,0.0,0.9994392395019531,0.0,0.0,0.0,0.0,0.0,0.0,0.0
0.0,0.0,0.998469352722168,0.0,0.0,0.0,0.0,0.0,0.0,0.0
0.0,0.0,0.9982023239135742,0.0,0.0,0.0,0.0,0.0,0.0,0.0
0.0,0.0,0.9977617263793945,0.0,0.0,0.0,0.0,0.0,0.0,0.0
0.0,0.0,0.9977502822875977,0.0,0.0,0.0,0.0,0.0,0.0,0.0
0.0,0.0,0.9976720809936523,0.0,0.0,0.0,0.0,0.0,0.0,0.0
0.0,0.0,0.9986085891723633,0.0,0.0,0.0,0.0,0.0,0.0,0.0
0.0,0.0,0.9977779388427734,0.0,0.0,0.0,0.0,0.0,0.0,0.0
0.0,0.0,0.9984245300292969,0.0,0.0,0.0,0.0,0.0,0.0,0.0
0.0,0.0,0.9993095397949219,0.0,0.0,0.0,0.0,0.0,0.0,0.0
0.0,0.0,0.9985265731811523,0.0,0.0,0.0,0.0,0.0,0.0,0.0
0.0,0.0,0.9979705810546875,0.0,0.0,0.0,0.0,0.0,0.0,0.0
0.0,0.0,0.9987611770629883,0.0,0.0,0.0,0.0,0.0,0.0,0.0
0.0,0.0,0.9986896514892578,0.0,0.0,0.0,0.0,0.0,0.0,0.0
0.0,0.0,0.9992952346801758,0.0,0.0,0.0,0.0,0.0,0.0,0.0
0.0,0.0,0.9992961883544922,0.0,0.0,0.0,0.0,0.0,0.0,0.0
0.0,0.0,0.9984540939331055,0.0,0.0,0.0,0.0,0.0,0.0,0.0
0.0,0.0,0.9994392395019531,0.0,0.0,0.0,0.0,0.0,0.0,0.0
0.0,0.0,0.9993057250976562,0.0,0.0,0.0,0.0,0.0,0.0,0.0
0.0,0.0,0.9988422393798828,0.0,0.0,0.0,0.0,0.0,0.0,0.0
0.0,0.0,0.9986572265625,0.0,0.0,0.0,0.0,0.0,0.0,0.0
0.0,0.0,0.9989213943481445,0.0,0.0,0.0,0.0,0.0,0.0,0.0
0.0,0.0,0.9994525909423828,0.0,0.0,0.0,0.0,0.0,0.0,0.0
0.0,0.0,0.9977951049804688,0.0,0.0,0.0,0.0,0.0,0.0,0.0
0.0,0.0,0.9987335205078125,0.0,0.0,0.0,0.0,0.0,0.0,0.0
0.0,0.0,0.9987630844116211,0.0,0.0,0.0,0.0,0.0,0.0,0.0
0.0,0.0,0.9985885620117188,0.0,0.0,0.0,0.0,0.0,0.0,0.0
0.0,0.0,0.9976625442504883,0.0,0.0,0.0,0.0,0.0,0.0,0.0
0.0,0.0,0.9984121322631836,0.0,0.0,0.0,0.0,0.0,0.0,0.0
0.0,0.0,0.9864921569824219,0.0,0.0,0.0,0.0,0.0,0.0,0.0
0.0,0.0,0.9911575317382812,0.0,0.0,0.0,0.0,0.0,0.0,0.0
0.0,0.0,0.98077392578125,0.0,0.0,0.0,0.0,0.0,0.0,0.0
0.0,0.0,0.9957075119018555,0.0,0.0,0.0,0.0,0.0,0.0,0.0
0.0,0.0,0.994145393371582,0.0,0.0,0.0,0.0,0.0,0.0,0.0
0.0,0.0,0.9978780746459961,0.0,0.0,0.0,0.0,0.0,0.0,0.0
0.0,0.0,0.9974288940429688,0.0,0.0,0.0,0.0,0.0,0.0,0.0
0.0,0.0,0.9955530166625977,0.0,0.0,0.0,0.0,0.0,0.0,0.0
0.0,0.0,0.9978914260864258,0.0,0.0,0.0,0.0,0.0,0.0,0.0
0.0,0.0,0.9985723495483398,0.0,0.0,0.0,0.0,0.0,0.0,0.0
0.0,0.0,0.9971561431884766,0.0,0.0,0.0,0.0,0.0,0.0,0.0
0.0,0.0,0.9956932067871094,0.0,0.0,0.0,0.0,0.0,0.0,0.0
0.0,0.0,0.9983663558959961,0.0,0.0,0.0,0.0,0.0,0.0,0.0
0.0,0.0,0.9986505508422852,0.0,0.0,0.0,0.0,0.0,0.0,0.0
0.0,0.0,0.9966793060302734,0.0,0.0,0.0,0.0,0.0,0.0,0.0
0.0,0.0,0.998164176940918,0.0,0.0,0.0,0.0,0.0,0.0,0.0
0.0,0.0,0.9979114532470703,0.0,0.0,0.0,0.0,0.0,0.0,0.0
0.0,0.0,0.9978809356689453,0.0,0.0,0.0,0.0,0.0,0.0,0.0
0.0,0.0,0.9989032745361328,0.0,0.0,0.0,0.0,0.0,0.0,0.0
0.0,0.0,0.9980449676513672,0.0,0.0,0.0,0.0,0.0,0.0,0.0
0.0,0.0,0.9980535507202148,0.0,0.0,0.0,0.0,0.0,0.0,0.0
0.0,0.0,0.9975242614746094,0.0,0.0,0.0,0.0,0.0,0.0,0.0
0.0,0.0,0.9978923797607422,0.0,0.0,0.0,0.0,0.0,0.0,0.0
0.0,0.0,0.9979248046875,0.0,0.0,0.0,0.0,0.0,0.0,0.0
0.0,0.0,0.9987039566040039,0.0,0.0,0.0,0.0,0.0,0.0,0.0
0.0,0.0,0.9980878829956055,0.0,0.0,0.0,0.0,0.0,0.0,0.0
0.0,0.0,0.9987001419067383,0.0,0.0,0.0,0.0,0.0,0.0,0.0
0.0,0.0,0.9986610412597656,0.0,0.0,0.0,0.0,0.0,0.0,0.0
0.0,0.0,0.9978504180908203,0.0,0.0,0.0,0.0,0.0,0.0,0.0
0.0,0.0,0.9980354309082031,0.0,0.0,0.0,0.0,0.0,0.0,0.0
0.0,0.0,0.9986066818237305,0.0,0.0,0.0,0.0,0.0,0.0,0.0
0.0,0.0,0.9994258880615234,0.0,0.0,0.0,0.0,0.0,0.0,0.0
0.0,0.0,0.9978790283203125,0.0,0.0,0.0,0.0,0.0,0.0,0.0
0.0,0.0,0.9970541000366211,0.0,0.0,0.0,0.0,0.0,0.0,0.0
0.0,0.0,0.9965114593505859,0.0,0.0,0.0,0.0,0.0,0.0,0.0
0.0,0.0,0.9986162185668945,0.0,0.0,0.0,0.0,0.0,0.0,0.0
0.0,0.0,0.998255729675293,0.0,0.0,0.0,0.0,0.0,0.0,0.0
0.0,0.0,0.9989280700683594,0.0,0.0,0.0,0.0,0.0,0.0,0.0
0.0,0.0,0.9985790252685547,0.0,0.0,0.0,0.0,0.0,0.0,0.0
0.0,0.0,0.9976387023925781,0.0,0.0,0.0,0.0,0.0,0.0,0.0
0.0,0.0,0.9971370697021484,0.0,0.0,0.0,0.0,0.0,0.0,0.0
0.0,0.0,0.9985818862915039,0.0,0.0,0.0,0.0,0.0,0.0,0.0
0.0,0.0,0.9929962158203125,0.0,0.0,0.0,0.0,0.0,0.0,0.0
0.0,0.0,0.9984941482543945,0.0,0.0,0.0,0.0,0.0,0.0,0.0
0.0,0.0,0.9984369277954102,0.0,0.0,0.0,0.0,0.0,0.0,0.0
0.0,0.0,0.9991302490234375,0.0,0.0,0.0,0.0,0.0,0.0,0.0
0.0,0.0,0.9983282089233398,0.0,0.0,0.0,0.0,0.0,0.0,0.0
0.0,0.0,0.9969940185546875,0.0,0.0,0.0,0.0,0.0,0.0,0.0
0.0,0.0,0.9989118576049805,0.0,0.0,0.0,0.0,0.0,0.0,0.0
0.0,0.0,0.9986047744750977,0.0,0.0,0.0,0.0,0.0,0.0,0.0
0.0,0.0,0.9957695007324219,0.0,0.0,0.0,0.0,0.0,0.0,0.0
0.0,0.0,0.996760368347168,0.0,0.0,0.0,0.0,0.0,0.0,0.0
0.0,0.0,0.9986839294433594,0.0,0.0,0.0,0.0,0.0,0.0,0.0
0.0,0.0,0.9971513748168945,0.0,0.0,0.0,0.0,0.0,0.0,0.0
0.0,0.0,0.9987812042236328,0.0,0.0,0.0,0.0,0.0,0.0,0.0
0.0,0.0,0.998530387878418,0.0,0.0,0.0,0.0,0.0,0.0,0.0
0.0,0.0,0.9983272552490234,0.0,0.0,0.0,0.0,0.0,0.0,0.0
0.0,0.0,0.9992809295654297,0.0,0.0,0.0,0.0,0.0,0.0,0.0
0.0,0.0,0.9995632171630859,0.0,0.0,0.0,0.0,0.0,0.0,0.0
0.0,0.0,0.9994564056396484,0.0,0.0,0.0,0.0,0.0,0.0,0.0
0.0,0.0,0.9986972808837891,0.0,0.0,0.0,0.0,0.0,0.0,0.0
0.0,0.0,0.9985723495483398,0.0,0.0,0.0,0.0,0.0,0.0,0.0
0.0,0.0,0.9985857009887695,0.0,0.0,0.0,0.0,0.0,0.0,0.0
0.0,0.0,0.9990873336791992,0.0,0.0,0.0,0.0,0.0,0.0,0.0
0.0,0.0,0.9988079071044922,0.0,0.0,0.0,0.0,0.0,0.0,0.0
0.0,0.0,0.9993686676025391,0.0,0.0,0.0,0.0,0.0,0.0,0.0
0.0,0.0,0.9995365142822266,0.0,0.0,0.0,0.0,0.0,0.0,0.0
0.0,0.0,0.9994497299194336,0.0,0.0,0.0,0.0,0.0,0.0,0.0
0.0,0.0,0.9987268447875977,0.0,0.0,0.0,0.0,0.0,0.0,0.0
0.0,0.0,0.9995450973510742,0.0,0.0,0.0,0.0,0.0,0.0,0.0
0.0,0.0,0.9977426528930664,0.0,0.0,0.0,0.0,0.0,0.0,0.0
0.0,0.0,0.9994754791259766,0.0,0.0,0.0,0.0,0.0,0.0,0.0
0.0,0.0,0.9974937438964844,0.0,0.0,0.0,0.0,0.0,0.0,0.0
0.0,0.0,0.9995603561401367,0.0,0.0,0.0,0.0,0.0,0.0,0.0
0.0,0.0,0.9985294342041016,0.0,0.0,0.0,0.0,0.0,0.0,0.0
0.0,0.0,0.9994659423828125,0.0,0.0,0.0,0.0,0.0,0.0,0.0
0.0,0.0,0.9995212554931641,0.0,0.0,0.0,0.0,0.0,0.0,0.0
0.0,0.0,0.9977397918701172,0.0,0.0,0.0,0.0,0.0,0.0,0.0
0.0,0.0,0.9993085861206055,0.0,0.0,0.0,0.0,0.0,0.0,0.0
0.0,0.0,0.9673328399658203,0.0,0.0,0.0,0.0,0.0,0.0,0.0
0.9185409687882171,0.9575411562551965,0.9985389709472656,0.9319702201122141,0.9845548843041149,0.9185409687882171,0.9575411562551965,0.9319702201122141,0.9845548843041149,1.0
0.0,0.0,0.9735689163208008,0.0,0.0,0.0,0.0,0.0,0.0,0.0
0.0,0.0,0.9772491455078125,0.0,0.0,0.0,0.0,0.0,0.0,0.0
0.0,0.0,0.9807682037353516,0.0,0.0,0.0,0.0,0.0,0.0,0.0
0.0,0.0,0.9789609909057617,0.0,0.0,0.0,0.0,0.0,0.0,0.0
0.0,0.0,0.9798460006713867,0.0,0.0,0.0,0.0,0.0,0.0,0.0
0.0,0.0,0.9788608551025391,0.0,0.0,0.0,0.0,0.0,0.0,0.0
0.0,0.0,0.9797782897949219,0.0,0.0,0.0,0.0,0.0,0.0,0.0
0.0,0.0,0.9809284210205078,0.0,0.0,0.0,0.0,0.0,0.0,0.0
0.0,0.0,0.9539890289306641,0.0,0.0,0.0,0.0,0.0,0.0,0.0
0.0,0.0,0.9813938140869141,0.0,0.0,0.0,0.0,0.0,0.0,0.0
0.0,0.0,0.9804964065551758,0.0,0.0,0.0,0.0,0.0,0.0,0.0
0.0,0.0,0.9812231063842773,0.0,0.0,0.0,0.0,0.0,0.0,0.0
0.0,0.0,0.9821462631225586,0.0,0.0,0.0,0.0,0.0,0.0,0.0
0.0,0.0,0.9809370040893555,0.0,0.0,0.0,0.0,0.0,0.0,0.0
0.0,0.0,0.9799880981445312,0.0,0.0,0.0,0.0,0.0,0.0,0.0
0.0,0.0,0.982874870300293,0.0,0.0,0.0,0.0,0.0,0.0,0.0
0.0,0.0,0.9745063781738281,0.0,0.0,0.0,0.0,0.0,0.0,0.0
0.0,0.0,0.9810800552368164,0.0,0.0,0.0,0.0,0.0,0.0,0.0
0.0,0.0,0.9813194274902344,0.0,0.0,0.0,0.0,0.0,0.0,0.0
0.0,0.0,0.9827871322631836,0.0,0.0,0.0,0.0,0.0,0.0,0.0
0.0,0.0,0.9809598922729492,0.0,0.0,0.0,0.0,0.0,0.0,0.0
0.0,0.0,0.9803314208984375,0.0,0.0,0.0,0.0,0.0,0.0,0.0
0.0,0.0,0.9819440841674805,0.0,0.0,0.0,0.0,0.0,0.0,0.0
0.0,0.0,0.9819278717041016,0.0,0.0,0.0,0.0,0.0,0.0,0.0
0.0,0.0,0.9827747344970703,0.0,0.0,0.0,0.0,0.0,0.0,0.0
0.0,0.0,0.9821043014526367,0.0,0.0,0.0,0.0,0.0,0.0,0.0
0.0,0.0,0.9774465560913086,0.0,0.0,0.0,0.0,0.0,0.0,0.0
0.0,0.0,0.9820184707641602,0.0,0.0,0.0,0.0,0.0,0.0,0.0
0.0,0.0,0.9819631576538086,0.0,0.0,0.0,0.0,0.0,0.0,0.0
0.0,0.0,0.9815216064453125,0.0,0.0,0.0,0.0,0.0,0.0,0.0
0.0,0.0,0.9819431304931641,0.0,0.0,0.0,0.0,0.0,0.0,0.0
0.0,0.0,0.9820985794067383,0.0,0.0,0.0,0.0,0.0,0.0,0.0
0.0,0.0,0.9819869995117188,0.0,0.0,0.0,0.0,0.0,0.0,0.0
0.0,0.0,0.9828281402587891,0.0,0.0,0.0,0.0,0.0,0.0,0.0
0.0,0.0,0.9819784164428711,0.0,0.0,0.0,0.0,0.0,0.0,0.0
0.0,0.0,0.9828777313232422,0.0,0.0,0.0,0.0,0.0,0.0,0.0
0.0,0.0,0.9759006500244141,0.0,0.0,0.0,0.0,0.0,0.0,0.0
0.0,0.0,0.9820346832275391,0.0,0.0,0.0,0.0,0.0,0.0,0.0
0.0,0.0,0.9828338623046875,0.0,0.0,0.0,0.0,0.0,0.0,0.0
0.0,0.0,0.9828643798828125,0.0,0.0,0.0,0.0,0.0,0.0,0.0
0.0,0.0,0.9821748733520508,0.0,0.0,0.0,0.0,0.0,0.0,0.0
0.0,0.0,0.9828481674194336,0.0,0.0,0.0,0.0,0.0,0.0,0.0
0.0,0.0,0.9828033447265625,0.0,0.0,0.0,0.0,0.0,0.0,0.0
0.0,0.0,0.9819459915161133,0.0,0.0,0.0,0.0,0.0,0.0,0.0
0.0,0.0,0.9823474884033203,0.0,0.0,0.0,0.0,0.0,0.0,0.0
0.0,0.0,0.9827489852905273,0.0,0.0,0.0,0.0,0.0,0.0,0.0
0.0,0.0,0.9807033538818359,0.0,0.0,0.0,0.0,0.0,0.0,0.0
0.0,0.0,0.9829015731811523,0.0,0.0,0.0,0.0,0.0,0.0,0.0
0.0,0.0,0.9828147888183594,0.0,0.0,0.0,0.0,0.0,0.0,0.0
0.0,0.0,0.9828681945800781,0.0,0.0,0.0,0.0,0.0,0.0,0.0
0.0,0.0,0.9828758239746094,0.0,0.0,0.0,0.0,0.0,0.0,0.0
0.0,0.0,0.9820985794067383,0.0,0.0,0.0,0.0,0.0,0.0,0.0
0.0,0.0,0.9826555252075195,0.0,0.0,0.0,0.0,0.0,0.0,0.0
0.0,0.0,0.9827995300292969,0.0,0.0,0.0,0.0,0.0,0.0,0.0
0.0,0.0,0.9827423095703125,0.0,0.0,0.0,0.0,0.0,0.0,0.0
0.0,0.0,0.9828023910522461,0.0,0.0,0.0,0.0,0.0,0.0,0.0
0.0,0.0,0.9827547073364258,0.0,0.0,0.0,0.0,0.0,0.0,0.0
0.0,0.0,0.9828281402587891,0.0,0.0,0.0,0.0,0.0,0.0,0.0
0.0,0.0,0.9827909469604492,0.0,0.0,0.0,0.0,0.0,0.0,0.0
0.0,0.0,0.982940673828125,0.0,0.0,0.0,0.0,0.0,0.0,0.0
0.0,0.0,0.9828281402587891,0.0,0.0,0.0,0.0,0.0,0.0,0.0
0.0,0.0,0.9822177886962891,0.0,0.0,0.0,0.0,0.0,0.0,0.0
0.0,0.0,0.9828023910522461,0.0,0.0,0.0,0.0,0.0,0.0,0.0
0.0,0.0,0.9828405380249023,0.0,0.0,0.0,0.0,0.0,0.0,0.0
0.0,0.0,0.9830770492553711,0.0,0.0,0.0,0.0,0.0,0.0,0.0
0.0,0.0,0.9818439483642578,0.0,0.0,0.0,0.0,0.0,0.0,0.0
0.0,0.0,0.9828348159790039,0.0,0.0,0.0,0.0,0.0,0.0,0.0
0.0,0.0,0.9822854995727539,0.0,0.0,0.0,0.0,0.0,0.0,0.0
0.0,0.0,0.9831228256225586,0.0,0.0,0.0,0.0,0.0,0.0,0.0
0.0,0.0,0.9827651977539062,0.0,0.0,0.0,0.0,0.0,0.0,0.0
0.0,0.0,0.9829044342041016,0.0,0.0,0.0,0.0,0.0,0.0,0.0
0.0,0.0,0.9828081130981445,0.0,0.0,0.0,0.0,0.0,0.0,0.0
0.0,0.0,0.9820899963378906,0.0,0.0,0.0,0.0,0.0,0.0,0.0
0.0,0.0,0.9821481704711914,0.0,0.0,0.0,0.0,0.0,0.0,0.0
0.0,0.0,0.9831695556640625,0.0,0.0,0.0,0.0,0.0,0.0,0.0
0.0,0.0,0.9829492568969727,0.0,0.0,0.0,0.0,0.0,0.0,0.0
0.0,0.0,0.9828386306762695,0.0,0.0,0.0,0.0,0.0,0.0,0.0
0.0,0.0,0.982234001159668,0.0,0.0,0.0,0.0,0.0,0.0,0.0
0.0,0.0,0.982905387878418,0.0,0.0,0.0,0.0,0.0,0.0,0.0
0.0,0.0,0.9856576919555664,0.0,0.0,0.0,0.0,0.0,0.0,0.0
0.0,0.0,0.9965057373046875,0.0,0.0,0.0,0.0,0.0,0.0,0.0
0.0,0.0,0.990727424621582,0.0,0.0,0.0,0.0,0.0,0.0,0.0
0.0,0.0,0.9944190979003906,0.0,0.0,0.0,0.0,0.0,0.0,0.0
0.0,0.0,0.9940652847290039,0.0,0.0,0.0,0.0,0.0,0.0,0.0
0.0,0.0,0.9968347549438477,0.0,0.0,0.0,0.0,0.0,0.0,0.0
0.0,0.0,0.9945917129516602,0.0,0.0,0.0,0.0,0.0,0.0,0.0
0.0,0.0,0.9965887069702148,0.0,0.0,0.0,0.0,0.0,0.0,0.0
0.0,0.0,0.9907417297363281,0.0,0.0,0.0,0.0,0.0,0.0,0.0
0.0,0.0,0.9851799011230469,0.0,0.0,0.0,0.0,0.0,0.0,0.0
0.0,0.0,0.9972410202026367,0.0,0.0,0.0,0.0,0.0,0.0,0.0
0.0,0.0,0.9980487823486328,0.0,0.0,0.0,0.0,0.0,0.0,0.0
0.0,0.0,0.9972362518310547,0.0,0.0,0.0,0.0,0.0,0.0,0.0
0.0,0.0,0.9960393905639648,0.0,0.0,0.0,0.0,0.0,0.0,0.0
0.0,0.0,0.9969558715820312,0.0,0.0,0.0,0.0,0.0,0.0,0.0
0.0,0.0,0.997528076171875,0.0,0.0,0.0,0.0,0.0,0.0,0.0
0.0,0.0,0.9961929321289062,0.0,0.0,0.0,0.0,0.0,0.0,0.0
0.0,0.0,0.9973211288452148,0.0,0.0,0.0,0.0,0.0,0.0,0.0
0.0,0.0,0.9974021911621094,0.0,0.0,0.0,0.0,0.0,0.0,0.0
0.0,0.0,0.998356819152832,0.0,0.0,0.0,0.0,0.0,0.0,0.0
0.0,0.0,0.9975643157958984,0.0,0.0,0.0,0.0,0.0,0.0,0.0
0.0,0.0,0.9983396530151367,0.0,0.0,0.0,0.0,0.0,0.0,0.0
0.0,0.0,0.9972171783447266,0.0,0.0,0.0,0.0,0.0,0.0,0.0
0.0,0.0,0.9982738494873047,0.0,0.0,0.0,0.0,0.0,0.0,0.0
0.0,0.0,0.9982633590698242,0.0,0.0,0.0,0.0,0.0,0.0,0.0
0.0,0.0,0.9978971481323242,0.0,0.0,0.0,0.0,0.0,0.0,0.0
0.0,0.0,0.997807502746582,0.0,0.0,0.0,0.0,0.0,0.0,0.0
0.0,0.0,0.9975652694702148,0.0,0.0,0.0,0.0,0.0,0.0,0.0
0.0,0.0,0.9972925186157227,0.0,0.0,0.0,0.0,0.0,0.0,0.0
0.0,0.0,0.9981555938720703,0.0,0.0,0.0,0.0,0.0,0.0,0.0
0.0,0.0,0.9974384307861328,0.0,0.0,0.0,0.0,0.0,0.0,0.0
0.0,0.0,0.9981307983398438,0.0,0.0,0.0,0.0,0.0,0.0,0.0
0.0,0.0,0.9981040954589844,0.0,0.0,0.0,0.0,0.0,0.0,0.0
0.0,0.0,0.9983291625976562,0.0,0.0,0.0,0.0,0.0,0.0,0.0
0.0,0.0,0.9959630966186523,0.0,0.0,0.0,0.0,0.0,0.0,0.0
0.0,0.0,0.9982538223266602,0.0,0.0,0.0,0.0,0.0,0.0,0.0
0.0,0.0,0.9980878829956055,0.0,0.0,0.0,0.0,0.0,0.0,0.0
0.0,0.0,0.998103141784668,0.0,0.0,0.0,0.0,0.0,0.0,0.0
0.0,0.0,0.9946603775024414,0.0,0.0,0.0,0.0,0.0,0.0,0.0
0.0,0.0,0.99908447265625,0.0,0.0,0.0,0.0,0.0,0.0,0.0
0.0,0.0,0.9976024627685547,0.0,0.0,0.0,0.0,0.0,0.0,0.0
0.0,0.0,0.9989814758300781,0.0,0.0,0.0,0.0,0.0,0.0,0.0
0.0,0.0,0.9982690811157227,0.0,0.0,0.0,0.0,0.0,0.0,0.0
0.0,0.0,0.9989843368530273,0.0,0.0,0.0,0.0,0.0,0.0,0.0
0.0,0.0,0.9983701705932617,0.0,0.0,0.0,0.0,0.0,0.0,0.0
0.0,0.0,0.9984884262084961,0.0,0.0,0.0,0.0,0.0,0.0,0.0
0.0,0.0,0.9984312057495117,0.0,0.0,0.0,0.0,0.0,0.0,0.0
0.0,0.0,0.9983425140380859,0.0,0.0,0.0,0.0,0.0,0.0,0.0
0.0,0.0,0.9982709884643555,0.0,0.0,0.0,0.0,0.0,0.0,0.0
0.0,0.0,0.9981012344360352,0.0,0.0,0.0,0.0,0.0,0.0,0.0
0.0,0.0,0.9980192184448242,0.0,0.0,0.0,0.0,0.0,0.0,0.0
0.0,0.0,0.9980688095092773,0.0,0.0,0.0,0.0,0.0,0.0,0.0
0.0,0.0,0.9991693496704102,0.0,0.0,0.0,0.0,0.0,0.0,0.0
0.0,0.0,0.9973068237304688,0.0,0.0,0.0,0.0,0.0,0.0,0.0
0.0,0.0,0.9959306716918945,0.0,0.0,0.0,0.0,0.0,0.0,0.0
0.0,0.0,0.9937820434570312,0.0,0.0,0.0,0.0,0.0,0.0,0.0
0.0,0.0,0.9984674453735352,0.0,0.0,0.0,0.0,0.0,0.0,0.0
0.0,0.0,0.9969520568847656,0.0,0.0,0.0,0.0,0.0,0.0,0.0
0.0,0.0,0.999058723449707,0.0,0.0,0.0,0.0,0.0,0.0,0.0
0.0,0.0,0.9983034133911133,0.0,0.0,0.0,0.0,0.0,0.0,0.0
0.0,0.0,0.9988231658935547,0.0,0.0,0.0,0.0,0.0,0.0,0.0
0.0,0.0,0.9973392486572266,0.0,0.0,0.0,0.0,0.0,0.0,0.0
0.0,0.0,0.9989776611328125,0.0,0.0,0.0,0.0,0.0,0.0,0.0
0.0,0.0,0.9991340637207031,0.0,0.0,0.0,0.0,0.0,0.0,0.0
0.0,0.0,0.9991817474365234,0.0,0.0,0.0,0.0,0.0,0.0,0.0
0.0,0.0,0.9989290237426758,0.0,0.0,0.0,0.0,0.0,0.0,0.0
0.0,0.0,0.99822998046875,0.0,0.0,0.0,0.0,0.0,0.0,0.0
0.0,0.0,0.9984350204467773,0.0,0.0,0.0,0.0,0.0,0.0,0.0
0.0,0.0,0.99908447265625,0.0,0.0,0.0,0.0,0.0,0.0,0.0
0.0,0.0,0.9989919662475586,0.0,0.0,0.0,0.0,0.0,0.0,0.0
0.0,0.0,0.9980802536010742,0.0,0.0,0.0,0.0,0.0,0.0,0.0
0.0,0.0,0.9983921051025391,0.0,0.0,0.0,0.0,0.0,0.0,0.0
0.0,0.0,0.9975471496582031,0.0,0.0,0.0,0.0,0.0,0.0,0.0
0.0,0.0,0.9991226196289062,0.0,0.0,0.0,0.0,0.0,0.0,0.0
0.0,0.0,0.9981689453125,0.0,0.0,0.0,0.0,0.0,0.0,0.0
0.0,0.0,0.9977617263793945,0.0,0.0,0.0,0.0,0.0,0.0,0.0
0.0,0.0,0.9923696517944336,0.0,0.0,0.0,0.0,0.0,0.0,0.0
0.0,0.0,0.9931173324584961,0.0,0.0,0.0,0.0,0.0,0.0,0.0
0.0,0.0,0.9982500076293945,0.0,0.0,0.0,0.0,0.0,0.0,0.0
0.0,0.0,0.9977827072143555,0.0,0.0,0.0,0.0,0.0,0.0,0.0
0.0,0.0,0.9983949661254883,0.0,0.0,0.0,0.0,0.0,0.0,0.0
0.0,0.0,0.9978771209716797,0.0,0.0,0.0,0.0,0.0,0.0,0.0
0.0,0.0,0.9981870651245117,0.0,0.0,0.0,0.0,0.0,0.0,0.0
0.0,0.0,0.99835205078125,0.0,0.0,0.0,0.0,0.0,0.0,0.0
0.0,0.0,0.9961042404174805,0.0,0.0,0.0,0.0,0.0,0.0,0.0
0.0,0.0,0.9989957809448242,0.0,0.0,0.0,0.0,0.0,0.0,0.0
0.0,0.0,0.9990358352661133,0.0,0.0,0.0,0.0,0.0,0.0,0.0
0.0,0.0,0.9989919662475586,0.0,0.0,0.0,0.0,0.0,0.0,0.0
0.0,0.0,0.9991827011108398,0.0,0.0,0.0,0.0,0.0,0.0,0.0
0.0,0.0,0.9989252090454102,0.0,0.0,0.0,0.0,0.0,0.0,0.0
0.0,0.0,0.9976177215576172,0.0,0.0,0.0,0.0,0.0,0.0,0.0
0.0,0.0,0.999028205871582,0.0,0.0,0.0,0.0,0.0,0.0,0.0
0.0,0.0,0.9962072372436523,0.0,0.0,0.0,0.0,0.0,0.0,0.0
0.0,0.0,0.9972238540649414,0.0,0.0,0.0,0.0,0.0,0.0,0.0
0.0,0.0,0.9973173141479492,0.0,0.0,0.0,0.0,0.0,0.0,0.0
0.0,0.0,0.9966745376586914,0.0,0.0,0.0,0.0,0.0,0.0,0.0
0.0,0.0,0.9973907470703125,0.0,0.0,0.0,0.0,0.0,0.0,0.0
0.0,0.0,0.997380256652832,0.0,0.0,0.0,0.0,0.0,0.0,0.0
0.0,0.0,0.9974985122680664,0.0,0.0,0.0,0.0,0.0,0.0,0.0
0.0,0.0,0.9945058822631836,0.0,0.0,0.0,0.0,0.0,0.0,0.0
0.0,0.0,0.9975576400756836,0.0,0.0,0.0,0.0,0.0,0.0,0.0
0.0,0.0,0.9974145889282227,0.0,0.0,0.0,0.0,0.0,0.0,0.0
0.0,0.0,0.9974584579467773,0.0,0.0,0.0,0.0,0.0,0.0,0.0
0.0,0.0,0.9972248077392578,0.0,0.0,0.0,0.0,0.0,0.0,0.0
0.0,0.0,0.9972410202026367,0.0,0.0,0.0,0.0,0.0,0.0,0.0
0.0,0.0,0.9969902038574219,0.0,0.0,0.0,0.0,0.0,0.0,0.0
0.0,0.0,0.9968938827514648,0.0,0.0,0.0,0.0,0.0,0.0,0.0
0.0,0.0,0.9971714019775391,0.0,0.0,0.0,0.0,0.0,0.0,0.0
0.0,0.0,0.9973621368408203,0.0,0.0,0.0,0.0,0.0,0.0,0.0
0.0,0.0,0.9974031448364258,0.0,0.0,0.0,0.0,0.0,0.0,0.0
0.0,0.0,0.9969511032104492,0.0,0.0,0.0,0.0,0.0,0.0,0.0
0.0,0.0,0.9972991943359375,0.0,0.0,0.0,0.0,0.0,0.0,0.0
0.0,0.0,0.9972381591796875,0.0,0.0,0.0,0.0,0.0,0.0,0.0
0.0,0.0,0.9970865249633789,0.0,0.0,0.0,0.0,0.0,0.0,0.0
0.0,0.0,0.9974746704101562,0.0,0.0,0.0,0.0,0.0,0.0,0.0
0.0,0.0,0.9972457885742188,0.0,0.0,0.0,0.0,0.0,0.0,0.0
0.0,0.0,0.9973335266113281,0.0,0.0,0.0,0.0,0.0,0.0,0.0
0.0,0.0,0.997380256652832,0.0,0.0,0.0,0.0,0.0,0.0,0.0
0.0,0.0,0.9970970153808594,0.0,0.0,0.0,0.0,0.0,0.0,0.0
0.0,0.0,0.9971513748168945,0.0,0.0,0.0,0.0,0.0,0.0,0.0
0.0,0.0,0.9975709915161133,0.0,0.0,0.0,0.0,0.0,0.0,0.0
0.0,0.0,0.9974727630615234,0.0,0.0,0.0,0.0,0.0,0.0,0.0
0.0,0.0,0.9971590042114258,0.0,0.0,0.0,0.0,0.0,0.0,0.0
0.0,0.0,0.9969997406005859,0.0,0.0,0.0,0.0,0.0,0.0,0.0
0.0,0.0,0.9973182678222656,0.0,0.0,0.0,0.0,0.0,0.0,0.0
0.0,0.0,0.9972095489501953,0.0,0.0,0.0,0.0,0.0,0.0,0.0
0.0,0.0,0.9966573715209961,0.0,0.0,0.0,0.0,0.0,0.0,0.0
0.0,0.0,0.9967384338378906,0.0,0.0,0.0,0.0,0.0,0.0,0.0
0.0,0.0,0.9972724914550781,0.0,0.0,0.0,0.0,0.0,0.0,0.0
0.0,0.0,0.9975833892822266,0.0,0.0,0.0,0.0,0.0,0.0,0.0
0.0,0.0,0.9969167709350586,0.0,0.0,0.0,0.0,0.0,0.0,0.0
0.0,0.0,0.9972772598266602,0.0,0.0,0.0,0.0,0.0,0.0,0.0
0.0,0.0,0.9980010986328125,0.0,0.0,0.0,0.0,0.0,0.0,0.0
0.0,0.0,0.997161865234375,0.0,0.0,0.0,0.0,0.0,0.0,0.0
0.0,0.0,0.9972257614135742,0.0,0.0,0.0,0.0,0.0,0.0,0.0
0.0,0.0,0.9971027374267578,0.0,0.0,0.0,0.0,0.0,0.0,0.0
0.0,0.0,0.9973621368408203,0.0,0.0,0.0,0.0,0.0,0.0,0.0
0.0,0.0,0.9983139038085938,0.0,0.0,0.0,0.0,0.0,0.0,0.0
0.0,0.0,0.9973258972167969,0.0,0.0,0.0,0.0,0.0,0.0,0.0
0.0,0.0,0.9972562789916992,0.0,0.0,0.0,0.0,0.0,0.0,0.0
0.0,0.0,0.997410774230957,0.0,0.0,0.0,0.0,0.0,0.0,0.0
0.0,0.0,0.9971122741699219,0.0,0.0,0.0,0.0,0.0,0.0,0.0
0.0,0.0,0.9972429275512695,0.0,0.0,0.0,0.0,0.0,0.0,0.0
0.0,0.0,0.9972143173217773,0.0,0.0,0.0,0.0,0.0,0.0,0.0
0.7664359861591695,0.8677766895200784,0.9996137619018555,0.8895582329317269,0.847036328871893,0.7664359861591695,0.8677766895200784,0.8895582329317269,0.847036328871893,1.0
0.0,0.0,0.9972305297851562,0.0,0.0,0.0,0.0,0.0,0.0,0.0
0.0,0.0,0.9969682693481445,0.0,0.0,0.0,0.0,0.0,0.0,0.0
0.0,0.0,0.997401237487793,0.0,0.0,0.0,0.0,0.0,0.0,0.0
0.0,0.0,0.9971742630004883,0.0,0.0,0.0,0.0,0.0,0.0,0.0
0.0,0.0,0.9969863891601562,0.0,0.0,0.0,0.0,0.0,0.0,0.0
0.0,0.0,0.9973945617675781,0.0,0.0,0.0,0.0,0.0,0.0,0.0
0.0,0.0,0.9971590042114258,0.0,0.0,0.0,0.0,0.0,0.0,0.0
0.0,0.0,0.9979639053344727,0.0,0.0,0.0,0.0,0.0,0.0,0.0
0.0,0.0,0.997065544128418,0.0,0.0,0.0,0.0,0.0,0.0,0.0
0.0,0.0,0.9973554611206055,0.0,0.0,0.0,0.0,0.0,0.0,0.0
0.0,0.0,0.997492790222168,0.0,0.0,0.0,0.0,0.0,0.0,0.0
0.0,0.0,0.9982805252075195,0.0,0.0,0.0,0.0,0.0,0.0,0.0
0.0,0.0,0.9970340728759766,0.0,0.0,0.0,0.0,0.0,0.0,0.0
0.0,0.0,0.9974050521850586,0.0,0.0,0.0,0.0,0.0,0.0,0.0
0.0,0.0,0.9974527359008789,0.0,0.0,0.0,0.0,0.0,0.0,0.0
0.0,0.0,0.9974536895751953,0.0,0.0,0.0,0.0,0.0,0.0,0.0
0.0,0.0,0.9980411529541016,0.0,0.0,0.0,0.0,0.0,0.0,0.0
0.0,0.0,0.9973592758178711,0.0,0.0,0.0,0.0,0.0,0.0,0.0
0.0,0.0,0.9962177276611328,0.0,0.0,0.0,0.0,0.0,0.0,0.0
0.0,0.0,0.9971513748168945,0.0,0.0,0.0,0.0,0.0,0.0,0.0
0.0,0.0,0.9973354339599609,0.0,0.0,0.0,0.0,0.0,0.0,0.0
0.0,0.0,0.9975442886352539,0.0,0.0,0.0,0.0,0.0,0.0,0.0
0.0,0.0,0.997528076171875,0.0,0.0,0.0,0.0,0.0,0.0,0.0
0.0,0.0,0.9971275329589844,0.0,0.0,0.0,0.0,0.0,0.0,0.0
0.0,0.0,0.9973030090332031,0.0,0.0,0.0,0.0,0.0,0.0,0.0
0.0,0.0,0.9973325729370117,0.0,0.0,0.0,0.0,0.0,0.0,0.0
0.0,0.0,0.9969873428344727,0.0,0.0,0.0,0.0,0.0,0.0,0.0
0.0,0.0,0.9980230331420898,0.0,0.0,0.0,0.0,0.0,0.0,0.0
0.0,0.0,0.9972848892211914,0.0,0.0,0.0,0.0,0.0,0.0,0.0
0.0,0.0,0.9974288940429688,0.0,0.0,0.0,0.0,0.0,0.0,0.0
0.0,0.0,0.9974346160888672,0.0,0.0,0.0,0.0,0.0,0.0,0.0
0.0,0.0,0.99737548828125,0.0,0.0,0.0,0.0,0.0,0.0,0.0
0.0,0.0,0.9973268508911133,0.0,0.0,0.0,0.0,0.0,0.0,0.0
0.0,0.0,0.997645378112793,0.0,0.0,0.0,0.0,0.0,0.0,0.0
0.0,0.0,0.9973297119140625,0.0,0.0,0.0,0.0,0.0,0.0,0.0
0.0,0.0,0.997380256652832,0.0,0.0,0.0,0.0,0.0,0.0,0.0
0.0,0.0,0.9969854354858398,0.0,0.0,0.0,0.0,0.0,0.0,0.0
0.0,0.0,0.9974327087402344,0.0,0.0,0.0,0.0,0.0,0.0,0.0
0.0,0.0,0.9972648620605469,0.0,0.0,0.0,0.0,0.0,0.0,0.0
0.0,0.0,0.9973125457763672,0.0,0.0,0.0,0.0,0.0,0.0,0.0
0.0,0.0,0.997370719909668,0.0,0.0,0.0,0.0,0.0,0.0,0.0
0.0,0.0,0.9974517822265625,0.0,0.0,0.0,0.0,0.0,0.0,0.0
0.0,0.0,0.9972200393676758,0.0,0.0,0.0,0.0,0.0,0.0,0.0
0.0,0.0,0.9969882965087891,0.0,0.0,0.0,0.0,0.0,0.0,0.0
0.0,0.0,0.9965591430664062,0.0,0.0,0.0,0.0,0.0,0.0,0.0
0.0,0.0,0.9837064743041992,0.0,0.0,0.0,0.0,0.0,0.0,0.0
0.0,0.0,0.9931201934814453,0.0,0.0,0.0,0.0,0.0,0.0,0.0
0.0,0.0,0.9961471557617188,0.0,0.0,0.0,0.0,0.0,0.0,0.0
0.0,0.0,0.9830560684204102,0.0,0.0,0.0,0.0,0.0,0.0,0.0
0.0,0.0,0.9948387145996094,0.0,0.0,0.0,0.0,0.0,0.0,0.0
0.0,0.0,0.9958267211914062,0.0,0.0,0.0,0.0,0.0,0.0,0.0
0.0,0.0,0.9895238876342773,0.0,0.0,0.0,0.0,0.0,0.0,0.0
0.0,0.0,0.9968395233154297,0.0,0.0,0.0,0.0,0.0,0.0,0.0
0.0,0.0,0.9963159561157227,0.0,0.0,0.0,0.0,0.0,0.0,0.0
0.0,0.0,0.9972333908081055,0.0,0.0,0.0,0.0,0.0,0.0,0.0
0.0,0.0,0.9968471527099609,0.0,0.0,0.0,0.0,0.0,0.0,0.0
0.0,0.0,0.9969987869262695,0.0,0.0,0.0,0.0,0.0,0.0,0.0
0.0,0.0,0.996978759765625,0.0,0.0,0.0,0.0,0.0,0.0,0.0
0.0,0.0,0.9974050521850586,0.0,0.0,0.0,0.0,0.0,0.0,0.0
0.0,0.0,0.996882438659668,0.0,0.0,0.0,0.0,0.0,0.0,0.0
0.0,0.0,0.9969415664672852,0.0,0.0,0.0,0.0,0.0,0.0,0.0
0.7047401484865791,0.8268006700167504,0.999506950378418,0.9716535433070866,0.719533527696793,0.7047401484865791,0.8268006700167504,0.9716535433070866,0.719533527696793,1.0
0.0,0.0,0.9963626861572266,0.0,0.0,0.0,0.0,0.0,0.0,0.0
0.0,0.0,0.9974184036254883,0.0,0.0,0.0,0.0,0.0,0.0,0.0
0.0,0.0,0.9974136352539062,0.0,0.0,0.0,0.0,0.0,0.0,0.0
0.0,0.0,0.9969701766967773,0.0,0.0,0.0,0.0,0.0,0.0,0.0
0.0,0.0,0.996708869934082,0.0,0.0,0.0,0.0,0.0,0.0,0.0
0.0,0.0,0.9972047805786133,0.0,0.0,0.0,0.0,0.0,0.0,0.0
0.0,0.0,0.9971370697021484,0.0,0.0,0.0,0.0,0.0,0.0,0.0
0.0,0.0,0.9971075057983398,0.0,0.0,0.0,0.0,0.0,0.0,0.0
0.0,0.0,0.9969682693481445,0.0,0.0,0.0,0.0,0.0,0.0,0.0
0.0,0.0,0.9970788955688477,0.0,0.0,0.0,0.0,0.0,0.0,0.0
0.0,0.0,0.9968461990356445,0.0,0.0,0.0,0.0,0.0,0.0,0.0
0.0,0.0,0.997767448425293,0.0,0.0,0.0,0.0,0.0,0.0,0.0
0.0,0.0,0.997035026550293,0.0,0.0,0.0,0.0,0.0,0.0,0.0
0.0,0.0,0.9973306655883789,0.0,0.0,0.0,0.0,0.0,0.0,0.0
0.0,0.0,0.9972715377807617,0.0,0.0,0.0,0.0,0.0,0.0,0.0
0.0,0.0,0.9978199005126953,0.0,0.0,0.0,0.0,0.0,0.0,0.0
0.0,0.0,0.9970693588256836,0.0,0.0,0.0,0.0,0.0,0.0,0.0
0.0,0.0,0.9930257797241211,0.0,0.0,0.0,0.0,0.0,0.0,0.0
0.0,0.0,0.9972753524780273,0.0,0.0,0.0,0.0,0.0,0.0,0.0
0.0,0.0,0.9972972869873047,0.0,0.0,0.0,0.0,0.0,0.0,0.0
0.0,0.0,0.9974126815795898,0.0,0.0,0.0,0.0,0.0,0.0,0.0
0.0,0.0,0.9970216751098633,0.0,0.0,0.0,0.0,0.0,0.0,0.0
0.0,0.0,0.9970979690551758,0.0,0.0,0.0,0.0,0.0,0.0,0.0
0.0,0.0,0.9971427917480469,0.0,0.0,0.0,0.0,0.0,0.0,0.0
0.0,0.0,0.9973907470703125,0.0,0.0,0.0,0.0,0.0,0.0,0.0
0.0,0.0,0.9971609115600586,0.0,0.0,0.0,0.0,0.0,0.0,0.0
0.0,0.0,0.9968948364257812,0.0,0.0,0.0,0.0,0.0,0.0,0.0
0.0,0.0,0.9970035552978516,0.0,0.0,0.0,0.0,0.0,0.0,0.0
0.0,0.0,0.9977140426635742,0.0,0.0,0.0,0.0,0.0,0.0,0.0
0.0,0.0,0.9972429275512695,0.0,0.0,0.0,0.0,0.0,0.0,0.0
0.0,0.0,0.9971799850463867,0.0,0.0,0.0,0.0,0.0,0.0,0.0
0.0,0.0,0.9973287582397461,0.0,0.0,0.0,0.0,0.0,0.0,0.0
0.0,0.0,0.9963531494140625,0.0,0.0,0.0,0.0,0.0,0.0,0.0
0.0,0.0,0.9971351623535156,0.0,0.0,0.0,0.0,0.0,0.0,0.0
0.0,0.0,0.9969282150268555,0.0,0.0,0.0,0.0,0.0,0.0,0.0
0.0,0.0,0.9968814849853516,0.0,0.0,0.0,0.0,0.0,0.0,0.0
0.0,0.0,0.9970989227294922,0.0,0.0,0.0,0.0,0.0,0.0,0.0
0.0,0.0,0.9974136352539062,0.0,0.0,0.0,0.0,0.0,0.0,0.0
0.0,0.0,0.9968881607055664,0.0,0.0,0.0,0.0,0.0,0.0,0.0
0.0,0.0,0.9973011016845703,0.0,0.0,0.0,0.0,0.0,0.0,0.0
0.0,0.0,0.9972782135009766,0.0,0.0,0.0,0.0,0.0,0.0,0.0
0.0,0.0,0.9973611831665039,0.0,0.0,0.0,0.0,0.0,0.0,0.0
0.0,0.0,0.9970531463623047,0.0,0.0,0.0,0.0,0.0,0.0,0.0
0.0,0.0,0.9978876113891602,0.0,0.0,0.0,0.0,0.0,0.0,0.0
0.0,0.0,0.9973535537719727,0.0,0.0,0.0,0.0,0.0,0.0,0.0
0.0,0.0,0.9971647262573242,0.0,0.0,0.0,0.0,0.0,0.0,0.0
0.0,0.0,0.997157096862793,0.0,0.0,0.0,0.0,0.0,0.0,0.0
0.0,0.0,0.9972343444824219,0.0,0.0,0.0,0.0,0.0,0.0,0.0
0.0,0.0,0.9970521926879883,0.0,0.0,0.0,0.0,0.0,0.0,0.0
0.0,0.0,0.9972610473632812,0.0,0.0,0.0,0.0,0.0,0.0,0.0
0.0,0.0,0.9968862533569336,0.0,0.0,0.0,0.0,0.0,0.0,0.0
0.0,0.0,0.9969367980957031,0.0,0.0,0.0,0.0,0.0,0.0,0.0
0.0,0.0,0.9978494644165039,0.0,0.0,0.0,0.0,0.0,0.0,0.0
0.0,0.0,0.9978342056274414,0.0,0.0,0.0,0.0,0.0,0.0,0.0
0.0,0.0,0.9979047775268555,0.0,0.0,0.0,0.0,0.0,0.0,0.0
0.0,0.0,0.9980144500732422,0.0,0.0,0.0,0.0,0.0,0.0,0.0
0.0,0.0,0.9970979690551758,0.0,0.0,0.0,0.0,0.0,0.0,0.0
0.0,0.0,0.9971370697021484,0.0,0.0,0.0,0.0,0.0,0.0,0.0
0.0,0.0,0.9972419738769531,0.0,0.0,0.0,0.0,0.0,0.0,0.0
0.0,0.0,0.9971637725830078,0.0,0.0,0.0,0.0,0.0,0.0,0.0
0.0,0.0,0.9968156814575195,0.0,0.0,0.0,0.0,0.0,0.0,0.0
0.0,0.0,0.9978342056274414,0.0,0.0,0.0,0.0,0.0,0.0,0.0
0.0,0.0,0.9971523284912109,0.0,0.0,0.0,0.0,0.0,0.0,0.0
0.0,0.0,0.997161865234375,0.0,0.0,0.0,0.0,0.0,0.0,0.0
0.0,0.0,0.9970426559448242,0.0,0.0,0.0,0.0,0.0,0.0,0.0
0.0,0.0,0.9970779418945312,0.0,0.0,0.0,0.0,0.0,0.0,0.0
0.0,0.0,0.9970273971557617,0.0,0.0,0.0,0.0,0.0,0.0,0.0
0.0,0.0,0.9970989227294922,0.0,0.0,0.0,0.0,0.0,0.0,0.0
0.0,0.0,0.997894287109375,0.0,0.0,0.0,0.0,0.0,0.0,0.0
0.0,0.0,0.9968547821044922,0.0,0.0,0.0,0.0,0.0,0.0,0.0
0.0,0.0,0.9977035522460938,0.0,0.0,0.0,0.0,0.0,0.0,0.0
0.0,0.0,0.9971103668212891,0.0,0.0,0.0,0.0,0.0,0.0,0.0
0.0,0.0,0.997797966003418,0.0,0.0,0.0,0.0,0.0,0.0,0.0
0.0,0.0,0.9978704452514648,0.0,0.0,0.0,0.0,0.0,0.0,0.0
0.0,0.0,0.9973211288452148,0.0,0.0,0.0,0.0,0.0,0.0,0.0
0.0,0.0,0.9979372024536133,0.0,0.0,0.0,0.0,0.0,0.0,0.0
0.0,0.0,0.997014045715332,0.0,0.0,0.0,0.0,0.0,0.0,0.0
0.0,0.0,0.9911222457885742,0.0,0.0,0.0,0.0,0.0,0.0,0.0
0.0,0.0,0.9820766448974609,0.0,0.0,0.0,0.0,0.0,0.0,0.0
0.0,0.0,0.9936609268188477,0.0,0.0,0.0,0.0,0.0,0.0,0.0
0.0,0.0,0.9982366561889648,0.0,0.0,0.0,0.0,0.0,0.0,0.0
0.0,0.0,0.9956026077270508,0.0,0.0,0.0,0.0,0.0,0.0,0.0
0.0,0.0,0.9979076385498047,0.0,0.0,0.0,0.0,0.0,0.0,0.0
0.0,0.0,0.9875345230102539,0.0,0.0,0.0,0.0,0.0,0.0,0.0
0.0,0.0,0.9980030059814453,0.0,0.0,0.0,0.0,0.0,0.0,0.0
0.0,0.0,0.999079704284668,0.0,0.0,0.0,0.0,0.0,0.0,0.0
0.0,0.0,0.9977636337280273,0.0,0.0,0.0,0.0,0.0,0.0,0.0
0.0,0.0,0.9966096878051758,0.0,0.0,0.0,0.0,0.0,0.0,0.0
0.0,0.0,0.9978713989257812,0.0,0.0,0.0,0.0,0.0,0.0,0.0
0.0,0.0,0.9983425140380859,0.0,0.0,0.0,0.0,0.0,0.0,0.0
0.0,0.0,0.9981842041015625,0.0,0.0,0.0,0.0,0.0,0.0,0.0
0.0,0.0,0.9980134963989258,0.0,0.0,0.0,0.0,0.0,0.0,0.0
0.0,0.0,0.9914255142211914,0.0,0.0,0.0,0.0,0.0,0.0,0.0
0.0,0.0,0.9979581832885742,0.0,0.0,0.0,0.0,0.0,0.0,0.0
0.0,0.0,0.9972419738769531,0.0,0.0,0.0,0.0,0.0,0.0,0.0
0.0,0.0,0.9991674423217773,0.0,0.0,0.0,0.0,0.0,0.0,0.0
0.0,0.0,0.9936428070068359,0.0,0.0,0.0,0.0,0.0,0.0,0.0
0.0,0.0,0.99810791015625,0.0,0.0,0.0,0.0,0.0,0.0,0.0
0.0,0.0,0.9990720748901367,0.0,0.0,0.0,0.0,0.0,0.0,0.0
0.0,0.0,0.9982223510742188,0.0,0.0,0.0,0.0,0.0,0.0,0.0
0.0,0.0,0.9980134963989258,0.0,0.0,0.0,0.0,0.0,0.0,0.0
0.0,0.0,0.9991044998168945,0.0,0.0,0.0,0.0,0.0,0.0,0.0
0.0,0.0,0.9990568161010742,0.0,0.0,0.0,0.0,0.0,0.0,0.0
0.0,0.0,0.9976015090942383,0.0,0.0,0.0,0.0,0.0,0.0,0.0
0.0,0.0,0.9983329772949219,0.0,0.0,0.0,0.0,0.0,0.0,0.0
0.0,0.0,0.9985923767089844,0.0,0.0,0.0,0.0,0.0,0.0,0.0
0.0,0.0,0.9990749359130859,0.0,0.0,0.0,0.0,0.0,0.0,0.0
0.0,0.0,0.9990568161010742,0.0,0.0,0.0,0.0,0.0,0.0,0.0
0.0,0.0,0.9990625381469727,0.0,0.0,0.0,0.0,0.0,0.0,0.0
0.0,0.0,0.9981660842895508,0.0,0.0,0.0,0.0,0.0,0.0,0.0
0.0,0.0,0.9982690811157227,0.0,0.0,0.0,0.0,0.0,0.0,0.0
0.0,0.0,0.9983053207397461,0.0,0.0,0.0,0.0,0.0,0.0,0.0
0.0,0.0,0.998316764831543,0.0,0.0,0.0,0.0,0.0,0.0,0.0
0.0,0.0,0.9982938766479492,0.0,0.0,0.0,0.0,0.0,0.0,0.0
0.0,0.0,0.9982099533081055,0.0,0.0,0.0,0.0,0.0,0.0,0.0
0.0,0.0,0.9991235733032227,0.0,0.0,0.0,0.0,0.0,0.0,0.0
0.0,0.0,0.9985580444335938,0.0,0.0,0.0,0.0,0.0,0.0,0.0
0.7085106382978723,0.8293897882938979,0.9998693466186523,0.8694516971279374,0.7928571428571428,0.7085106382978723,0.8293897882938979,0.8694516971279374,0.7928571428571428,1.0
0.0,0.0,0.9980897903442383,0.0,0.0,0.0,0.0,0.0,0.0,0.0
0.0,0.0,0.9982824325561523,0.0,0.0,0.0,0.0,0.0,0.0,0.0
0.0,0.0,0.9985122680664062,0.0,0.0,0.0,0.0,0.0,0.0,0.0
0.0,0.0,0.9992198944091797,0.0,0.0,0.0,0.0,0.0,0.0,0.0
0.0,0.0,0.9990854263305664,0.0,0.0,0.0,0.0,0.0,0.0,0.0
0.0,0.0,0.9991512298583984,0.0,0.0,0.0,0.0,0.0,0.0,0.0
0.0,0.0,0.9991540908813477,0.0,0.0,0.0,0.0,0.0,0.0,0.0
0.0,0.0,0.9979352951049805,0.0,0.0,0.0,0.0,0.0,0.0,0.0
0.0,0.0,0.9984931945800781,0.0,0.0,0.0,0.0,0.0,0.0,0.0
0.0,0.0,0.9983758926391602,0.0,0.0,0.0,0.0,0.0,0.0,0.0
0.0,0.0,0.9981794357299805,0.0,0.0,0.0,0.0,0.0,0.0,0.0
0.0,0.0,0.9979925155639648,0.0,0.0,0.0,0.0,0.0,0.0,0.0
0.0,0.0,0.9983015060424805,0.0,0.0,0.0,0.0,0.0,0.0,0.0
0.0,0.0,0.9981822967529297,0.0,0.0,0.0,0.0,0.0,0.0,0.0
0.0,0.0,0.9991455078125,0.0,0.0,0.0,0.0,0.0,0.0,0.0
0.0,0.0,0.9976911544799805,0.0,0.0,0.0,0.0,0.0,0.0,0.0
0.0,0.0,0.9981346130371094,0.0,0.0,0.0,0.0,0.0,0.0,0.0
0.0,0.0,0.9986639022827148,0.0,0.0,0.0,0.0,0.0,0.0,0.0
0.0,0.0,0.9991617202758789,0.0,0.0,0.0,0.0,0.0,0.0,0.0
0.0,0.0,0.99786376953125,0.0,0.0,0.0,0.0,0.0,0.0,0.0
0.0,0.0,0.9991798400878906,0.0,0.0,0.0,0.0,0.0,0.0,0.0
0.0,0.0,0.9982175827026367,0.0,0.0,0.0,0.0,0.0,0.0,0.0
0.0,0.0,0.9962301254272461,0.0,0.0,0.0,0.0,0.0,0.0,0.0
0.0,0.0,0.9991178512573242,0.0,0.0,0.0,0.0,0.0,0.0,0.0
0.0,0.0,0.999232292175293,0.0,0.0,0.0,0.0,0.0,0.0,0.0
0.0,0.0,0.9924325942993164,0.0,0.0,0.0,0.0,0.0,0.0,0.0
0.0,0.0,0.9984407424926758,0.0,0.0,0.0,0.0,0.0,0.0,0.0
0.0,0.0,0.9983272552490234,0.0,0.0,0.0,0.0,0.0,0.0,0.0
0.0,0.0,0.9981937408447266,0.0,0.0,0.0,0.0,0.0,0.0,0.0
0.0,0.0,0.9983730316162109,0.0,0.0,0.0,0.0,0.0,0.0,0.0
0.0,0.0,0.9983358383178711,0.0,0.0,0.0,0.0,0.0,0.0,0.0
0.0,0.0,0.9986104965209961,0.0,0.0,0.0,0.0,0.0,0.0,0.0
0.0,0.0,0.9991006851196289,0.0,0.0,0.0,0.0,0.0,0.0,0.0
0.0,0.0,0.9991016387939453,0.0,0.0,0.0,0.0,0.0,0.0,0.0
0.0,0.0,0.9982128143310547,0.0,0.0,0.0,0.0,0.0,0.0,0.0
0.0,0.0,0.9983720779418945,0.0,0.0,0.0,0.0,0.0,0.0,0.0
0.0,0.0,0.9959630966186523,0.0,0.0,0.0,0.0,0.0,0.0,0.0
0.0,0.0,0.9983072280883789,0.0,0.0,0.0,0.0,0.0,0.0,0.0
0.0,0.0,0.998448371887207,0.0,0.0,0.0,0.0,0.0,0.0,0.0
0.0,0.0,0.9989776611328125,0.0,0.0,0.0,0.0,0.0,0.0,0.0
0.0,0.0,0.9977951049804688,0.0,0.0,0.0,0.0,0.0,0.0,0.0
0.0,0.0,0.9990940093994141,0.0,0.0,0.0,0.0,0.0,0.0,0.0
0.0,0.0,0.9888057708740234,0.0,0.0,0.0,0.0,0.0,0.0,0.0
0.0,0.0,0.9953012466430664,0.0,0.0,0.0,0.0,0.0,0.0,0.0
0.0,0.0,0.9959220886230469,0.0,0.0,0.0,0.0,0.0,0.0,0.0
0.0,0.0,0.9866695404052734,0.0,0.0,0.0,0.0,0.0,0.0,0.0
0.0,0.0,0.9931554794311523,0.0,0.0,0.0,0.0,0.0,0.0,0.0
0.0,0.0,0.9960174560546875,0.0,0.0,0.0,0.0,0.0,0.0,0.0
0.0,0.0,0.9904327392578125,0.0,0.0,0.0,0.0,0.0,0.0,0.0
0.0,0.0,0.9862585067749023,0.0,0.0,0.0,0.0,0.0,0.0,0.0
0.8221884498480243,0.902418682235196,0.9997768402099609,0.8725806451612903,0.9343696027633851,0.8221884498480243,0.902418682235196,0.8725806451612903,0.9343696027633851,1.0
0.0,0.0,0.9985990524291992,0.0,0.0,0.0,0.0,0.0,0.0,0.0
0.0,0.0,0.9937801361083984,0.0,0.0,0.0,0.0,0.0,0.0,0.0
0.0,0.0,0.9976491928100586,0.0,0.0,0.0,0.0,0.0,0.0,0.0
0.0,0.0,0.9975767135620117,0.0,0.0,0.0,0.0,0.0,0.0,0.0
0.0,0.0,0.9885530471801758,0.0,0.0,0.0,0.0,0.0,0.0,0.0
0.0,0.0,0.9969615936279297,0.0,0.0,0.0,0.0,0.0,0.0,0.0
0.0,0.0,0.9973564147949219,0.0,0.0,0.0,0.0,0.0,0.0,0.0
0.0,0.0,0.9974813461303711,0.0,0.0,0.0,0.0,0.0,0.0,0.0
0.0,0.0,0.9974536895751953,0.0,0.0,0.0,0.0,0.0,0.0,0.0
0.0,0.0,0.9978570938110352,0.0,0.0,0.0,0.0,0.0,0.0,0.0
0.0,0.0,0.9974555969238281,0.0,0.0,0.0,0.0,0.0,0.0,0.0
0.0,0.0,0.9983749389648438,0.0,0.0,0.0,0.0,0.0,0.0,0.0
0.0,0.0,0.9971427917480469,0.0,0.0,0.0,0.0,0.0,0.0,0.0
0.0,0.0,0.9984807968139648,0.0,0.0,0.0,0.0,0.0,0.0,0.0
0.0,0.0,0.9969663619995117,0.0,0.0,0.0,0.0,0.0,0.0,0.0
0.0,0.0,0.9967098236083984,0.0,0.0,0.0,0.0,0.0,0.0,0.0
0.0,0.0,0.9986591339111328,0.0,0.0,0.0,0.0,0.0,0.0,0.0
0.0,0.0,0.9968795776367188,0.0,0.0,0.0,0.0,0.0,0.0,0.0
0.0,0.0,0.9984045028686523,0.0,0.0,0.0,0.0,0.0,0.0,0.0
0.0,0.0,0.9976654052734375,0.0,0.0,0.0,0.0,0.0,0.0,0.0
0.0,0.0,0.9976100921630859,0.0,0.0,0.0,0.0,0.0,0.0,0.0
0.0,0.0,0.9963178634643555,0.0,0.0,0.0,0.0,0.0,0.0,0.0
0.0,0.0,0.9974584579467773,0.0,0.0,0.0,0.0,0.0,0.0,0.0
0.0,0.0,0.997807502746582,0.0,0.0,0.0,0.0,0.0,0.0,0.0
0.0,0.0,0.9983549118041992,0.0,0.0,0.0,0.0,0.0,0.0,0.0
0.0,0.0,0.9971771240234375,0.0,0.0,0.0,0.0,0.0,0.0,0.0
0.0,0.0,0.9979610443115234,0.0,0.0,0.0,0.0,0.0,0.0,0.0
0.0,0.0,0.9983644485473633,0.0,0.0,0.0,0.0,0.0,0.0,0.0
0.0,0.0,0.9979219436645508,0.0,0.0,0.0,0.0,0.0,0.0,0.0
0.0,0.0,0.9983243942260742,0.0,0.0,0.0,0.0,0.0,0.0,0.0
0.0,0.0,0.9977493286132812,0.0,0.0,0.0,0.0,0.0,0.0,0.0
0.0,0.0,0.9981136322021484,0.0,0.0,0.0,0.0,0.0,0.0,0.0
0.0,0.0,0.9974756240844727,0.0,0.0,0.0,0.0,0.0,0.0,0.0
0.0,0.0,0.9983606338500977,0.0,0.0,0.0,0.0,0.0,0.0,0.0
0.0,0.0,0.9983863830566406,0.0,0.0,0.0,0.0,0.0,0.0,0.0
0.0,0.0,0.9982566833496094,0.0,0.0,0.0,0.0,0.0,0.0,0.0
0.0,0.0,0.997767448425293,0.0,0.0,0.0,0.0,0.0,0.0,0.0
0.0,0.0,0.9986476898193359,0.0,0.0,0.0,0.0,0.0,0.0,0.0
0.0,0.0,0.9978485107421875,0.0,0.0,0.0,0.0,0.0,0.0,0.0
0.0,0.0,0.9983673095703125,0.0,0.0,0.0,0.0,0.0,0.0,0.0
0.0,0.0,0.9983911514282227,0.0,0.0,0.0,0.0,0.0,0.0,0.0
0.0,0.0,0.9984245300292969,0.0,0.0,0.0,0.0,0.0,0.0,0.0
0.0,0.0,0.9986667633056641,0.0,0.0,0.0,0.0,0.0,0.0,0.0
0.0,0.0,0.9974699020385742,0.0,0.0,0.0,0.0,0.0,0.0,0.0
0.0,0.0,0.9982929229736328,0.0,0.0,0.0,0.0,0.0,0.0,0.0
0.0,0.0,0.9982452392578125,0.0,0.0,0.0,0.0,0.0,0.0,0.0
0.0,0.0,0.9980630874633789,0.0,0.0,0.0,0.0,0.0,0.0,0.0
0.0,0.0,0.9983415603637695,0.0,0.0,0.0,0.0,0.0,0.0,0.0
0.0,0.0,0.9977025985717773,0.0,0.0,0.0,0.0,0.0,0.0,0.0
0.0,0.0,0.9978218078613281,0.0,0.0,0.0,0.0,0.0,0.0,0.0
0.0,0.0,0.9979076385498047,0.0,0.0,0.0,0.0,0.0,0.0,0.0
0.0,0.0,0.9983663558959961,0.0,0.0,0.0,0.0,0.0,0.0,0.0
0.0,0.0,0.9984617233276367,0.0,0.0,0.0,0.0,0.0,0.0,0.0
0.0,0.0,0.9983739852905273,0.0,0.0,0.0,0.0,0.0,0.0,0.0
0.0,0.0,0.9976701736450195,0.0,0.0,0.0,0.0,0.0,0.0,0.0
0.0,0.0,0.9921798706054688,0.0,0.0,0.0,0.0,0.0,0.0,0.0
0.0,0.0,0.9982919692993164,0.0,0.0,0.0,0.0,0.0,0.0,0.0
0.0,0.0,0.9984188079833984,0.0,0.0,0.0,0.0,0.0,0.0,0.0
0.0,0.0,0.9983959197998047,0.0,0.0,0.0,0.0,0.0,0.0,0.0
0.0,0.0,0.998291015625,0.0,0.0,0.0,0.0,0.0,0.0,0.0
0.0,0.0,0.9977226257324219,0.0,0.0,0.0,0.0,0.0,0.0,0.0
0.0,0.0,0.9976539611816406,0.0,0.0,0.0,0.0,0.0,0.0,0.0
0.0,0.0,0.9983758926391602,0.0,0.0,0.0,0.0,0.0,0.0,0.0
0.0,0.0,0.9976749420166016,0.0,0.0,0.0,0.0,0.0,0.0,0.0
0.0,0.0,0.9983615875244141,0.0,0.0,0.0,0.0,0.0,0.0,0.0
0.0,0.0,0.99835205078125,0.0,0.0,0.0,0.0,0.0,0.0,0.0
0.0,0.0,0.9983634948730469,0.0,0.0,0.0,0.0,0.0,0.0,0.0
0.0,0.0,0.985011100769043,0.0,0.0,0.0,0.0,0.0,0.0,0.0
0.0,0.0,0.9925079345703125,0.0,0.0,0.0,0.0,0.0,0.0,0.0
0.0,0.0,0.9958229064941406,0.0,0.0,0.0,0.0,0.0,0.0,0.0
0.0,0.0,0.9978647232055664,0.0,0.0,0.0,0.0,0.0,0.0,0.0
0.0,0.0,0.9982919692993164,0.0,0.0,0.0,0.0,0.0,0.0,0.0
0.0,0.0,0.9961080551147461,0.0,0.0,0.0,0.0,0.0,0.0,0.0
0.0,0.0,0.9951295852661133,0.0,0.0,0.0,0.0,0.0,0.0,0.0
0.0,0.0,0.9989566802978516,0.0,0.0,0.0,0.0,0.0,0.0,0.0
0.0,0.0,0.9970531463623047,0.0,0.0,0.0,0.0,0.0,0.0,0.0
0.0,0.0,0.996856689453125,0.0,0.0,0.0,0.0,0.0,0.0,0.0
0.0,0.0,0.9977750778198242,0.0,0.0,0.0,0.0,0.0,0.0,0.0
0.0,0.0,0.9983139038085938,0.0,0.0,0.0,0.0,0.0,0.0,0.0
0.0,0.0,0.9983434677124023,0.0,0.0,0.0,0.0,0.0,0.0,0.0
0.0,0.0,0.9980134963989258,0.0,0.0,0.0,0.0,0.0,0.0,0.0
0.0,0.0,0.9977502822875977,0.0,0.0,0.0,0.0,0.0,0.0,0.0
0.0,0.0,0.9969806671142578,0.0,0.0,0.0,0.0,0.0,0.0,0.0
0.0,0.0,0.9965696334838867,0.0,0.0,0.0,0.0,0.0,0.0,0.0
0.0,0.0,0.9982490539550781,0.0,0.0,0.0,0.0,0.0,0.0,0.0
0.0,0.0,0.9977912902832031,0.0,0.0,0.0,0.0,0.0,0.0,0.0
0.0,0.0,0.9984025955200195,0.0,0.0,0.0,0.0,0.0,0.0,0.0
0.0,0.0,0.9985284805297852,0.0,0.0,0.0,0.0,0.0,0.0,0.0
0.0,0.0,0.99761962890625,0.0,0.0,0.0,0.0,0.0,0.0,0.0
0.0,0.0,0.9981260299682617,0.0,0.0,0.0,0.0,0.0,0.0,0.0
0.0,0.0,0.9981327056884766,0.0,0.0,0.0,0.0,0.0,0.0,0.0
0.0,0.0,0.9982786178588867,0.0,0.0,0.0,0.0,0.0,0.0,0.0
0.0,0.0,0.9978342056274414,0.0,0.0,0.0,0.0,0.0,0.0,0.0
0.0,0.0,0.9982385635375977,0.0,0.0,0.0,0.0,0.0,0.0,0.0
0.0,0.0,0.9979467391967773,0.0,0.0,0.0,0.0,0.0,0.0,0.0
0.0,0.0,0.998321533203125,0.0,0.0,0.0,0.0,0.0,0.0,0.0
0.0,0.0,0.9985771179199219,0.0,0.0,0.0,0.0,0.0,0.0,0.0
0.0,0.0,0.9981279373168945,0.0,0.0,0.0,0.0,0.0,0.0,0.0
0.0,0.0,0.9980373382568359,0.0,0.0,0.0,0.0,0.0,0.0,0.0
0.0,0.0,0.9981040954589844,0.0,0.0,0.0,0.0,0.0,0.0,0.0
0.0,0.0,0.9981708526611328,0.0,0.0,0.0,0.0,0.0,0.0,0.0
0.0,0.0,0.9989395141601562,0.0,0.0,0.0,0.0,0.0,0.0,0.0
0.0,0.0,0.9982213973999023,0.0,0.0,0.0,0.0,0.0,0.0,0.0
0.0,0.0,0.9984359741210938,0.0,0.0,0.0,0.0,0.0,0.0,0.0
0.0,0.0,0.9979238510131836,0.0,0.0,0.0,0.0,0.0,0.0,0.0
0.0,0.0,0.9984416961669922,0.0,0.0,0.0,0.0,0.0,0.0,0.0
0.0,0.0,0.9984073638916016,0.0,0.0,0.0,0.0,0.0,0.0,0.0
0.6615969581749049,0.7963386727688787,0.9998302459716797,0.9354838709677419,0.6932270916334662,0.6615969581749049,0.7963386727688787,0.9354838709677419,0.6932270916334662,1.0
0.0,0.0,0.9990930557250977,0.0,0.0,0.0,0.0,0.0,0.0,0.0
0.0,0.0,0.9983205795288086,0.0,0.0,0.0,0.0,0.0,0.0,0.0
0.0,0.0,0.9989728927612305,0.0,0.0,0.0,0.0,0.0,0.0,0.0
0.0,0.0,0.99810791015625,0.0,0.0,0.0,0.0,0.0,0.0,0.0
0.0,0.0,0.9982585906982422,0.0,0.0,0.0,0.0,0.0,0.0,0.0
0.0,0.0,0.9984073638916016,0.0,0.0,0.0,0.0,0.0,0.0,0.0
0.0,0.0,0.9983301162719727,0.0,0.0,0.0,0.0,0.0,0.0,0.0
0.0,0.0,0.9982671737670898,0.0,0.0,0.0,0.0,0.0,0.0,0.0
0.0,0.0,0.9982376098632812,0.0,0.0,0.0,0.0,0.0,0.0,0.0
0.0,0.0,0.9990968704223633,0.0,0.0,0.0,0.0,0.0,0.0,0.0
0.0,0.0,0.9980993270874023,0.0,0.0,0.0,0.0,0.0,0.0,0.0
0.0,0.0,0.9990301132202148,0.0,0.0,0.0,0.0,0.0,0.0,0.0
0.0,0.0,0.9983272552490234,0.0,0.0,0.0,0.0,0.0,0.0,0.0
0.0,0.0,0.9991292953491211,0.0,0.0,0.0,0.0,0.0,0.0,0.0
0.0,0.0,0.9990215301513672,0.0,0.0,0.0,0.0,0.0,0.0,0.0
0.0,0.0,0.9990262985229492,0.0,0.0,0.0,0.0,0.0,0.0,0.0
0.0,0.0,0.9989776611328125,0.0,0.0,0.0,0.0,0.0,0.0,0.0
0.0,0.0,0.9991054534912109,0.0,0.0,0.0,0.0,0.0,0.0,0.0
0.0,0.0,0.9990825653076172,0.0,0.0,0.0,0.0,0.0,0.0,0.0
0.0,0.0,0.9990882873535156,0.0,0.0,0.0,0.0,0.0,0.0,0.0
0.0,0.0,0.9979190826416016,0.0,0.0,0.0,0.0,0.0,0.0,0.0
0.0,0.0,0.9990415573120117,0.0,0.0,0.0,0.0,0.0,0.0,0.0
0.0,0.0,0.9977912902832031,0.0,0.0,0.0,0.0,0.0,0.0,0.0
0.0,0.0,0.9985818862915039,0.0,0.0,0.0,0.0,0.0,0.0,0.0
0.0,0.0,0.998143196105957,0.0,0.0,0.0,0.0,0.0,0.0,0.0
0.0,0.0,0.9985427856445312,0.0,0.0,0.0,0.0,0.0,0.0,0.0
0.0,0.0,0.9990549087524414,0.0,0.0,0.0,0.0,0.0,0.0,0.0
0.0,0.0,0.9990167617797852,0.0,0.0,0.0,0.0,0.0,0.0,0.0
0.0,0.0,0.9983301162719727,0.0,0.0,0.0,0.0,0.0,0.0,0.0
0.0,0.0,0.9990673065185547,0.0,0.0,0.0,0.0,0.0,0.0,0.0
0.0,0.0,0.9984445571899414,0.0,0.0,0.0,0.0,0.0,0.0,0.0
0.0,0.0,0.9989566802978516,0.0,0.0,0.0,0.0,0.0,0.0,0.0
0.0,0.0,0.9990177154541016,0.0,0.0,0.0,0.0,0.0,0.0,0.0
0.0,0.0,0.9990015029907227,0.0,0.0,0.0,0.0,0.0,0.0,0.0
0.0,0.0,0.9989547729492188,0.0,0.0,0.0,0.0,0.0,0.0,0.0
0.0,0.0,0.9985895156860352,0.0,0.0,0.0,0.0,0.0,0.0,0.0
0.0,0.0,0.9984025955200195,0.0,0.0,0.0,0.0,0.0,0.0,0.0
0.0,0.0,0.9989967346191406,0.0,0.0,0.0,0.0,0.0,0.0,0.0
0.0,0.0,0.9991264343261719,0.0,0.0,0.0,0.0,0.0,0.0,0.0
0.0,0.0,0.9990768432617188,0.0,0.0,0.0,0.0,0.0,0.0,0.0
0.0,0.0,0.9990625381469727,0.0,0.0,0.0,0.0,0.0,0.0,0.0
0.0,0.0,0.9990873336791992,0.0,0.0,0.0,0.0,0.0,0.0,0.0
0.0,0.0,0.9989967346191406,0.0,0.0,0.0,0.0,0.0,0.0,0.0
0.0,0.0,0.9984922409057617,0.0,0.0,0.0,0.0,0.0,0.0,0.0
0.0,0.0,0.9982881546020508,0.0,0.0,0.0,0.0,0.0,0.0,0.0
0.0,0.0,0.9990339279174805,0.0,0.0,0.0,0.0,0.0,0.0,0.0
0.0,0.0,0.9989738464355469,0.0,0.0,0.0,0.0,0.0,0.0,0.0
0.0,0.0,0.9990596771240234,0.0,0.0,0.0,0.0,0.0,0.0,0.0
0.0,0.0,0.9989337921142578,0.0,0.0,0.0,0.0,0.0,0.0,0.0
0.0,0.0,0.9990024566650391,0.0,0.0,0.0,0.0,0.0,0.0,0.0
0.0,0.0,0.9985122680664062,0.0,0.0,0.0,0.0,0.0,0.0,0.0
0.0,0.0,0.7810697555541992,0.0,0.0,0.0,0.0,0.0,0.0,0.0
0.0,0.0,0.9311513900756836,0.0,0.0,0.0,0.0,0.0,0.0,0.0
0.0,0.0,0.9619474411010742,0.0,0.0,0.0,0.0,0.0,0.0,0.0
0.0,0.0,0.9515056610107422,0.0,0.0,0.0,0.0,0.0,0.0,0.0
0.0,0.0,0.9639215469360352,0.0,0.0,0.0,0.0,0.0,0.0,0.0
0.0,0.0,0.9438085556030273,0.0,0.0,0.0,0.0,0.0,0.0,0.0
0.7688910940213347,0.869348143161674,0.9911155700683594,0.8124033446043354,0.9348776882936688,0.7688910940213347,0.869348143161674,0.8124033446043354,0.9348776882936688,1.0
0.0,0.0,0.931976318359375,0.0,0.0,0.0,0.0,0.0,0.0,0.0
0.9483478680325476,0.9734892660520572,0.996119499206543,0.9616538159537632,0.9856196733423045,0.9483478680325476,0.9734892660520572,0.9616538159537632,0.9856196733423045,1.0
0.0,0.0,0.9274082183837891,0.0,0.0,0.0,0.0,0.0,0.0,0.0
0.9137811975929763,0.9549484536082474,0.9991664886474609,1.0,0.9137811975929763,0.9137811975929763,0.9549484536082474,1.0,0.9137811975929763,1.0
0.0,0.0,0.9738807678222656,0.0,0.0,0.0,0.0,0.0,0.0,0.0
0.0,0.0,0.9752998352050781,0.0,0.0,0.0,0.0,0.0,0.0,0.0
0.0,0.0,0.9576406478881836,0.0,0.0,0.0,0.0,0.0,0.0,0.0
0.0,0.0,0.9766206741333008,0.0,0.0,0.0,0.0,0.0,0.0,0.0
0.0,0.0,0.9757528305053711,0.0,0.0,0.0,0.0,0.0,0.0,0.0
0.0,0.0,0.9738636016845703,0.0,0.0,0.0,0.0,0.0,0.0,0.0
0.0,0.0,0.9745292663574219,0.0,0.0,0.0,0.0,0.0,0.0,0.0
0.0,0.0,0.9740047454833984,0.0,0.0,0.0,0.0,0.0,0.0,0.0
0.0,0.0,0.9770965576171875,0.0,0.0,0.0,0.0,0.0,0.0,0.0
0.0,0.0,0.9786539077758789,0.0,0.0,0.0,0.0,0.0,0.0,0.0
0.0,0.0,0.9780254364013672,0.0,0.0,0.0,0.0,0.0,0.0,0.0
0.0,0.0,0.995518684387207,0.0,0.0,0.0,0.0,0.0,0.0,0.0
0.8818297331639136,0.937204591492235,0.9998226165771484,0.946793997271487,0.9278074866310161,0.8818297331639136,0.937204591492235,0.946793997271487,0.9278074866310161,1.0
0.0,0.0,0.9935674667358398,0.0,0.0,0.0,0.0,0.0,0.0,0.0
0.0,0.0,0.9951934814453125,0.0,0.0,0.0,0.0,0.0,0.0,0.0
0.0,0.0,0.9947376251220703,0.0,0.0,0.0,0.0,0.0,0.0,0.0
0.0,0.0,0.9984731674194336,0.0,0.0,0.0,0.0,0.0,0.0,0.0
0.0,0.0,0.9823446273803711,0.0,0.0,0.0,0.0,0.0,0.0,0.0
0.0,0.0,0.9954500198364258,0.0,0.0,0.0,0.0,0.0,0.0,0.0
0.0,0.0,0.9982919692993164,0.0,0.0,0.0,0.0,0.0,0.0,0.0
0.0,0.0,0.9988946914672852,0.0,0.0,0.0,0.0,0.0,0.0,0.0
0.0,0.0,0.998265266418457,0.0,0.0,0.0,0.0,0.0,0.0,0.0
0.0,0.0,0.9983577728271484,0.0,0.0,0.0,0.0,0.0,0.0,0.0
0.0,0.0,0.9985485076904297,0.0,0.0,0.0,0.0,0.0,0.0,0.0
0.0,0.0,0.9941444396972656,0.0,0.0,0.0,0.0,0.0,0.0,0.0
0.0,0.0,0.9988498687744141,0.0,0.0,0.0,0.0,0.0,0.0,0.0
0.0,0.0,0.9983587265014648,0.0,0.0,0.0,0.0,0.0,0.0,0.0
0.0,0.0,0.9983606338500977,0.0,0.0,0.0,0.0,0.0,0.0,0.0
0.0,0.0,0.9981241226196289,0.0,0.0,0.0,0.0,0.0,0.0,0.0
0.0,0.0,0.9979944229125977,0.0,0.0,0.0,0.0,0.0,0.0,0.0
0.0,0.0,0.9981117248535156,0.0,0.0,0.0,0.0,0.0,0.0,0.0
0.0,0.0,0.9987497329711914,0.0,0.0,0.0,0.0,0.0,0.0,0.0
0.0,0.0,0.9984922409057617,0.0,0.0,0.0,0.0,0.0,0.0,0.0
0.0,0.0,0.9982719421386719,0.0,0.0,0.0,0.0,0.0,0.0,0.0
0.0,0.0,0.9988136291503906,0.0,0.0,0.0,0.0,0.0,0.0,0.0
0.0,0.0,0.9980125427246094,0.0,0.0,0.0,0.0,0.0,0.0,0.0
0.0,0.0,0.9991159439086914,0.0,0.0,0.0,0.0,0.0,0.0,0.0
0.0,0.0,0.9981679916381836,0.0,0.0,0.0,0.0,0.0,0.0,0.0
0.0,0.0,0.9983921051025391,0.0,0.0,0.0,0.0,0.0,0.0,0.0
0.0,0.0,0.9981746673583984,0.0,0.0,0.0,0.0,0.0,0.0,0.0
0.0,0.0,0.9976882934570312,0.0,0.0,0.0,0.0,0.0,0.0,0.0
0.0,0.0,0.9975852966308594,0.0,0.0,0.0,0.0,0.0,0.0,0.0
0.0,0.0,0.9982328414916992,0.0,0.0,0.0,0.0,0.0,0.0,0.0
0.0,0.0,0.9935703277587891,0.0,0.0,0.0,0.0,0.0,0.0,0.0
0.0,0.0,0.9982814788818359,0.0,0.0,0.0,0.0,0.0,0.0,0.0
0.0,0.0,0.9986190795898438,0.0,0.0,0.0,0.0,0.0,0.0,0.0
0.0,0.0,0.9974517822265625,0.0,0.0,0.0,0.0,0.0,0.0,0.0
0.0,0.0,0.9980440139770508,0.0,0.0,0.0,0.0,0.0,0.0,0.0
0.0,0.0,0.9947872161865234,0.0,0.0,0.0,0.0,0.0,0.0,0.0
0.0,0.0,0.9981527328491211,0.0,0.0,0.0,0.0,0.0,0.0,0.0
0.0,0.0,0.9991722106933594,0.0,0.0,0.0,0.0,0.0,0.0,0.0
0.0,0.0,0.9981851577758789,0.0,0.0,0.0,0.0,0.0,0.0,0.0
0.0,0.0,0.998347282409668,0.0,0.0,0.0,0.0,0.0,0.0,0.0
0.0,0.0,0.9984464645385742,0.0,0.0,0.0,0.0,0.0,0.0,0.0
0.0,0.0,0.9980344772338867,0.0,0.0,0.0,0.0,0.0,0.0,0.0
0.0,0.0,0.995849609375,0.0,0.0,0.0,0.0,0.0,0.0,0.0
0.0,0.0,0.9987812042236328,0.0,0.0,0.0,0.0,0.0,0.0,0.0
0.0,0.0,0.9983654022216797,0.0,0.0,0.0,0.0,0.0,0.0,0.0
0.0,0.0,0.9979562759399414,0.0,0.0,0.0,0.0,0.0,0.0,0.0
0.0,0.0,0.9981327056884766,0.0,0.0,0.0,0.0,0.0,0.0,0.0
0.0,0.0,0.9992084503173828,0.0,0.0,0.0,0.0,0.0,0.0,0.0
0.0,0.0,0.9984025955200195,0.0,0.0,0.0,0.0,0.0,0.0,0.0
0.0,0.0,0.9983758926391602,0.0,0.0,0.0,0.0,0.0,0.0,0.0
0.0,0.0,0.9986772537231445,0.0,0.0,0.0,0.0,0.0,0.0,0.0
0.0,0.0,0.9993162155151367,0.0,0.0,0.0,0.0,0.0,0.0,0.0
0.0,0.0,0.9982881546020508,0.0,0.0,0.0,0.0,0.0,0.0,0.0
0.0,0.0,0.9982519149780273,0.0,0.0,0.0,0.0,0.0,0.0,0.0
0.0,0.0,0.9984455108642578,0.0,0.0,0.0,0.0,0.0,0.0,0.0
0.0,0.0,0.9986152648925781,0.0,0.0,0.0,0.0,0.0,0.0,0.0
0.0,0.0,0.9986200332641602,0.0,0.0,0.0,0.0,0.0,0.0,0.0
0.0,0.0,0.9989395141601562,0.0,0.0,0.0,0.0,0.0,0.0,0.0
0.0,0.0,0.9989566802978516,0.0,0.0,0.0,0.0,0.0,0.0,0.0
0.0,0.0,0.9969625473022461,0.0,0.0,0.0,0.0,0.0,0.0,0.0
0.0,0.0,0.9983110427856445,0.0,0.0,0.0,0.0,0.0,0.0,0.0
0.0,0.0,0.9991874694824219,0.0,0.0,0.0,0.0,0.0,0.0,0.0
0.0,0.0,0.9986600875854492,0.0,0.0,0.0,0.0,0.0,0.0,0.0
0.0,0.0,0.9984722137451172,0.0,0.0,0.0,0.0,0.0,0.0,0.0
0.0,0.0,0.9988126754760742,0.0,0.0,0.0,0.0,0.0,0.0,0.0
0.0,0.0,0.9983959197998047,0.0,0.0,0.0,0.0,0.0,0.0,0.0
0.0,0.0,0.9989957809448242,0.0,0.0,0.0,0.0,0.0,0.0,0.0
0.0,0.0,0.9992084503173828,0.0,0.0,0.0,0.0,0.0,0.0,0.0
0.0,0.0,0.9984254837036133,0.0,0.0,0.0,0.0,0.0,0.0,0.0
0.0,0.0,0.9985990524291992,0.0,0.0,0.0,0.0,0.0,0.0,0.0
0.0,0.0,0.9992055892944336,0.0,0.0,0.0,0.0,0.0,0.0,0.0
0.0,0.0,0.9985685348510742,0.0,0.0,0.0,0.0,0.0,0.0,0.0
0.0,0.0,0.998408317565918,0.0,0.0,0.0,0.0,0.0,0.0,0.0
0.0,0.0,0.9978313446044922,0.0,0.0,0.0,0.0,0.0,0.0,0.0
0.0,0.0,0.9984369277954102,0.0,0.0,0.0,0.0,0.0,0.0,0.0
0.0,0.0,0.9986238479614258,0.0,0.0,0.0,0.0,0.0,0.0,0.0
0.0,0.0,0.9988374710083008,0.0,0.0,0.0,0.0,0.0,0.0,0.0
0.0,0.0,0.9991464614868164,0.0,0.0,0.0,0.0,0.0,0.0,0.0
0.0,0.0,0.9938154220581055,0.0,0.0,0.0,0.0,0.0,0.0,0.0
0.0,0.0,0.9982280731201172,0.0,0.0,0.0,0.0,0.0,0.0,0.0
0.0,0.0,0.9984588623046875,0.0,0.0,0.0,0.0,0.0,0.0,0.0
0.0,0.0,0.9992294311523438,0.0,0.0,0.0,0.0,0.0,0.0,0.0
0.0,0.0,0.9981250762939453,0.0,0.0,0.0,0.0,0.0,0.0,0.0
0.0,0.0,0.9973287582397461,0.0,0.0,0.0,0.0,0.0,0.0,0.0
0.0,0.0,0.9987621307373047,0.0,0.0,0.0,0.0,0.0,0.0,0.0
0.0,0.0,0.9967327117919922,0.0,0.0,0.0,0.0,0.0,0.0,0.0
0.0,0.0,0.9982976913452148,0.0,0.0,0.0,0.0,0.0,0.0,0.0
0.0,0.0,0.9981355667114258,0.0,0.0,0.0,0.0,0.0,0.0,0.0
0.0,0.0,0.9888744354248047,0.0,0.0,0.0,0.0,0.0,0.0,0.0
0.0,0.0,0.9787492752075195,0.0,0.0,0.0,0.0,0.0,0.0,0.0
0.0,0.0,0.9947509765625,0.0,0.0,0.0,0.0,0.0,0.0,0.0
0.0,0.0,0.9986057281494141,0.0,0.0,0.0,0.0,0.0,0.0,0.0
0.0,0.0,0.9909782409667969,0.0,0.0,0.0,0.0,0.0,0.0,0.0
0.0,0.0,0.9983482360839844,0.0,0.0,0.0,0.0,0.0,0.0,0.0
0.0,0.0,0.9983654022216797,0.0,0.0,0.0,0.0,0.0,0.0,0.0
0.0,0.0,0.9949007034301758,0.0,0.0,0.0,0.0,0.0,0.0,0.0
0.0,0.0,0.9985361099243164,0.0,0.0,0.0,0.0,0.0,0.0,0.0
0.0,0.0,0.9973039627075195,0.0,0.0,0.0,0.0,0.0,0.0,0.0
0.0,0.0,0.9986343383789062,0.0,0.0,0.0,0.0,0.0,0.0,0.0
0.0,0.0,0.9921159744262695,0.0,0.0,0.0,0.0,0.0,0.0,0.0
0.0,0.0,0.9990291595458984,0.0,0.0,0.0,0.0,0.0,0.0,0.0
0.0,0.0,0.9876089096069336,0.0,0.0,0.0,0.0,0.0,0.0,0.0
0.0,0.0,0.9971208572387695,0.0,0.0,0.0,0.0,0.0,0.0,0.0
0.0,0.0,0.9982662200927734,0.0,0.0,0.0,0.0,0.0,0.0,0.0
0.0,0.0,0.9988155364990234,0.0,0.0,0.0,0.0,0.0,0.0,0.0
0.0,0.0,0.9982843399047852,0.0,0.0,0.0,0.0,0.0,0.0,0.0
0.0,0.0,0.9986209869384766,0.0,0.0,0.0,0.0,0.0,0.0,0.0
0.0,0.0,0.9970378875732422,0.0,0.0,0.0,0.0,0.0,0.0,0.0
0.0,0.0,0.9984512329101562,0.0,0.0,0.0,0.0,0.0,0.0,0.0
0.0,0.0,0.9987306594848633,0.0,0.0,0.0,0.0,0.0,0.0,0.0
0.0,0.0,0.9982786178588867,0.0,0.0,0.0,0.0,0.0,0.0,0.0
0.0,0.0,0.9987421035766602,0.0,0.0,0.0,0.0,0.0,0.0,0.0
0.0,0.0,0.998138427734375,0.0,0.0,0.0,0.0,0.0,0.0,0.0
0.0,0.0,0.9796209335327148,0.0,0.0,0.0,0.0,0.0,0.0,0.0
0.0,0.0,0.9978046417236328,0.0,0.0,0.0,0.0,0.0,0.0,0.0
0.0,0.0,0.998570442199707,0.0,0.0,0.0,0.0,0.0,0.0,0.0
0.0,0.0,0.9982995986938477,0.0,0.0,0.0,0.0,0.0,0.0,0.0
0.0,0.0,0.998387336730957,0.0,0.0,0.0,0.0,0.0,0.0,0.0
0.0,0.0,0.9984235763549805,0.0,0.0,0.0,0.0,0.0,0.0,0.0
0.0,0.0,0.9990949630737305,0.0,0.0,0.0,0.0,0.0,0.0,0.0
0.0,0.0,0.9985151290893555,0.0,0.0,0.0,0.0,0.0,0.0,0.0
0.0,0.0,0.9983558654785156,0.0,0.0,0.0,0.0,0.0,0.0,0.0
0.0,0.0,0.9976596832275391,0.0,0.0,0.0,0.0,0.0,0.0,0.0
0.0,0.0,0.9990558624267578,0.0,0.0,0.0,0.0,0.0,0.0,0.0
0.0,0.0,0.9983959197998047,0.0,0.0,0.0,0.0,0.0,0.0,0.0
0.0,0.0,0.9983758926391602,0.0,0.0,0.0,0.0,0.0,0.0,0.0
0.0,0.0,0.9982366561889648,0.0,0.0,0.0,0.0,0.0,0.0,0.0
0.0,0.0,0.9986410140991211,0.0,0.0,0.0,0.0,0.0,0.0,0.0
0.0,0.0,0.9988203048706055,0.0,0.0,0.0,0.0,0.0,0.0,0.0
0.0,0.0,0.9972352981567383,0.0,0.0,0.0,0.0,0.0,0.0,0.0
0.0,0.0,0.9979581832885742,0.0,0.0,0.0,0.0,0.0,0.0,0.0
0.0,0.0,0.9985780715942383,0.0,0.0,0.0,0.0,0.0,0.0,0.0
0.0,0.0,0.9984674453735352,0.0,0.0,0.0,0.0,0.0,0.0,0.0
0.0,0.0,0.9990291595458984,0.0,0.0,0.0,0.0,0.0,0.0,0.0
0.0,0.0,0.9980735778808594,0.0,0.0,0.0,0.0,0.0,0.0,0.0
0.0,0.0,0.9978160858154297,0.0,0.0,0.0,0.0,0.0,0.0,0.0
0.0,0.0,0.9981594085693359,0.0,0.0,0.0,0.0,0.0,0.0,0.0
0.0,0.0,0.9984712600708008,0.0,0.0,0.0,0.0,0.0,0.0,0.0
0.0,0.0,0.9977664947509766,0.0,0.0,0.0,0.0,0.0,0.0,0.0
0.0,0.0,0.9982833862304688,0.0,0.0,0.0,0.0,0.0,0.0,0.0
0.0,0.0,0.998133659362793,0.0,0.0,0.0,0.0,0.0,0.0,0.0
0.0,0.0,0.9989900588989258,0.0,0.0,0.0,0.0,0.0,0.0,0.0
0.0,0.0,0.9987039566040039,0.0,0.0,0.0,0.0,0.0,0.0,0.0
0.0,0.0,0.9985561370849609,0.0,0.0,0.0,0.0,0.0,0.0,0.0
0.0,0.0,0.998931884765625,0.0,0.0,0.0,0.0,0.0,0.0,0.0
0.0,0.0,0.9986858367919922,0.0,0.0,0.0,0.0,0.0,0.0,0.0
0.0,0.0,0.9990453720092773,0.0,0.0,0.0,0.0,0.0,0.0,0.0
0.0,0.0,0.9990377426147461,0.0,0.0,0.0,0.0,0.0,0.0,0.0
0.6157142857142858,0.762157382847038,0.9997434616088867,0.672386895475819,0.8795918367346939,0.6157142857142858,0.762157382847038,0.672386895475819,0.8795918367346939,1.0
0.0,0.0,0.9989442825317383,0.0,0.0,0.0,0.0,0.0,0.0,0.0
0.0,0.0,0.9982223510742188,0.0,0.0,0.0,0.0,0.0,0.0,0.0
0.0,0.0,0.9973421096801758,0.0,0.0,0.0,0.0,0.0,0.0,0.0
0.0,0.0,0.9987239837646484,0.0,0.0,0.0,0.0,0.0,0.0,0.0
0.0,0.0,0.9983224868774414,0.0,0.0,0.0,0.0,0.0,0.0,0.0
0.0,0.0,0.9983072280883789,0.0,0.0,0.0,0.0,0.0,0.0,0.0
0.0,0.0,0.9989128112792969,0.0,0.0,0.0,0.0,0.0,0.0,0.0
0.0,0.0,0.9982690811157227,0.0,0.0,0.0,0.0,0.0,0.0,0.0
0.0,0.0,0.9987459182739258,0.0,0.0,0.0,0.0,0.0,0.0,0.0
0.0,0.0,0.9986305236816406,0.0,0.0,0.0,0.0,0.0,0.0,0.0
0.0,0.0,0.997929573059082,0.0,0.0,0.0,0.0,0.0,0.0,0.0
0.0,0.0,0.9990720748901367,0.0,0.0,0.0,0.0,0.0,0.0,0.0
0.0,0.0,0.9982519149780273,0.0,0.0,0.0,0.0,0.0,0.0,0.0
0.0,0.0,0.9983482360839844,0.0,0.0,0.0,0.0,0.0,0.0,0.0
0.0,0.0,0.9983482360839844,0.0,0.0,0.0,0.0,0.0,0.0,0.0
0.0,0.0,0.9986886978149414,0.0,0.0,0.0,0.0,0.0,0.0,0.0
0.0,0.0,0.9986400604248047,0.0,0.0,0.0,0.0,0.0,0.0,0.0
0.0,0.0,0.9900093078613281,0.0,0.0,0.0,0.0,0.0,0.0,0.0
0.0,0.0,0.9975318908691406,0.0,0.0,0.0,0.0,0.0,0.0,0.0
0.0,0.0,0.9985628128051758,0.0,0.0,0.0,0.0,0.0,0.0,0.0
0.0,0.0,0.9980592727661133,0.0,0.0,0.0,0.0,0.0,0.0,0.0
0.0,0.0,0.9986858367919922,0.0,0.0,0.0,0.0,0.0,0.0,0.0
0.0,0.0,0.9964618682861328,0.0,0.0,0.0,0.0,0.0,0.0,0.0
0.0,0.0,0.9985208511352539,0.0,0.0,0.0,0.0,0.0,0.0,0.0
0.0,0.0,0.9982566833496094,0.0,0.0,0.0,0.0,0.0,0.0,0.0
0.0,0.0,0.9987211227416992,0.0,0.0,0.0,0.0,0.0,0.0,0.0
0.0,0.0,0.9988059997558594,0.0,0.0,0.0,0.0,0.0,0.0,0.0
0.0,0.0,0.9979705810546875,0.0,0.0,0.0,0.0,0.0,0.0,0.0
0.0,0.0,0.9982976913452148,0.0,0.0,0.0,0.0,0.0,0.0,0.0
0.0,0.0,0.9980974197387695,0.0,0.0,0.0,0.0,0.0,0.0,0.0
0.0,0.0,0.9981718063354492,0.0,0.0,0.0,0.0,0.0,0.0,0.0
0.0,0.0,0.9982881546020508,0.0,0.0,0.0,0.0,0.0,0.0,0.0
0.0,0.0,0.998225212097168,0.0,0.0,0.0,0.0,0.0,0.0,0.0
0.0,0.0,0.998626708984375,0.0,0.0,0.0,0.0,0.0,0.0,0.0
0.0,0.0,0.9965524673461914,0.0,0.0,0.0,0.0,0.0,0.0,0.0
0.0,0.0,0.9977960586547852,0.0,0.0,0.0,0.0,0.0,0.0,0.0
0.0,0.0,0.9976835250854492,0.0,0.0,0.0,0.0,0.0,0.0,0.0
0.0,0.0,0.9984331130981445,0.0,0.0,0.0,0.0,0.0,0.0,0.0
0.0,0.0,0.9982147216796875,0.0,0.0,0.0,0.0,0.0,0.0,0.0
0.0,0.0,0.9982461929321289,0.0,0.0,0.0,0.0,0.0,0.0,0.0
0.0,0.0,0.9981250762939453,0.0,0.0,0.0,0.0,0.0,0.0,0.0
0.0,0.0,0.9975309371948242,0.0,0.0,0.0,0.0,0.0,0.0,0.0
0.0,0.0,0.9982471466064453,0.0,0.0,0.0,0.0,0.0,0.0,0.0
0.0,0.0,0.9986658096313477,0.0,0.0,0.0,0.0,0.0,0.0,0.0
0.0,0.0,0.9985485076904297,0.0,0.0,0.0,0.0,0.0,0.0,0.0
0.0,0.0,0.9987678527832031,0.0,0.0,0.0,0.0,0.0,0.0,0.0
0.0,0.0,0.9723691940307617,0.0,0.0,0.0,0.0,0.0,0.0,0.0
0.0,0.0,0.9975671768188477,0.0,0.0,0.0,0.0,0.0,0.0,0.0
0.0,0.0,0.9984188079833984,0.0,0.0,0.0,0.0,0.0,0.0,0.0
0.0,0.0,0.9985141754150391,0.0,0.0,0.0,0.0,0.0,0.0,0.0
0.0,0.0,0.9980058670043945,0.0,0.0,0.0,0.0,0.0,0.0,0.0
0.0,0.0,0.9986495971679688,0.0,0.0,0.0,0.0,0.0,0.0,0.0
0.0,0.0,0.9987421035766602,0.0,0.0,0.0,0.0,0.0,0.0,0.0
0.0,0.0,0.9990415573120117,0.0,0.0,0.0,0.0,0.0,0.0,0.0
0.0,0.0,0.9987096786499023,0.0,0.0,0.0,0.0,0.0,0.0,0.0
0.0,0.0,0.9980907440185547,0.0,0.0,0.0,0.0,0.0,0.0,0.0
0.0,0.0,0.9990072250366211,0.0,0.0,0.0,0.0,0.0,0.0,0.0
0.0,0.0,0.9981670379638672,0.0,0.0,0.0,0.0,0.0,0.0,0.0
0.0,0.0,0.9986734390258789,0.0,0.0,0.0,0.0,0.0,0.0,0.0
0.0,0.0,0.9979963302612305,0.0,0.0,0.0,0.0,0.0,0.0,0.0
0.0,0.0,0.9985866546630859,0.0,0.0,0.0,0.0,0.0,0.0,0.0
0.0,0.0,0.9982070922851562,0.0,0.0,0.0,0.0,0.0,0.0,0.0
0.0,0.0,0.9984159469604492,0.0,0.0,0.0,0.0,0.0,0.0,0.0
0.0,0.0,0.9980678558349609,0.0,0.0,0.0,0.0,0.0,0.0,0.0
0.0,0.0,0.9981012344360352,0.0,0.0,0.0,0.0,0.0,0.0,0.0
0.0,0.0,0.9987773895263672,0.0,0.0,0.0,0.0,0.0,0.0,0.0
0.0,0.0,0.9982109069824219,0.0,0.0,0.0,0.0,0.0,0.0,0.0
0.0,0.0,0.9989738464355469,0.0,0.0,0.0,0.0,0.0,0.0,0.0
0.0,0.0,0.9981880187988281,0.0,0.0,0.0,0.0,0.0,0.0,0.0
0.0,0.0,0.9974241256713867,0.0,0.0,0.0,0.0,0.0,0.0,0.0
0.0,0.0,0.9990453720092773,0.0,0.0,0.0,0.0,0.0,0.0,0.0
0.0,0.0,0.9987030029296875,0.0,0.0,0.0,0.0,0.0,0.0,0.0
0.0,0.0,0.9981842041015625,0.0,0.0,0.0,0.0,0.0,0.0,0.0
0.0,0.0,0.9981527328491211,0.0,0.0,0.0,0.0,0.0,0.0,0.0
0.0,0.0,0.9980506896972656,0.0,0.0,0.0,0.0,0.0,0.0,0.0
0.0,0.0,0.9975786209106445,0.0,0.0,0.0,0.0,0.0,0.0,0.0
0.0,0.0,0.9990406036376953,0.0,0.0,0.0,0.0,0.0,0.0,0.0
0.0,0.0,0.9978466033935547,0.0,0.0,0.0,0.0,0.0,0.0,0.0
0.0,0.0,0.9980659484863281,0.0,0.0,0.0,0.0,0.0,0.0,0.0
0.0,0.0,0.9979896545410156,0.0,0.0,0.0,0.0,0.0,0.0,0.0
0.0,0.0,0.9987668991088867,0.0,0.0,0.0,0.0,0.0,0.0,0.0
0.0,0.0,0.9983615875244141,0.0,0.0,0.0,0.0,0.0,0.0,0.0
0.0,0.0,0.9972152709960938,0.0,0.0,0.0,0.0,0.0,0.0,0.0
0.0,0.0,0.9986782073974609,0.0,0.0,0.0,0.0,0.0,0.0,0.0
0.0,0.0,0.9982767105102539,0.0,0.0,0.0,0.0,0.0,0.0,0.0
0.0,0.0,0.9981813430786133,0.0,0.0,0.0,0.0,0.0,0.0,0.0
0.0,0.0,0.9987516403198242,0.0,0.0,0.0,0.0,0.0,0.0,0.0
0.0,0.0,0.9981441497802734,0.0,0.0,0.0,0.0,0.0,0.0,0.0
0.0,0.0,0.9989910125732422,0.0,0.0,0.0,0.0,0.0,0.0,0.0
0.0,0.0,0.9986848831176758,0.0,0.0,0.0,0.0,0.0,0.0,0.0
0.0,0.0,0.9989309310913086,0.0,0.0,0.0,0.0,0.0,0.0,0.0
0.0,0.0,0.9984149932861328,0.0,0.0,0.0,0.0,0.0,0.0,0.0
0.0,0.0,0.9980268478393555,0.0,0.0,0.0,0.0,0.0,0.0,0.0
0.0,0.0,0.9985542297363281,0.0,0.0,0.0,0.0,0.0,0.0,0.0
0.0,0.0,0.9978523254394531,0.0,0.0,0.0,0.0,0.0,0.0,0.0
0.0,0.0,0.9988412857055664,0.0,0.0,0.0,0.0,0.0,0.0,0.0
0.0,0.0,0.9987888336181641,0.0,0.0,0.0,0.0,0.0,0.0,0.0
0.0,0.0,0.9980783462524414,0.0,0.0,0.0,0.0,0.0,0.0,0.0
0.0,0.0,0.9984207153320312,0.0,0.0,0.0,0.0,0.0,0.0,0.0
0.0,0.0,0.9984130859375,0.0,0.0,0.0,0.0,0.0,0.0,0.0
0.0,0.0,0.9980936050415039,0.0,0.0,0.0,0.0,0.0,0.0,0.0
0.0,0.0,0.9980354309082031,0.0,0.0,0.0,0.0,0.0,0.0,0.0
0.0,0.0,0.9985923767089844,0.0,0.0,0.0,0.0,0.0,0.0,0.0
0.0,0.0,0.9981002807617188,0.0,0.0,0.0,0.0,0.0,0.0,0.0
0.0,0.0,0.9980554580688477,0.0,0.0,0.0,0.0,0.0,0.0,0.0
0.0,0.0,0.9982404708862305,0.0,0.0,0.0,0.0,0.0,0.0,0.0
0.0,0.0,0.9990453720092773,0.0,0.0,0.0,0.0,0.0,0.0,0.0
0.0,0.0,0.9983177185058594,0.0,0.0,0.0,0.0,0.0,0.0,0.0
0.0,0.0,0.9981069564819336,0.0,0.0,0.0,0.0,0.0,0.0,0.0
0.0,0.0,0.9979448318481445,0.0,0.0,0.0,0.0,0.0,0.0,0.0
0.0,0.0,0.9984397888183594,0.0,0.0,0.0,0.0,0.0,0.0,0.0
0.0,0.0,0.933934211730957,0.0,0.0,0.0,0.0,0.0,0.0,0.0
0.0,0.0,0.9289913177490234,0.0,0.0,0.0,0.0,0.0,0.0,0.0
0.0,0.0,0.9709491729736328,0.0,0.0,0.0,0.0,0.0,0.0,0.0
0.0,0.0,0.9743108749389648,0.0,0.0,0.0,0.0,0.0,0.0,0.0
0.940389294403893,0.9692789968652038,0.9996728897094727,0.9575296407715449,0.9813202756619513,0.940389294403893,0.9692789968652038,0.9575296407715449,0.9813202756619513,1.0
0.0,0.0,0.9893703460693359,0.0,0.0,0.0,0.0,0.0,0.0,0.0
0.0,0.0,0.9929103851318359,0.0,0.0,0.0,0.0,0.0,0.0,0.0
0.0,0.0,0.9911155700683594,0.0,0.0,0.0,0.0,0.0,0.0,0.0
0.0,0.0,0.9583511352539062,0.0,0.0,0.0,0.0,0.0,0.0,0.0
0.0,0.0,0.9745960235595703,0.0,0.0,0.0,0.0,0.0,0.0,0.0
0.0,0.0,0.9811153411865234,0.0,0.0,0.0,0.0,0.0,0.0,0.0
0.0,0.0,0.9789352416992188,0.0,0.0,0.0,0.0,0.0,0.0,0.0
0.0,0.0,0.979395866394043,0.0,0.0,0.0,0.0,0.0,0.0,0.0
0.0,0.0,0.9746665954589844,0.0,0.0,0.0,0.0,0.0,0.0,0.0
0.0,0.0,0.9731349945068359,0.0,0.0,0.0,0.0,0.0,0.0,0.0
0.0,0.0,0.9862146377563477,0.0,0.0,0.0,0.0,0.0,0.0,0.0
0.0,0.0,0.9833145141601562,0.0,0.0,0.0,0.0,0.0,0.0,0.0
0.0,0.0,0.9827861785888672,0.0,0.0,0.0,0.0,0.0,0.0,0.0
0.0,0.0,0.9869461059570312,0.0,0.0,0.0,0.0,0.0,0.0,0.0
0.0,0.0,0.9878749847412109,0.0,0.0,0.0,0.0,0.0,0.0,0.0
0.0,0.0,0.9881105422973633,0.0,0.0,0.0,0.0,0.0,0.0,0.0
0.0,0.0,0.9898033142089844,0.0,0.0,0.0,0.0,0.0,0.0,0.0
0.0,0.0,0.9919834136962891,0.0,0.0,0.0,0.0,0.0,0.0,0.0
0.0,0.0,0.9912662506103516,0.0,0.0,0.0,0.0,0.0,0.0,0.0
0.0,0.0,0.9916305541992188,0.0,0.0,0.0,0.0,0.0,0.0,0.0
0.0,0.0,0.9933977127075195,0.0,0.0,0.0,0.0,0.0,0.0,0.0
0.0,0.0,0.9960813522338867,0.0,0.0,0.0,0.0,0.0,0.0,0.0
0.0,0.0,0.9887542724609375,0.0,0.0,0.0,0.0,0.0,0.0,0.0
0.0,0.0,0.992671012878418,0.0,0.0,0.0,0.0,0.0,0.0,0.0
0.0,0.0,0.9961156845092773,0.0,0.0,0.0,0.0,0.0,0.0,0.0
0.0,0.0,0.9921331405639648,0.0,0.0,0.0,0.0,0.0,0.0,0.0
0.0,0.0,0.9151115417480469,0.0,0.0,0.0,0.0,0.0,0.0,0.0
0.0,0.0,0.9813451766967773,0.0,0.0,0.0,0.0,0.0,0.0,0.0
0.0,0.0,0.995417594909668,0.0,0.0,0.0,0.0,0.0,0.0,0.0
0.0,0.0,0.9954051971435547,0.0,0.0,0.0,0.0,0.0,0.0,0.0
0.0,0.0,0.9838523864746094,0.0,0.0,0.0,0.0,0.0,0.0,0.0
0.0,0.0,0.9969558715820312,0.0,0.0,0.0,0.0,0.0,0.0,0.0
0.0,0.0,0.9979000091552734,0.0,0.0,0.0,0.0,0.0,0.0,0.0
0.0,0.0,0.9965047836303711,0.0,0.0,0.0,0.0,0.0,0.0,0.0
0.0,0.0,0.9982318878173828,0.0,0.0,0.0,0.0,0.0,0.0,0.0
0.0,0.0,0.9981489181518555,0.0,0.0,0.0,0.0,0.0,0.0,0.0
0.0,0.0,0.9980735778808594,0.0,0.0,0.0,0.0,0.0,0.0,0.0
0.0,0.0,0.9988155364990234,0.0,0.0,0.0,0.0,0.0,0.0,0.0
0.0,0.0,0.9898462295532227,0.0,0.0,0.0,0.0,0.0,0.0,0.0
0.0,0.0,0.9977684020996094,0.0,0.0,0.0,0.0,0.0,0.0,0.0
0.0,0.0,0.9980688095092773,0.0,0.0,0.0,0.0,0.0,0.0,0.0
0.0,0.0,0.9976291656494141,0.0,0.0,0.0,0.0,0.0,0.0,0.0
0.0,0.0,0.9981231689453125,0.0,0.0,0.0,0.0,0.0,0.0,0.0
0.0,0.0,0.9953699111938477,0.0,0.0,0.0,0.0,0.0,0.0,0.0
0.0,0.0,0.9980249404907227,0.0,0.0,0.0,0.0,0.0,0.0,0.0
0.0,0.0,0.9977025985717773,0.0,0.0,0.0,0.0,0.0,0.0,0.0
0.0,0.0,0.9977273941040039,0.0,0.0,0.0,0.0,0.0,0.0,0.0
0.0,0.0,0.9971580505371094,0.0,0.0,0.0,0.0,0.0,0.0,0.0
0.0,0.0,0.9984064102172852,0.0,0.0,0.0,0.0,0.0,0.0,0.0
0.0,0.0,0.9979066848754883,0.0,0.0,0.0,0.0,0.0,0.0,0.0
0.0,0.0,0.9977293014526367,0.0,0.0,0.0,0.0,0.0,0.0,0.0
0.0,0.0,0.9981555938720703,0.0,0.0,0.0,0.0,0.0,0.0,0.0
0.0,0.0,0.9979877471923828,0.0,0.0,0.0,0.0,0.0,0.0,0.0
0.0,0.0,0.9979648590087891,0.0,0.0,0.0,0.0,0.0,0.0,0.0
0.0,0.0,0.9960384368896484,0.0,0.0,0.0,0.0,0.0,0.0,0.0
0.0,0.0,0.9982995986938477,0.0,0.0,0.0,0.0,0.0,0.0,0.0
0.0,0.0,0.9968280792236328,0.0,0.0,0.0,0.0,0.0,0.0,0.0
0.0,0.0,0.9981355667114258,0.0,0.0,0.0,0.0,0.0,0.0,0.0
0.0,0.0,0.9977512359619141,0.0,0.0,0.0,0.0,0.0,0.0,0.0
0.0,0.0,0.9989080429077148,0.0,0.0,0.0,0.0,0.0,0.0,0.0
0.0,0.0,0.9978418350219727,0.0,0.0,0.0,0.0,0.0,0.0,0.0
0.0,0.0,0.9988889694213867,0.0,0.0,0.0,0.0,0.0,0.0,0.0
0.0,0.0,0.9988870620727539,0.0,0.0,0.0,0.0,0.0,0.0,0.0
0.0,0.0,0.9982156753540039,0.0,0.0,0.0,0.0,0.0,0.0,0.0
0.0,0.0,0.9981002807617188,0.0,0.0,0.0,0.0,0.0,0.0,0.0
0.0,0.0,0.9980916976928711,0.0,0.0,0.0,0.0,0.0,0.0,0.0
0.0,0.0,0.9981260299682617,0.0,0.0,0.0,0.0,0.0,0.0,0.0
0.0,0.0,0.9981985092163086,0.0,0.0,0.0,0.0,0.0,0.0,0.0
0.0,0.0,0.9951076507568359,0.0,0.0,0.0,0.0,0.0,0.0,0.0
0.0,0.0,0.998265266418457,0.0,0.0,0.0,0.0,0.0,0.0,0.0
0.0,0.0,0.998316764831543,0.0,0.0,0.0,0.0,0.0,0.0,0.0
0.0,0.0,0.9975948333740234,0.0,0.0,0.0,0.0,0.0,0.0,0.0
0.0,0.0,0.9989042282104492,0.0,0.0,0.0,0.0,0.0,0.0,0.0
0.5497427101200686,0.7094631986718317,0.9994993209838867,0.5754039497307002,0.924963924963925,0.5497427101200686,0.7094631986718317,0.5754039497307002,0.924963924963925,1.0
0.0,0.0,0.9982404708862305,0.0,0.0,0.0,0.0,0.0,0.0,0.0
0.0,0.0,0.9987506866455078,0.0,0.0,0.0,0.0,0.0,0.0,0.0
0.0,0.0,0.9983348846435547,0.0,0.0,0.0,0.0,0.0,0.0,0.0
0.0,0.0,0.9989137649536133,0.0,0.0,0.0,0.0,0.0,0.0,0.0
0.0,0.0,0.9988584518432617,0.0,0.0,0.0,0.0,0.0,0.0,0.0
0.0,0.0,0.99786376953125,0.0,0.0,0.0,0.0,0.0,0.0,0.0
0.0,0.0,0.9974441528320312,0.0,0.0,0.0,0.0,0.0,0.0,0.0
0.0,0.0,0.9986438751220703,0.0,0.0,0.0,0.0,0.0,0.0,0.0
0.0,0.0,0.9990348815917969,0.0,0.0,0.0,0.0,0.0,0.0,0.0
0.0,0.0,0.9988384246826172,0.0,0.0,0.0,0.0,0.0,0.0,0.0
0.0,0.0,0.9981689453125,0.0,0.0,0.0,0.0,0.0,0.0,0.0
0.0,0.0,0.9982023239135742,0.0,0.0,0.0,0.0,0.0,0.0,0.0
0.0,0.0,0.9983434677124023,0.0,0.0,0.0,0.0,0.0,0.0,0.0
0.0,0.0,0.9977025985717773,0.0,0.0,0.0,0.0,0.0,0.0,0.0
0.0,0.0,0.9984359741210938,0.0,0.0,0.0,0.0,0.0,0.0,0.0
0.0,0.0,0.9984188079833984,0.0,0.0,0.0,0.0,0.0,0.0,0.0
0.0,0.0,0.9989356994628906,0.0,0.0,0.0,0.0,0.0,0.0,0.0
0.0,0.0,0.9988250732421875,0.0,0.0,0.0,0.0,0.0,0.0,0.0
0.0,0.0,0.9977903366088867,0.0,0.0,0.0,0.0,0.0,0.0,0.0
0.0,0.0,0.9989633560180664,0.0,0.0,0.0,0.0,0.0,0.0,0.0
0.0,0.0,0.9988470077514648,0.0,0.0,0.0,0.0,0.0,0.0,0.0
0.0,0.0,0.99847412109375,0.0,0.0,0.0,0.0,0.0,0.0,0.0
0.0,0.0,0.9309291839599609,0.0,0.0,0.0,0.0,0.0,0.0,0.0
0.0,0.0,0.9871673583984375,0.0,0.0,0.0,0.0,0.0,0.0,0.0
0.0,0.0,0.9944086074829102,0.0,0.0,0.0,0.0,0.0,0.0,0.0
0.0,0.0,0.9811601638793945,0.0,0.0,0.0,0.0,0.0,0.0,0.0
0.0,0.0,0.9773836135864258,0.0,0.0,0.0,0.0,0.0,0.0,0.0
0.0,0.0,0.9787464141845703,0.0,0.0,0.0,0.0,0.0,0.0,0.0
0.0,0.0,0.9931344985961914,0.0,0.0,0.0,0.0,0.0,0.0,0.0
0.0,0.0,0.9912300109863281,0.0,0.0,0.0,0.0,0.0,0.0,0.0
0.0,0.0,0.9725627899169922,0.0,0.0,0.0,0.0,0.0,0.0,0.0
0.0,0.0,0.9957714080810547,0.0,0.0,0.0,0.0,0.0,0.0,0.0
0.0,0.0,0.9970245361328125,0.0,0.0,0.0,0.0,0.0,0.0,0.0
0.0,0.0,0.9964818954467773,0.0,0.0,0.0,0.0,0.0,0.0,0.0
0.0,0.0,0.9962158203125,0.0,0.0,0.0,0.0,0.0,0.0,0.0
0.0,0.0,0.9951410293579102,0.0,0.0,0.0,0.0,0.0,0.0,0.0
0.0,0.0,0.9938278198242188,0.0,0.0,0.0,0.0,0.0,0.0,0.0
0.0,0.0,0.9882373809814453,0.0,0.0,0.0,0.0,0.0,0.0,0.0
0.0,0.0,0.9969491958618164,0.0,0.0,0.0,0.0,0.0,0.0,0.0
0.0,0.0,0.9973382949829102,0.0,0.0,0.0,0.0,0.0,0.0,0.0
0.8054607508532423,0.8922495274102079,0.9997282028198242,0.8959757023538345,0.8885542168674698,0.8054607508532423,0.8922495274102079,0.8959757023538345,0.8885542168674698,1.0
0.0,0.0,0.9963645935058594,0.0,0.0,0.0,0.0,0.0,0.0,0.0
0.0,0.0,0.9920883178710938,0.0,0.0,0.0,0.0,0.0,0.0,0.0
0.0,0.0,0.9972505569458008,0.0,0.0,0.0,0.0,0.0,0.0,0.0
0.0,0.0,0.996342658996582,0.0,0.0,0.0,0.0,0.0,0.0,0.0
0.0,0.0,0.997370719909668,0.0,0.0,0.0,0.0,0.0,0.0,0.0
0.0,0.0,0.9975833892822266,0.0,0.0,0.0,0.0,0.0,0.0,0.0
0.0,0.0,0.997776985168457,0.0,0.0,0.0,0.0,0.0,0.0,0.0
0.0,0.0,0.9963216781616211,0.0,0.0,0.0,0.0,0.0,0.0,0.0
0.0,0.0,0.9968490600585938,0.0,0.0,0.0,0.0,0.0,0.0,0.0
0.0,0.0,0.9974861145019531,0.0,0.0,0.0,0.0,0.0,0.0,0.0
0.0,0.0,0.9982204437255859,0.0,0.0,0.0,0.0,0.0,0.0,0.0
0.0,0.0,0.998316764831543,0.0,0.0,0.0,0.0,0.0,0.0,0.0
0.0,0.0,0.9951610565185547,0.0,0.0,0.0,0.0,0.0,0.0,0.0
0.0,0.0,0.9971752166748047,0.0,0.0,0.0,0.0,0.0,0.0,0.0
0.0,0.0,0.9944295883178711,0.0,0.0,0.0,0.0,0.0,0.0,0.0
0.0,0.0,0.9973869323730469,0.0,0.0,0.0,0.0,0.0,0.0,0.0
0.0,0.0,0.9974184036254883,0.0,0.0,0.0,0.0,0.0,0.0,0.0
0.0,0.0,0.9982519149780273,0.0,0.0,0.0,0.0,0.0,0.0,0.0
0.0,0.0,0.9982748031616211,0.0,0.0,0.0,0.0,0.0,0.0,0.0
0.0,0.0,0.9952983856201172,0.0,0.0,0.0,0.0,0.0,0.0,0.0
0.0,0.0,0.9979228973388672,0.0,0.0,0.0,0.0,0.0,0.0,0.0
0.0,0.0,0.9973163604736328,0.0,0.0,0.0,0.0,0.0,0.0,0.0
0.0,0.0,0.9982709884643555,0.0,0.0,0.0,0.0,0.0,0.0,0.0
0.0,0.0,0.9982795715332031,0.0,0.0,0.0,0.0,0.0,0.0,0.0
0.0,0.0,0.9981403350830078,0.0,0.0,0.0,0.0,0.0,0.0,0.0
0.0,0.0,0.9974994659423828,0.0,0.0,0.0,0.0,0.0,0.0,0.0
0.0,0.0,0.9966659545898438,0.0,0.0,0.0,0.0,0.0,0.0,0.0
0.0,0.0,0.9972496032714844,0.0,0.0,0.0,0.0,0.0,0.0,0.0
0.0,0.0,0.9970884323120117,0.0,0.0,0.0,0.0,0.0,0.0,0.0
0.0,0.0,0.9980897903442383,0.0,0.0,0.0,0.0,0.0,0.0,0.0
0.0,0.0,0.9974851608276367,0.0,0.0,0.0,0.0,0.0,0.0,0.0
0.0,0.0,0.9980506896972656,0.0,0.0,0.0,0.0,0.0,0.0,0.0
0.0,0.0,0.9981727600097656,0.0,0.0,0.0,0.0,0.0,0.0,0.0
0.0,0.0,0.9974555969238281,0.0,0.0,0.0,0.0,0.0,0.0,0.0
0.0,0.0,0.9981565475463867,0.0,0.0,0.0,0.0,0.0,0.0,0.0
0.0,0.0,0.997467041015625,0.0,0.0,0.0,0.0,0.0,0.0,0.0
0.0,0.0,0.9976873397827148,0.0,0.0,0.0,0.0,0.0,0.0,0.0
0.0,0.0,0.9979848861694336,0.0,0.0,0.0,0.0,0.0,0.0,0.0
0.0,0.0,0.9981851577758789,0.0,0.0,0.0,0.0,0.0,0.0,0.0
0.0,0.0,0.9982528686523438,0.0,0.0,0.0,0.0,0.0,0.0,0.0
0.0,0.0,0.9974708557128906,0.0,0.0,0.0,0.0,0.0,0.0,0.0
0.0,0.0,0.9975490570068359,0.0,0.0,0.0,0.0,0.0,0.0,0.0
0.0,0.0,0.9650449752807617,0.0,0.0,0.0,0.0,0.0,0.0,0.0
0.0,0.0,0.9665651321411133,0.0,0.0,0.0,0.0,0.0,0.0,0.0
0.0,0.0,0.9660530090332031,0.0,0.0,0.0,0.0,0.0,0.0,0.0
0.0,0.0,0.965606689453125,0.0,0.0,0.0,0.0,0.0,0.0,0.0
0.0,0.0,0.966191291809082,0.0,0.0,0.0,0.0,0.0,0.0,0.0
0.0,0.0,0.9660005569458008,0.0,0.0,0.0,0.0,0.0,0.0,0.0
0.0,0.0,0.9663820266723633,0.0,0.0,0.0,0.0,0.0,0.0,0.0
0.0,0.0,0.965937614440918,0.0,0.0,0.0,0.0,0.0,0.0,0.0
0.0,0.0,0.9644956588745117,0.0,0.0,0.0,0.0,0.0,0.0,0.0
0.0,0.0,0.9677104949951172,0.0,0.0,0.0,0.0,0.0,0.0,0.0
0.0,0.0,0.9659786224365234,0.0,0.0,0.0,0.0,0.0,0.0,0.0
0.0,0.0,0.9657249450683594,0.0,0.0,0.0,0.0,0.0,0.0,0.0
0.0,0.0,0.966618537902832,0.0,0.0,0.0,0.0,0.0,0.0,0.0
0.0,0.0,0.9662694931030273,0.0,0.0,0.0,0.0,0.0,0.0,0.0
0.0,0.0,0.9664926528930664,0.0,0.0,0.0,0.0,0.0,0.0,0.0
0.0,0.0,0.9672956466674805,0.0,0.0,0.0,0.0,0.0,0.0,0.0
0.0,0.0,0.966029167175293,0.0,0.0,0.0,0.0,0.0,0.0,0.0
0.0,0.0,0.9666318893432617,0.0,0.0,0.0,0.0,0.0,0.0,0.0
0.0,0.0,0.9666261672973633,0.0,0.0,0.0,0.0,0.0,0.0,0.0
0.0,0.0,0.966670036315918,0.0,0.0,0.0,0.0,0.0,0.0,0.0
0.0,0.0,0.966853141784668,0.0,0.0,0.0,0.0,0.0,0.0,0.0
0.0,0.0,0.9658231735229492,0.0,0.0,0.0,0.0,0.0,0.0,0.0
0.0,0.0,0.9665689468383789,0.0,0.0,0.0,0.0,0.0,0.0,0.0
0.0,0.0,0.9674606323242188,0.0,0.0,0.0,0.0,0.0,0.0,0.0
0.0,0.0,0.9667749404907227,0.0,0.0,0.0,0.0,0.0,0.0,0.0
0.0,0.0,0.9671297073364258,0.0,0.0,0.0,0.0,0.0,0.0,0.0
0.0,0.0,0.9664812088012695,0.0,0.0,0.0,0.0,0.0,0.0,0.0
0.0,0.0,0.9662189483642578,0.0,0.0,0.0,0.0,0.0,0.0,0.0
0.0,0.0,0.9659795761108398,0.0,0.0,0.0,0.0,0.0,0.0,0.0
0.0,0.0,0.9664878845214844,0.0,0.0,0.0,0.0,0.0,0.0,0.0
0.0,0.0,0.9663677215576172,0.0,0.0,0.0,0.0,0.0,0.0,0.0
0.0,0.0,0.9672918319702148,0.0,0.0,0.0,0.0,0.0,0.0,0.0
0.0,0.0,0.9669094085693359,0.0,0.0,0.0,0.0,0.0,0.0,0.0
0.0,0.0,0.9666862487792969,0.0,0.0,0.0,0.0,0.0,0.0,0.0
0.0,0.0,0.9674139022827148,0.0,0.0,0.0,0.0,0.0,0.0,0.0
0.0,0.0,0.9672117233276367,0.0,0.0,0.0,0.0,0.0,0.0,0.0
0.0,0.0,0.9671630859375,0.0,0.0,0.0,0.0,0.0,0.0,0.0
0.0,0.0,0.9676027297973633,0.0,0.0,0.0,0.0,0.0,0.0,0.0
0.0,0.0,0.9669408798217773,0.0,0.0,0.0,0.0,0.0,0.0,0.0
0.0,0.0,0.9672088623046875,0.0,0.0,0.0,0.0,0.0,0.0,0.0
0.0,0.0,0.9672031402587891,0.0,0.0,0.0,0.0,0.0,0.0,0.0
0.0,0.0,0.9671182632446289,0.0,0.0,0.0,0.0,0.0,0.0,0.0
0.0,0.0,0.967259407043457,0.0,0.0,0.0,0.0,0.0,0.0,0.0
0.0,0.0,0.9816675186157227,0.0,0.0,0.0,0.0,0.0,0.0,0.0
0.0,0.0,0.986109733581543,0.0,0.0,0.0,0.0,0.0,0.0,0.0
0.0,0.0,0.9830904006958008,0.0,0.0,0.0,0.0,0.0,0.0,0.0
0.0,0.0,0.9843072891235352,0.0,0.0,0.0,0.0,0.0,0.0,0.0
0.0,0.0,0.9942722320556641,0.0,0.0,0.0,0.0,0.0,0.0,0.0
0.0,0.0,0.9925575256347656,0.0,0.0,0.0,0.0,0.0,0.0,0.0
0.0,0.0,0.9921035766601562,0.0,0.0,0.0,0.0,0.0,0.0,0.0
0.0,0.0,0.9605588912963867,0.0,0.0,0.0,0.0,0.0,0.0,0.0
0.0,0.0,0.9435825347900391,0.0,0.0,0.0,0.0,0.0,0.0,0.0
0.0,0.0,0.9906806945800781,0.0,0.0,0.0,0.0,0.0,0.0,0.0
0.0,0.0,0.9857797622680664,0.0,0.0,0.0,0.0,0.0,0.0,0.0
0.8517179023508138,0.919921875,0.9998435974121094,0.9832985386221295,0.8642201834862385,0.8517179023508138,0.919921875,0.9832985386221295,0.8642201834862385,1.0
0.0,0.0,0.9930648803710938,0.0,0.0,0.0,0.0,0.0,0.0,0.0
0.0,0.0,0.9958305358886719,0.0,0.0,0.0,0.0,0.0,0.0,0.0
0.0,0.0,0.9714689254760742,0.0,0.0,0.0,0.0,0.0,0.0,0.0
0.0,0.0,0.9860801696777344,0.0,0.0,0.0,0.0,0.0,0.0,0.0
0.0,0.0,0.9979000091552734,0.0,0.0,0.0,0.0,0.0,0.0,0.0
0.0,0.0,0.9774770736694336,0.0,0.0,0.0,0.0,0.0,0.0,0.0
0.0,0.0,0.983036994934082,0.0,0.0,0.0,0.0,0.0,0.0,0.0
0.0,0.0,0.9517927169799805,0.0,0.0,0.0,0.0,0.0,0.0,0.0
0.0,0.0,0.9801692962646484,0.0,0.0,0.0,0.0,0.0,0.0,0.0
0.0,0.0,0.9658412933349609,0.0,0.0,0.0,0.0,0.0,0.0,0.0
0.0,0.0,0.9791660308837891,0.0,0.0,0.0,0.0,0.0,0.0,0.0
0.0,0.0,0.9838466644287109,0.0,0.0,0.0,0.0,0.0,0.0,0.0
0.0,0.0,0.9507274627685547,0.0,0.0,0.0,0.0,0.0,0.0,0.0
0.0,0.0,0.9799728393554688,0.0,0.0,0.0,0.0,0.0,0.0,0.0
0.0,0.0,0.9743890762329102,0.0,0.0,0.0,0.0,0.0,0.0,0.0
0.0,0.0,0.9805440902709961,0.0,0.0,0.0,0.0,0.0,0.0,0.0
0.8402081362346263,0.9131664181790139,0.9983892440795898,0.9803510321227509,0.8545996920708238,0.8402081362346263,0.9131664181790139,0.9803510321227509,0.8545996920708238,1.0
0.0,0.0,0.9723672866821289,0.0,0.0,0.0,0.0,0.0,0.0,0.0
0.0,0.0,0.9676733016967773,0.0,0.0,0.0,0.0,0.0,0.0,0.0
0.0,0.0,0.9833917617797852,0.0,0.0,0.0,0.0,0.0,0.0,0.0
0.0,0.0,0.987213134765625,0.0,0.0,0.0,0.0,0.0,0.0,0.0
0.0,0.0,0.9843482971191406,0.0,0.0,0.0,0.0,0.0,0.0,0.0
0.0,0.0,0.9806995391845703,0.0,0.0,0.0,0.0,0.0,0.0,0.0
0.0,0.0,0.9877357482910156,0.0,0.0,0.0,0.0,0.0,0.0,0.0
0.0,0.0,0.9844446182250977,0.0,0.0,0.0,0.0,0.0,0.0,0.0
0.0,0.0,0.9874353408813477,0.0,0.0,0.0,0.0,0.0,0.0,0.0
0.0,0.0,0.9810247421264648,0.0,0.0,0.0,0.0,0.0,0.0,0.0
0.0,0.0,0.9572229385375977,0.0,0.0,0.0,0.0,0.0,0.0,0.0
0.0,0.0,0.9924945831298828,0.0,0.0,0.0,0.0,0.0,0.0,0.0
0.0,0.0,0.9932050704956055,0.0,0.0,0.0,0.0,0.0,0.0,0.0
0.0,0.0,0.9930639266967773,0.0,0.0,0.0,0.0,0.0,0.0,0.0
0.0,0.0,0.9966259002685547,0.0,0.0,0.0,0.0,0.0,0.0,0.0
0.0,0.0,0.9928131103515625,0.0,0.0,0.0,0.0,0.0,0.0,0.0
0.0,0.0,0.9929170608520508,0.0,0.0,0.0,0.0,0.0,0.0,0.0
0.0,0.0,0.9957485198974609,0.0,0.0,0.0,0.0,0.0,0.0,0.0
0.0,0.0,0.9955501556396484,0.0,0.0,0.0,0.0,0.0,0.0,0.0
0.0,0.0,0.9942407608032227,0.0,0.0,0.0,0.0,0.0,0.0,0.0
0.0,0.0,0.9918909072875977,0.0,0.0,0.0,0.0,0.0,0.0,0.0
0.0,0.0,0.996699333190918,0.0,0.0,0.0,0.0,0.0,0.0,0.0
0.0,0.0,0.9972543716430664,0.0,0.0,0.0,0.0,0.0,0.0,0.0
0.0,0.0,0.9943084716796875,0.0,0.0,0.0,0.0,0.0,0.0,0.0
0.0,0.0,0.9298944473266602,0.0,0.0,0.0,0.0,0.0,0.0,0.0
0.0,0.0,0.9880046844482422,0.0,0.0,0.0,0.0,0.0,0.0,0.0
0.0,0.0,0.9966316223144531,0.0,0.0,0.0,0.0,0.0,0.0,0.0
0.0,0.0,0.9764270782470703,0.0,0.0,0.0,0.0,0.0,0.0,0.0
0.0014053579270970576,0.0028067713358477324,0.9891576766967773,0.0014378145219266715,0.05860805860805861,0.0014053579270970576,0.0028067713358477324,0.0014378145219266715,0.05860805860805861,0.0
0.0,0.0,0.9937705993652344,0.0,0.0,0.0,0.0,0.0,0.0,0.0
0.0,0.0,0.9966354370117188,0.0,0.0,0.0,0.0,0.0,0.0,0.0
0.0,0.0,0.9960556030273438,0.0,0.0,0.0,0.0,0.0,0.0,0.0
0.0,0.0,0.9958419799804688,0.0,0.0,0.0,0.0,0.0,0.0,0.0
0.0,0.0,0.9943103790283203,0.0,0.0,0.0,0.0,0.0,0.0,0.0
0.0,0.0,0.9965476989746094,0.0,0.0,0.0,0.0,0.0,0.0,0.0
0.0,0.0,0.9947652816772461,0.0,0.0,0.0,0.0,0.0,0.0,0.0
0.0,0.0,0.9926919937133789,0.0,0.0,0.0,0.0,0.0,0.0,0.0
0.0,0.0,0.994318962097168,0.0,0.0,0.0,0.0,0.0,0.0,0.0
0.0,0.0,0.996638298034668,0.0,0.0,0.0,0.0,0.0,0.0,0.0
0.0,0.0,0.9978189468383789,0.0,0.0,0.0,0.0,0.0,0.0,0.0
0.0,0.0,0.9849519729614258,0.0,0.0,0.0,0.0,0.0,0.0,0.0
0.0,0.0,0.9762887954711914,0.0,0.0,0.0,0.0,0.0,0.0,0.0
0.0,0.0,0.9536733627319336,0.0,0.0,0.0,0.0,0.0,0.0,0.0
0.0,0.0,0.9797534942626953,0.0,0.0,0.0,0.0,0.0,0.0,0.0
0.0,0.0,0.97705078125,0.0,0.0,0.0,0.0,0.0,0.0,0.0
0.0,0.0,0.9724006652832031,0.0,0.0,0.0,0.0,0.0,0.0,0.0
0.0,0.0,0.9797725677490234,0.0,0.0,0.0,0.0,0.0,0.0,0.0
0.49323668370979223,0.660627600554785,0.9925327301025391,0.9912851196670135,0.4953848153926157,0.49323668370979223,0.660627600554785,0.9912851196670135,0.4953848153926157,0.0
0.0,0.0,0.9812822341918945,0.0,0.0,0.0,0.0,0.0,0.0,0.0
0.0,0.0,0.9829864501953125,0.0,0.0,0.0,0.0,0.0,0.0,0.0
0.0,0.0,0.9824962615966797,0.0,0.0,0.0,0.0,0.0,0.0,0.0
0.0,0.0,0.9818058013916016,0.0,0.0,0.0,0.0,0.0,0.0,0.0
0.0,0.0,0.9838981628417969,0.0,0.0,0.0,0.0,0.0,0.0,0.0
0.0,0.0,0.9840278625488281,0.0,0.0,0.0,0.0,0.0,0.0,0.0
0.0,0.0,0.9841365814208984,0.0,0.0,0.0,0.0,0.0,0.0,0.0
0.0,0.0,0.9837970733642578,0.0,0.0,0.0,0.0,0.0,0.0,0.0
0.0,0.0,0.981083869934082,0.0,0.0,0.0,0.0,0.0,0.0,0.0
0.0,0.0,0.9848432540893555,0.0,0.0,0.0,0.0,0.0,0.0,0.0
0.0,0.0,0.9840555191040039,0.0,0.0,0.0,0.0,0.0,0.0,0.0
0.0,0.0,0.9833602905273438,0.0,0.0,0.0,0.0,0.0,0.0,0.0
0.0,0.0,0.9839973449707031,0.0,0.0,0.0,0.0,0.0,0.0,0.0
0.0,0.0,0.9839229583740234,0.0,0.0,0.0,0.0,0.0,0.0,0.0
0.0,0.0,0.9847841262817383,0.0,0.0,0.0,0.0,0.0,0.0,0.0
0.0,0.0,0.9843673706054688,0.0,0.0,0.0,0.0,0.0,0.0,0.0
0.0,0.0,0.9847993850708008,0.0,0.0,0.0,0.0,0.0,0.0,0.0
0.0,0.0,0.984675407409668,0.0,0.0,0.0,0.0,0.0,0.0,0.0
0.0,0.0,0.9839649200439453,0.0,0.0,0.0,0.0,0.0,0.0,0.0
0.0,0.0,0.9850282669067383,0.0,0.0,0.0,0.0,0.0,0.0,0.0
0.0,0.0,0.9848089218139648,0.0,0.0,0.0,0.0,0.0,0.0,0.0
0.0,0.0,0.9854040145874023,0.0,0.0,0.0,0.0,0.0,0.0,0.0
0.0,0.0,0.9745540618896484,0.0,0.0,0.0,0.0,0.0,0.0,0.0
0.0,0.0,0.9852457046508789,0.0,0.0,0.0,0.0,0.0,0.0,0.0
0.5748987854251012,0.7300771208226221,0.9968957901000977,0.5842845765861429,0.972817679558011,0.5748987854251012,0.7300771208226221,0.5842845765861429,0.972817679558011,1.0
0.0,0.0,0.9933748245239258,0.0,0.0,0.0,0.0,0.0,0.0,0.0
0.0,0.0,0.9920482635498047,0.0,0.0,0.0,0.0,0.0,0.0,0.0
0.0,0.0,0.9926061630249023,0.0,0.0,0.0,0.0,0.0,0.0,0.0
0.0,0.0,0.9864301681518555,0.0,0.0,0.0,0.0,0.0,0.0,0.0
0.0,0.0,0.99407958984375,0.0,0.0,0.0,0.0,0.0,0.0,0.0
0.0,0.0,0.9929704666137695,0.0,0.0,0.0,0.0,0.0,0.0,0.0
0.0,0.0,0.9940252304077148,0.0,0.0,0.0,0.0,0.0,0.0,0.0
0.0,0.0,0.9925394058227539,0.0,0.0,0.0,0.0,0.0,0.0,0.0
0.0,0.0,0.9944429397583008,0.0,0.0,0.0,0.0,0.0,0.0,0.0
0.0,0.0,0.9946050643920898,0.0,0.0,0.0,0.0,0.0,0.0,0.0
0.0,0.0,0.9941835403442383,0.0,0.0,0.0,0.0,0.0,0.0,0.0
0.0,0.0,0.9946537017822266,0.0,0.0,0.0,0.0,0.0,0.0,0.0
0.0,0.0,0.9950094223022461,0.0,0.0,0.0,0.0,0.0,0.0,0.0
0.0,0.0,0.9929771423339844,0.0,0.0,0.0,0.0,0.0,0.0,0.0
0.0,0.0,0.9944400787353516,0.0,0.0,0.0,0.0,0.0,0.0,0.0
0.0,0.0,0.9946317672729492,0.0,0.0,0.0,0.0,0.0,0.0,0.0
0.0,0.0,0.9940986633300781,0.0,0.0,0.0,0.0,0.0,0.0,0.0
0.0,0.0,0.9925661087036133,0.0,0.0,0.0,0.0,0.0,0.0,0.0
0.0,0.0,0.9931573867797852,0.0,0.0,0.0,0.0,0.0,0.0,0.0
0.0,0.0,0.9944849014282227,0.0,0.0,0.0,0.0,0.0,0.0,0.0
0.0,0.0,0.9940471649169922,0.0,0.0,0.0,0.0,0.0,0.0,0.0
0.0,0.0,0.9943857192993164,0.0,0.0,0.0,0.0,0.0,0.0,0.0
0.0,0.0,0.9939584732055664,0.0,0.0,0.0,0.0,0.0,0.0,0.0
0.0,0.0,0.9944686889648438,0.0,0.0,0.0,0.0,0.0,0.0,0.0
0.0,0.0,0.9940547943115234,0.0,0.0,0.0,0.0,0.0,0.0,0.0
0.0,0.0,0.9944648742675781,0.0,0.0,0.0,0.0,0.0,0.0,0.0
0.0,0.0,0.9944877624511719,0.0,0.0,0.0,0.0,0.0,0.0,0.0
0.0,0.0,0.9939870834350586,0.0,0.0,0.0,0.0,0.0,0.0,0.0
0.0,0.0,0.9935836791992188,0.0,0.0,0.0,0.0,0.0,0.0,0.0
0.0,0.0,0.9946975708007812,0.0,0.0,0.0,0.0,0.0,0.0,0.0
0.0,0.0,0.9946784973144531,0.0,0.0,0.0,0.0,0.0,0.0,0.0
0.0,0.0,0.9941568374633789,0.0,0.0,0.0,0.0,0.0,0.0,0.0
0.0,0.0,0.9941310882568359,0.0,0.0,0.0,0.0,0.0,0.0,0.0
0.0,0.0,0.9938879013061523,0.0,0.0,0.0,0.0,0.0,0.0,0.0
0.0,0.0,0.9942798614501953,0.0,0.0,0.0,0.0,0.0,0.0,0.0
0.0,0.0,0.9943141937255859,0.0,0.0,0.0,0.0,0.0,0.0,0.0
0.0,0.0,0.9944639205932617,0.0,0.0,0.0,0.0,0.0,0.0,0.0
0.0,0.0,0.9944067001342773,0.0,0.0,0.0,0.0,0.0,0.0,0.0
0.0,0.0,0.9943780899047852,0.0,0.0,0.0,0.0,0.0,0.0,0.0
0.0,0.0,0.9951076507568359,0.0,0.0,0.0,0.0,0.0,0.0,0.0
0.0,0.0,0.9947834014892578,0.0,0.0,0.0,0.0,0.0,0.0,0.0
0.0,0.0,0.9943733215332031,0.0,0.0,0.0,0.0,0.0,0.0,0.0
0.0,0.0,0.9945955276489258,0.0,0.0,0.0,0.0,0.0,0.0,0.0
0.0,0.0,0.9943313598632812,0.0,0.0,0.0,0.0,0.0,0.0,0.0
0.0,0.0,0.9940595626831055,0.0,0.0,0.0,0.0,0.0,0.0,0.0
0.0,0.0,0.994349479675293,0.0,0.0,0.0,0.0,0.0,0.0,0.0
0.0,0.0,0.9938583374023438,0.0,0.0,0.0,0.0,0.0,0.0,0.0
0.0,0.0,0.9934072494506836,0.0,0.0,0.0,0.0,0.0,0.0,0.0
0.0,0.0,0.9943408966064453,0.0,0.0,0.0,0.0,0.0,0.0,0.0
0.0,0.0,0.9946613311767578,0.0,0.0,0.0,0.0,0.0,0.0,0.0
0.0,0.0,0.9942560195922852,0.0,0.0,0.0,0.0,0.0,0.0,0.0
0.0,0.0,0.9937267303466797,0.0,0.0,0.0,0.0,0.0,0.0,0.0
0.0,0.0,0.9945335388183594,0.0,0.0,0.0,0.0,0.0,0.0,0.0
0.0,0.0,0.9931230545043945,0.0,0.0,0.0,0.0,0.0,0.0,0.0
0.0,0.0,0.9943885803222656,0.0,0.0,0.0,0.0,0.0,0.0,0.0
0.0,0.0,0.9941816329956055,0.0,0.0,0.0,0.0,0.0,0.0,0.0
0.0,0.0,0.9933948516845703,0.0,0.0,0.0,0.0,0.0,0.0,0.0
0.0,0.0,0.9946384429931641,0.0,0.0,0.0,0.0,0.0,0.0,0.0
0.0,0.0,0.9935626983642578,0.0,0.0,0.0,0.0,0.0,0.0,0.0
0.0,0.0,0.9944705963134766,0.0,0.0,0.0,0.0,0.0,0.0,0.0
0.0,0.0,0.9952106475830078,0.0,0.0,0.0,0.0,0.0,0.0,0.0
0.0,0.0,0.9943723678588867,0.0,0.0,0.0,0.0,0.0,0.0,0.0
0.0,0.0,0.9915437698364258,0.0,0.0,0.0,0.0,0.0,0.0,0.0
0.0,0.0,0.9946269989013672,0.0,0.0,0.0,0.0,0.0,0.0,0.0
0.0,0.0,0.9945478439331055,0.0,0.0,0.0,0.0,0.0,0.0,0.0
0.0,0.0,0.9945297241210938,0.0,0.0,0.0,0.0,0.0,0.0,0.0
0.0,0.0,0.9943208694458008,0.0,0.0,0.0,0.0,0.0,0.0,0.0
0.0,0.0,0.9944963455200195,0.0,0.0,0.0,0.0,0.0,0.0,0.0
0.0,0.0,0.9944248199462891,0.0,0.0,0.0,0.0,0.0,0.0,0.0
0.0,0.0,0.9943733215332031,0.0,0.0,0.0,0.0,0.0,0.0,0.0
0.0,0.0,0.9945707321166992,0.0,0.0,0.0,0.0,0.0,0.0,0.0
0.0,0.0,0.9943923950195312,0.0,0.0,0.0,0.0,0.0,0.0,0.0
0.0,0.0,0.9942760467529297,0.0,0.0,0.0,0.0,0.0,0.0,0.0
0.0,0.0,0.9948863983154297,0.0,0.0,0.0,0.0,0.0,0.0,0.0
0.0,0.0,0.9944076538085938,0.0,0.0,0.0,0.0,0.0,0.0,0.0
0.0,0.0,0.9930543899536133,0.0,0.0,0.0,0.0,0.0,0.0,0.0
0.0,0.0,0.9943981170654297,0.0,0.0,0.0,0.0,0.0,0.0,0.0
0.0,0.0,0.9947013854980469,0.0,0.0,0.0,0.0,0.0,0.0,0.0
0.0,0.0,0.9952182769775391,0.0,0.0,0.0,0.0,0.0,0.0,0.0
0.0,0.0,0.9948787689208984,0.0,0.0,0.0,0.0,0.0,0.0,0.0
0.0,0.0,0.9952116012573242,0.0,0.0,0.0,0.0,0.0,0.0,0.0
0.0,0.0,0.9953136444091797,0.0,0.0,0.0,0.0,0.0,0.0,0.0
0.0,0.0,0.9947004318237305,0.0,0.0,0.0,0.0,0.0,0.0,0.0
0.0,0.0,0.9950656890869141,0.0,0.0,0.0,0.0,0.0,0.0,0.0
0.0,0.0,0.9942684173583984,0.0,0.0,0.0,0.0,0.0,0.0,0.0
0.0,0.0,0.9978046417236328,0.0,0.0,0.0,0.0,0.0,0.0,0.0
0.0,0.0,0.9970579147338867,0.0,0.0,0.0,0.0,0.0,0.0,0.0
0.0,0.0,0.9991741180419922,0.0,0.0,0.0,0.0,0.0,0.0,0.0
0.0,0.0,0.9959697723388672,0.0,0.0,0.0,0.0,0.0,0.0,0.0
0.0,0.0,0.9953832626342773,0.0,0.0,0.0,0.0,0.0,0.0,0.0
0.0,0.0,0.9984865188598633,0.0,0.0,0.0,0.0,0.0,0.0,0.0
0.0,0.0,0.9981679916381836,0.0,0.0,0.0,0.0,0.0,0.0,0.0
0.0,0.0,0.9982337951660156,0.0,0.0,0.0,0.0,0.0,0.0,0.0
0.0,0.0,0.9968194961547852,0.0,0.0,0.0,0.0,0.0,0.0,0.0
0.0,0.0,0.9986200332641602,0.0,0.0,0.0,0.0,0.0,0.0,0.0
0.0,0.0,0.9942169189453125,0.0,0.0,0.0,0.0,0.0,0.0,0.0
0.0,0.0,0.9980478286743164,0.0,0.0,0.0,0.0,0.0,0.0,0.0
0.0,0.0,0.9967222213745117,0.0,0.0,0.0,0.0,0.0,0.0,0.0
0.0,0.0,0.9986886978149414,0.0,0.0,0.0,0.0,0.0,0.0,0.0
0.0,0.0,0.9894323348999023,0.0,0.0,0.0,0.0,0.0,0.0,0.0
0.0,0.0,0.9988384246826172,0.0,0.0,0.0,0.0,0.0,0.0,0.0
0.0,0.0,0.9991016387939453,0.0,0.0,0.0,0.0,0.0,0.0,0.0
0.0,0.0,0.9989748001098633,0.0,0.0,0.0,0.0,0.0,0.0,0.0
0.0,0.0,0.9991321563720703,0.0,0.0,0.0,0.0,0.0,0.0,0.0
0.0,0.0,0.9988584518432617,0.0,0.0,0.0,0.0,0.0,0.0,0.0
0.0,0.0,0.9970674514770508,0.0,0.0,0.0,0.0,0.0,0.0,0.0
0.0,0.0,0.9980659484863281,0.0,0.0,0.0,0.0,0.0,0.0,0.0
0.0,0.0,0.9990577697753906,0.0,0.0,0.0,0.0,0.0,0.0,0.0
0.0,0.0,0.9989748001098633,0.0,0.0,0.0,0.0,0.0,0.0,0.0
0.0,0.0,0.9982366561889648,0.0,0.0,0.0,0.0,0.0,0.0,0.0
0.0,0.0,0.9971952438354492,0.0,0.0,0.0,0.0,0.0,0.0,0.0
0.0,0.0,0.9991083145141602,0.0,0.0,0.0,0.0,0.0,0.0,0.0
0.0,0.0,0.9968881607055664,0.0,0.0,0.0,0.0,0.0,0.0,0.0
0.0,0.0,0.9979591369628906,0.0,0.0,0.0,0.0,0.0,0.0,0.0
0.0,0.0,0.9979715347290039,0.0,0.0,0.0,0.0,0.0,0.0,0.0
0.0,0.0,0.999333381652832,0.0,0.0,0.0,0.0,0.0,0.0,0.0
0.0,0.0,0.9982814788818359,0.0,0.0,0.0,0.0,0.0,0.0,0.0
0.0,0.0,0.9978437423706055,0.0,0.0,0.0,0.0,0.0,0.0,0.0
0.0,0.0,0.9990272521972656,0.0,0.0,0.0,0.0,0.0,0.0,0.0
0.0,0.0,0.9993705749511719,0.0,0.0,0.0,0.0,0.0,0.0,0.0
0.0,0.0,0.9977626800537109,0.0,0.0,0.0,0.0,0.0,0.0,0.0
0.0,0.0,0.9977846145629883,0.0,0.0,0.0,0.0,0.0,0.0,0.0
0.0,0.0,0.9982881546020508,0.0,0.0,0.0,0.0,0.0,0.0,0.0
0.0,0.0,0.9979686737060547,0.0,0.0,0.0,0.0,0.0,0.0,0.0
0.0,0.0,0.9990253448486328,0.0,0.0,0.0,0.0,0.0,0.0,0.0
0.0,0.0,0.9986724853515625,0.0,0.0,0.0,0.0,0.0,0.0,0.0
0.0,0.0,0.9986133575439453,0.0,0.0,0.0,0.0,0.0,0.0,0.0
0.0,0.0,0.9983949661254883,0.0,0.0,0.0,0.0,0.0,0.0,0.0
0.0,0.0,0.9980154037475586,0.0,0.0,0.0,0.0,0.0,0.0,0.0
0.0,0.0,0.9978446960449219,0.0,0.0,0.0,0.0,0.0,0.0,0.0
0.0,0.0,0.9977788925170898,0.0,0.0,0.0,0.0,0.0,0.0,0.0
0.0,0.0,0.9981527328491211,0.0,0.0,0.0,0.0,0.0,0.0,0.0
0.0,0.0,0.9988498687744141,0.0,0.0,0.0,0.0,0.0,0.0,0.0
0.0,0.0,0.9979686737060547,0.0,0.0,0.0,0.0,0.0,0.0,0.0
0.0,0.0,0.9983196258544922,0.0,0.0,0.0,0.0,0.0,0.0,0.0
0.0,0.0,0.9981575012207031,0.0,0.0,0.0,0.0,0.0,0.0,0.0
0.0,0.0,0.999110221862793,0.0,0.0,0.0,0.0,0.0,0.0,0.0
0.0,0.0,0.9978780746459961,0.0,0.0,0.0,0.0,0.0,0.0,0.0
0.0,0.0,0.9991426467895508,0.0,0.0,0.0,0.0,0.0,0.0,0.0
0.0,0.0,0.9981355667114258,0.0,0.0,0.0,0.0,0.0,0.0,0.0
0.0,0.0,0.998570442199707,0.0,0.0,0.0,0.0,0.0,0.0,0.0
0.0,0.0,0.9986658096313477,0.0,0.0,0.0,0.0,0.0,0.0,0.0
0.0,0.0,0.9992532730102539,0.0,0.0,0.0,0.0,0.0,0.0,0.0
0.0,0.0,0.9959611892700195,0.0,0.0,0.0,0.0,0.0,0.0,0.0
0.0,0.0,0.9991168975830078,0.0,0.0,0.0,0.0,0.0,0.0,0.0
0.0,0.0,0.9982109069824219,0.0,0.0,0.0,0.0,0.0,0.0,0.0
0.0,0.0,0.9981527328491211,0.0,0.0,0.0,0.0,0.0,0.0,0.0
0.0,0.0,0.9984502792358398,0.0,0.0,0.0,0.0,0.0,0.0,0.0
0.0,0.0,0.9985265731811523,0.0,0.0,0.0,0.0,0.0,0.0,0.0
0.0,0.0,0.9980888366699219,0.0,0.0,0.0,0.0,0.0,0.0,0.0
0.0,0.0,0.9991445541381836,0.0,0.0,0.0,0.0,0.0,0.0,0.0
0.0,0.0,0.9991207122802734,0.0,0.0,0.0,0.0,0.0,0.0,0.0
0.0,0.0,0.9985561370849609,0.0,0.0,0.0,0.0,0.0,0.0,0.0
0.0,0.0,0.9992599487304688,0.0,0.0,0.0,0.0,0.0,0.0,0.0
0.0,0.0,0.9982337951660156,0.0,0.0,0.0,0.0,0.0,0.0,0.0
0.0,0.0,0.9982500076293945,0.0,0.0,0.0,0.0,0.0,0.0,0.0
0.0,0.0,0.9976863861083984,0.0,0.0,0.0,0.0,0.0,0.0,0.0
0.0,0.0,0.9985074996948242,0.0,0.0,0.0,0.0,0.0,0.0,0.0
0.0,0.0,0.9975910186767578,0.0,0.0,0.0,0.0,0.0,0.0,0.0
0.0,0.0,0.9676179885864258,0.0,0.0,0.0,0.0,0.0,0.0,0.0
0.0,0.0,0.9972743988037109,0.0,0.0,0.0,0.0,0.0,0.0,0.0
0.0,0.0,0.9980640411376953,0.0,0.0,0.0,0.0,0.0,0.0,0.0
0.0,0.0,0.9974155426025391,0.0,0.0,0.0,0.0,0.0,0.0,0.0
0.0,0.0,0.9974431991577148,0.0,0.0,0.0,0.0,0.0,0.0,0.0
0.0,0.0,0.9974308013916016,0.0,0.0,0.0,0.0,0.0,0.0,0.0
0.0,0.0,0.9969263076782227,0.0,0.0,0.0,0.0,0.0,0.0,0.0
0.0,0.0,0.9963388442993164,0.0,0.0,0.0,0.0,0.0,0.0,0.0
0.0,0.0,0.9968423843383789,0.0,0.0,0.0,0.0,0.0,0.0,0.0
0.0,0.0,0.9980983734130859,0.0,0.0,0.0,0.0,0.0,0.0,0.0
0.0,0.0,0.9982185363769531,0.0,0.0,0.0,0.0,0.0,0.0,0.0
0.0,0.0,0.9977331161499023,0.0,0.0,0.0,0.0,0.0,0.0,0.0
0.0,0.0,0.9982366561889648,0.0,0.0,0.0,0.0,0.0,0.0,0.0
0.0,0.0,0.9978084564208984,0.0,0.0,0.0,0.0,0.0,0.0,0.0
0.0,0.0,0.9979534149169922,0.0,0.0,0.0,0.0,0.0,0.0,0.0
0.0,0.0,0.9976110458374023,0.0,0.0,0.0,0.0,0.0,0.0,0.0
0.0,0.0,0.9960002899169922,0.0,0.0,0.0,0.0,0.0,0.0,0.0
0.0,0.0,0.9974489212036133,0.0,0.0,0.0,0.0,0.0,0.0,0.0
0.0,0.0,0.9985179901123047,0.0,0.0,0.0,0.0,0.0,0.0,0.0
0.0,0.0,0.9976892471313477,0.0,0.0,0.0,0.0,0.0,0.0,0.0
0.0,0.0,0.9871692657470703,0.0,0.0,0.0,0.0,0.0,0.0,0.0
0.0,0.0,0.9976024627685547,0.0,0.0,0.0,0.0,0.0,0.0,0.0
0.0,0.0,0.9973936080932617,0.0,0.0,0.0,0.0,0.0,0.0,0.0
0.0,0.0,0.9983978271484375,0.0,0.0,0.0,0.0,0.0,0.0,0.0
0.0,0.0,0.9988670349121094,0.0,0.0,0.0,0.0,0.0,0.0,0.0
0.0,0.0,0.9976644515991211,0.0,0.0,0.0,0.0,0.0,0.0,0.0
0.0,0.0,0.9976224899291992,0.0,0.0,0.0,0.0,0.0,0.0,0.0
0.0,0.0,0.9984970092773438,0.0,0.0,0.0,0.0,0.0,0.0,0.0
0.0,0.0,0.9982767105102539,0.0,0.0,0.0,0.0,0.0,0.0,0.0
0.0,0.0,0.9985513687133789,0.0,0.0,0.0,0.0,0.0,0.0,0.0
0.0,0.0,0.9988002777099609,0.0,0.0,0.0,0.0,0.0,0.0,0.0
0.0,0.0,0.9968643188476562,0.0,0.0,0.0,0.0,0.0,0.0,0.0
0.0,0.0,0.9984455108642578,0.0,0.0,0.0,0.0,0.0,0.0,0.0
0.0,0.0,0.9975194931030273,0.0,0.0,0.0,0.0,0.0,0.0,0.0
0.0,0.0,0.9987525939941406,0.0,0.0,0.0,0.0,0.0,0.0,0.0
0.0,0.0,0.9988365173339844,0.0,0.0,0.0,0.0,0.0,0.0,0.0
0.0,0.0,0.9975366592407227,0.0,0.0,0.0,0.0,0.0,0.0,0.0
0.0,0.0,0.9967365264892578,0.0,0.0,0.0,0.0,0.0,0.0,0.0
0.0,0.0,0.9951553344726562,0.0,0.0,0.0,0.0,0.0,0.0,0.0
0.0,0.0,0.9948329925537109,0.0,0.0,0.0,0.0,0.0,0.0,0.0
0.0,0.0,0.9930992126464844,0.0,0.0,0.0,0.0,0.0,0.0,0.0
0.0,0.0,0.9915866851806641,0.0,0.0,0.0,0.0,0.0,0.0,0.0
0.0,0.0,0.9957084655761719,0.0,0.0,0.0,0.0,0.0,0.0,0.0
0.0,0.0,0.9931745529174805,0.0,0.0,0.0,0.0,0.0,0.0,0.0
0.0,0.0,0.9950418472290039,0.0,0.0,0.0,0.0,0.0,0.0,0.0
0.0,0.0,0.9969625473022461,0.0,0.0,0.0,0.0,0.0,0.0,0.0
0.0,0.0,0.9971113204956055,0.0,0.0,0.0,0.0,0.0,0.0,0.0
0.0,0.0,0.9974260330200195,0.0,0.0,0.0,0.0,0.0,0.0,0.0
0.0,0.0,0.9914464950561523,0.0,0.0,0.0,0.0,0.0,0.0,0.0
0.0,0.0,0.9984750747680664,0.0,0.0,0.0,0.0,0.0,0.0,0.0
0.0,0.0,0.9970417022705078,0.0,0.0,0.0,0.0,0.0,0.0,0.0
0.0,0.0,0.9966840744018555,0.0,0.0,0.0,0.0,0.0,0.0,0.0
0.0,0.0,0.9972019195556641,0.0,0.0,0.0,0.0,0.0,0.0,0.0
0.0,0.0,0.9843072891235352,0.0,0.0,0.0,0.0,0.0,0.0,0.0
0.0,0.0,0.9973506927490234,0.0,0.0,0.0,0.0,0.0,0.0,0.0
0.0,0.0,0.9974746704101562,0.0,0.0,0.0,0.0,0.0,0.0,0.0
0.0,0.0,0.997218132019043,0.0,0.0,0.0,0.0,0.0,0.0,0.0
0.0,0.0,0.997100830078125,0.0,0.0,0.0,0.0,0.0,0.0,0.0
0.0,0.0,0.9975738525390625,0.0,0.0,0.0,0.0,0.0,0.0,0.0
0.0,0.0,0.9970626831054688,0.0,0.0,0.0,0.0,0.0,0.0,0.0
0.0,0.0,0.9906320571899414,0.0,0.0,0.0,0.0,0.0,0.0,0.0
0.0,0.0,0.9972772598266602,0.0,0.0,0.0,0.0,0.0,0.0,0.0
0.0,0.0,0.9965581893920898,0.0,0.0,0.0,0.0,0.0,0.0,0.0
0.0,0.0,0.9969816207885742,0.0,0.0,0.0,0.0,0.0,0.0,0.0
0.0,0.0,0.9973392486572266,0.0,0.0,0.0,0.0,0.0,0.0,0.0
0.0,0.0,0.9917268753051758,0.0,0.0,0.0,0.0,0.0,0.0,0.0
0.0,0.0,0.9973783493041992,0.0,0.0,0.0,0.0,0.0,0.0,0.0
0.0,0.0,0.9980154037475586,0.0,0.0,0.0,0.0,0.0,0.0,0.0
0.0,0.0,0.9969596862792969,0.0,0.0,0.0,0.0,0.0,0.0,0.0
0.5755007704160247,0.7305623471882641,0.9994745254516602,1.0,0.5755007704160247,0.5755007704160247,0.7305623471882641,1.0,0.5755007704160247,1.0
0.0,0.0,0.9970664978027344,0.0,0.0,0.0,0.0,0.0,0.0,0.0
0.0,0.0,0.9970283508300781,0.0,0.0,0.0,0.0,0.0,0.0,0.0
0.0,0.0,0.9971456527709961,0.0,0.0,0.0,0.0,0.0,0.0,0.0
0.0,0.0,0.9969863891601562,0.0,0.0,0.0,0.0,0.0,0.0,0.0
0.0,0.0,0.9975976943969727,0.0,0.0,0.0,0.0,0.0,0.0,0.0
0.0,0.0,0.9982223510742188,0.0,0.0,0.0,0.0,0.0,0.0,0.0
0.0,0.0,0.9977893829345703,0.0,0.0,0.0,0.0,0.0,0.0,0.0
0.0,0.0,0.9966459274291992,0.0,0.0,0.0,0.0,0.0,0.0,0.0
0.0,0.0,0.9954442977905273,0.0,0.0,0.0,0.0,0.0,0.0,0.0
0.0,0.0,0.9973955154418945,0.0,0.0,0.0,0.0,0.0,0.0,0.0
0.0,0.0,0.9975490570068359,0.0,0.0,0.0,0.0,0.0,0.0,0.0
0.0,0.0,0.9983816146850586,0.0,0.0,0.0,0.0,0.0,0.0,0.0
0.0,0.0,0.9973726272583008,0.0,0.0,0.0,0.0,0.0,0.0,0.0
0.0,0.0,0.9981441497802734,0.0,0.0,0.0,0.0,0.0,0.0,0.0
0.0,0.0,0.9978618621826172,0.0,0.0,0.0,0.0,0.0,0.0,0.0
0.0,0.0,0.9972724914550781,0.0,0.0,0.0,0.0,0.0,0.0,0.0
0.0,0.0,0.9974546432495117,0.0,0.0,0.0,0.0,0.0,0.0,0.0
0.0,0.0,0.9984617233276367,0.0,0.0,0.0,0.0,0.0,0.0,0.0
0.0,0.0,0.9972124099731445,0.0,0.0,0.0,0.0,0.0,0.0,0.0
0.0,0.0,0.998199462890625,0.0,0.0,0.0,0.0,0.0,0.0,0.0
0.0,0.0,0.9974336624145508,0.0,0.0,0.0,0.0,0.0,0.0,0.0
0.0,0.0,0.9982233047485352,0.0,0.0,0.0,0.0,0.0,0.0,0.0
0.0,0.0,0.997441291809082,0.0,0.0,0.0,0.0,0.0,0.0,0.0
0.0,0.0,0.9974365234375,0.0,0.0,0.0,0.0,0.0,0.0,0.0
0.0,0.0,0.9982481002807617,0.0,0.0,0.0,0.0,0.0,0.0,0.0
0.0,0.0,0.9972667694091797,0.0,0.0,0.0,0.0,0.0,0.0,0.0
0.0,0.0,0.9974651336669922,0.0,0.0,0.0,0.0,0.0,0.0,0.0
0.0,0.0,0.9984102249145508,0.0,0.0,0.0,0.0,0.0,0.0,0.0
0.0,0.0,0.9977102279663086,0.0,0.0,0.0,0.0,0.0,0.0,0.0
0.0,0.0,0.9976024627685547,0.0,0.0,0.0,0.0,0.0,0.0,0.0
0.0,0.0,0.9982500076293945,0.0,0.0,0.0,0.0,0.0,0.0,0.0
0.0,0.0,0.9976835250854492,0.0,0.0,0.0,0.0,0.0,0.0,0.0
0.0,0.0,0.9968128204345703,0.0,0.0,0.0,0.0,0.0,0.0,0.0
0.0,0.0,0.9974098205566406,0.0,0.0,0.0,0.0,0.0,0.0,0.0
0.0,0.0,0.9974260330200195,0.0,0.0,0.0,0.0,0.0,0.0,0.0
0.0,0.0,0.9974184036254883,0.0,0.0,0.0,0.0,0.0,0.0,0.0
0.0,0.0,0.9974794387817383,0.0,0.0,0.0,0.0,0.0,0.0,0.0
0.0,0.0,0.9973821640014648,0.0,0.0,0.0,0.0,0.0,0.0,0.0
0.0,0.0,0.9976663589477539,0.0,0.0,0.0,0.0,0.0,0.0,0.0
0.0,0.0,0.9982681274414062,0.0,0.0,0.0,0.0,0.0,0.0,0.0
0.0,0.0,0.9982519149780273,0.0,0.0,0.0,0.0,0.0,0.0,0.0
0.0,0.0,0.9979305267333984,0.0,0.0,0.0,0.0,0.0,0.0,0.0
0.0,0.0,0.9977531433105469,0.0,0.0,0.0,0.0,0.0,0.0,0.0
0.0,0.0,0.9973373413085938,0.0,0.0,0.0,0.0,0.0,0.0,0.0
0.0,0.0,0.9977083206176758,0.0,0.0,0.0,0.0,0.0,0.0,0.0
0.0,0.0,0.9975004196166992,0.0,0.0,0.0,0.0,0.0,0.0,0.0
0.0,0.0,0.9983463287353516,0.0,0.0,0.0,0.0,0.0,0.0,0.0
0.0,0.0,0.997685432434082,0.0,0.0,0.0,0.0,0.0,0.0,0.0
0.0,0.0,0.9932708740234375,0.0,0.0,0.0,0.0,0.0,0.0,0.0
0.0,0.0,0.998295783996582,0.0,0.0,0.0,0.0,0.0,0.0,0.0
0.0,0.0,0.9975976943969727,0.0,0.0,0.0,0.0,0.0,0.0,0.0
0.0,0.0,0.998377799987793,0.0,0.0,0.0,0.0,0.0,0.0,0.0
0.0,0.0,0.9983301162719727,0.0,0.0,0.0,0.0,0.0,0.0,0.0
0.0,0.0,0.9969015121459961,0.0,0.0,0.0,0.0,0.0,0.0,0.0
0.0,0.0,0.9929475784301758,0.0,0.0,0.0,0.0,0.0,0.0,0.0
0.0,0.0,0.9976625442504883,0.0,0.0,0.0,0.0,0.0,0.0,0.0
0.0,0.0,0.9977207183837891,0.0,0.0,0.0,0.0,0.0,0.0,0.0
0.0,0.0,0.997370719909668,0.0,0.0,0.0,0.0,0.0,0.0,0.0
0.0,0.0,0.9814777374267578,0.0,0.0,0.0,0.0,0.0,0.0,0.0
0.0,0.0,0.9954681396484375,0.0,0.0,0.0,0.0,0.0,0.0,0.0
0.0,0.0,0.9960994720458984,0.0,0.0,0.0,0.0,0.0,0.0,0.0
0.0,0.0,0.9953994750976562,0.0,0.0,0.0,0.0,0.0,0.0,0.0
0.0,0.0,0.9971399307250977,0.0,0.0,0.0,0.0,0.0,0.0,0.0
0.0,0.0,0.9944067001342773,0.0,0.0,0.0,0.0,0.0,0.0,0.0
0.0,0.0,0.9975996017456055,0.0,0.0,0.0,0.0,0.0,0.0,0.0
0.0,0.0,0.9976205825805664,0.0,0.0,0.0,0.0,0.0,0.0,0.0
0.0,0.0,0.9974899291992188,0.0,0.0,0.0,0.0,0.0,0.0,0.0
0.0,0.0,0.9975032806396484,0.0,0.0,0.0,0.0,0.0,0.0,0.0
0.0,0.0,0.9971027374267578,0.0,0.0,0.0,0.0,0.0,0.0,0.0
0.0,0.0,0.9950132369995117,0.0,0.0,0.0,0.0,0.0,0.0,0.0
0.0,0.0,0.9973373413085938,0.0,0.0,0.0,0.0,0.0,0.0,0.0
0.0,0.0,0.9976100921630859,0.0,0.0,0.0,0.0,0.0,0.0,0.0
0.0,0.0,0.997279167175293,0.0,0.0,0.0,0.0,0.0,0.0,0.0
0.0,0.0,0.9972610473632812,0.0,0.0,0.0,0.0,0.0,0.0,0.0
0.0,0.0,0.9971942901611328,0.0,0.0,0.0,0.0,0.0,0.0,0.0
0.0,0.0,0.9978914260864258,0.0,0.0,0.0,0.0,0.0,0.0,0.0
0.0,0.0,0.9976472854614258,0.0,0.0,0.0,0.0,0.0,0.0,0.0
0.0,0.0,0.9978036880493164,0.0,0.0,0.0,0.0,0.0,0.0,0.0
0.0,0.0,0.9974279403686523,0.0,0.0,0.0,0.0,0.0,0.0,0.0
0.0,0.0,0.9976987838745117,0.0,0.0,0.0,0.0,0.0,0.0,0.0
0.0,0.0,0.9971046447753906,0.0,0.0,0.0,0.0,0.0,0.0,0.0
0.0,0.0,0.9975862503051758,0.0,0.0,0.0,0.0,0.0,0.0,0.0
0.0,0.0,0.9982023239135742,0.0,0.0,0.0,0.0,0.0,0.0,0.0
0.0,0.0,0.997401237487793,0.0,0.0,0.0,0.0,0.0,0.0,0.0
0.0,0.0,0.9976797103881836,0.0,0.0,0.0,0.0,0.0,0.0,0.0
0.0,0.0,0.9938201904296875,0.0,0.0,0.0,0.0,0.0,0.0,0.0
0.0,0.0,0.9971790313720703,0.0,0.0,0.0,0.0,0.0,0.0,0.0
0.0,0.0,0.9843254089355469,0.0,0.0,0.0,0.0,0.0,0.0,0.0
0.0,0.0,0.9970998764038086,0.0,0.0,0.0,0.0,0.0,0.0,0.0
0.0,0.0,0.9978532791137695,0.0,0.0,0.0,0.0,0.0,0.0,0.0
0.0,0.0,0.9975900650024414,0.0,0.0,0.0,0.0,0.0,0.0,0.0
0.0,0.0,0.9976949691772461,0.0,0.0,0.0,0.0,0.0,0.0,0.0
0.0,0.0,0.9975728988647461,0.0,0.0,0.0,0.0,0.0,0.0,0.0
0.0,0.0,0.9976625442504883,0.0,0.0,0.0,0.0,0.0,0.0,0.0
0.0,0.0,0.9974384307861328,0.0,0.0,0.0,0.0,0.0,0.0,0.0
0.0,0.0,0.9976091384887695,0.0,0.0,0.0,0.0,0.0,0.0,0.0
0.0,0.0,0.9969644546508789,0.0,0.0,0.0,0.0,0.0,0.0,0.0
0.0,0.0,0.9976158142089844,0.0,0.0,0.0,0.0,0.0,0.0,0.0
0.0,0.0,0.9984169006347656,0.0,0.0,0.0,0.0,0.0,0.0,0.0
0.0,0.0,0.9976940155029297,0.0,0.0,0.0,0.0,0.0,0.0,0.0
0.0,0.0,0.9974021911621094,0.0,0.0,0.0,0.0,0.0,0.0,0.0
0.0,0.0,0.9976921081542969,0.0,0.0,0.0,0.0,0.0,0.0,0.0
0.0,0.0,0.9979429244995117,0.0,0.0,0.0,0.0,0.0,0.0,0.0
0.0,0.0,0.9973630905151367,0.0,0.0,0.0,0.0,0.0,0.0,0.0
0.0,0.0,0.9977741241455078,0.0,0.0,0.0,0.0,0.0,0.0,0.0
0.0,0.0,0.9977493286132812,0.0,0.0,0.0,0.0,0.0,0.0,0.0
0.0,0.0,0.9977970123291016,0.0,0.0,0.0,0.0,0.0,0.0,0.0
0.0,0.0,0.9977693557739258,0.0,0.0,0.0,0.0,0.0,0.0,0.0
0.0,0.0,0.9972381591796875,0.0,0.0,0.0,0.0,0.0,0.0,0.0
0.0,0.0,0.99774169921875,0.0,0.0,0.0,0.0,0.0,0.0,0.0
0.0,0.0,0.9974422454833984,0.0,0.0,0.0,0.0,0.0,0.0,0.0
0.0,0.0,0.9977693557739258,0.0,0.0,0.0,0.0,0.0,0.0,0.0
0.0,0.0,0.9976482391357422,0.0,0.0,0.0,0.0,0.0,0.0,0.0
0.0,0.0,0.9974966049194336,0.0,0.0,0.0,0.0,0.0,0.0,0.0
0.0,0.0,0.9976825714111328,0.0,0.0,0.0,0.0,0.0,0.0,0.0
0.0,0.0,0.997589111328125,0.0,0.0,0.0,0.0,0.0,0.0,0.0
0.0,0.0,0.9975309371948242,0.0,0.0,0.0,0.0,0.0,0.0,0.0
0.0,0.0,0.9975824356079102,0.0,0.0,0.0,0.0,0.0,0.0,0.0
0.0,0.0,0.9967803955078125,0.0,0.0,0.0,0.0,0.0,0.0,0.0
0.0,0.0,0.998382568359375,0.0,0.0,0.0,0.0,0.0,0.0,0.0
0.0,0.0,0.9977731704711914,0.0,0.0,0.0,0.0,0.0,0.0,0.0
0.0,0.0,0.9978237152099609,0.0,0.0,0.0,0.0,0.0,0.0,0.0
0.0,0.0,0.9975566864013672,0.0,0.0,0.0,0.0,0.0,0.0,0.0
0.0,0.0,0.997706413269043,0.0,0.0,0.0,0.0,0.0,0.0,0.0
0.0,0.0,0.998347282409668,0.0,0.0,0.0,0.0,0.0,0.0,0.0
0.0,0.0,0.9905834197998047,0.0,0.0,0.0,0.0,0.0,0.0,0.0
0.0,0.0,0.997349739074707,0.0,0.0,0.0,0.0,0.0,0.0,0.0
0.0,0.0,0.9971885681152344,0.0,0.0,0.0,0.0,0.0,0.0,0.0
0.0,0.0,0.9973993301391602,0.0,0.0,0.0,0.0,0.0,0.0,0.0
0.0,0.0,0.998046875,0.0,0.0,0.0,0.0,0.0,0.0,0.0
0.0,0.0,0.99761962890625,0.0,0.0,0.0,0.0,0.0,0.0,0.0
0.0,0.0,0.9972352981567383,0.0,0.0,0.0,0.0,0.0,0.0,0.0
0.0,0.0,0.9972934722900391,0.0,0.0,0.0,0.0,0.0,0.0,0.0
0.0,0.0,0.9977407455444336,0.0,0.0,0.0,0.0,0.0,0.0,0.0
0.0,0.0,0.9981756210327148,0.0,0.0,0.0,0.0,0.0,0.0,0.0
0.0,0.0,0.9977598190307617,0.0,0.0,0.0,0.0,0.0,0.0,0.0
0.0,0.0,0.9972925186157227,0.0,0.0,0.0,0.0,0.0,0.0,0.0
0.0,0.0,0.9971408843994141,0.0,0.0,0.0,0.0,0.0,0.0,0.0
0.0,0.0,0.9977350234985352,0.0,0.0,0.0,0.0,0.0,0.0,0.0
0.0,0.0,0.9982423782348633,0.0,0.0,0.0,0.0,0.0,0.0,0.0
0.0,0.0,0.997706413269043,0.0,0.0,0.0,0.0,0.0,0.0,0.0
0.0,0.0,0.9979381561279297,0.0,0.0,0.0,0.0,0.0,0.0,0.0
0.0,0.0,0.9974594116210938,0.0,0.0,0.0,0.0,0.0,0.0,0.0
0.0,0.0,0.9982404708862305,0.0,0.0,0.0,0.0,0.0,0.0,0.0
0.0,0.0,0.9973554611206055,0.0,0.0,0.0,0.0,0.0,0.0,0.0
0.0,0.0,0.9970455169677734,0.0,0.0,0.0,0.0,0.0,0.0,0.0
0.0,0.0,0.9988002777099609,0.0,0.0,0.0,0.0,0.0,0.0,0.0
0.0,0.0,0.9979181289672852,0.0,0.0,0.0,0.0,0.0,0.0,0.0
0.0,0.0,0.9968662261962891,0.0,0.0,0.0,0.0,0.0,0.0,0.0
0.0,0.0,0.9973039627075195,0.0,0.0,0.0,0.0,0.0,0.0,0.0
0.0,0.0,0.9973640441894531,0.0,0.0,0.0,0.0,0.0,0.0,0.0
0.0,0.0,0.9979352951049805,0.0,0.0,0.0,0.0,0.0,0.0,0.0
0.0,0.0,0.997218132019043,0.0,0.0,0.0,0.0,0.0,0.0,0.0
0.0,0.0,0.9969682693481445,0.0,0.0,0.0,0.0,0.0,0.0,0.0
0.0,0.0,0.9967508316040039,0.0,0.0,0.0,0.0,0.0,0.0,0.0
0.0,0.0,0.997593879699707,0.0,0.0,0.0,0.0,0.0,0.0,0.0
0.0,0.0,0.9979190826416016,0.0,0.0,0.0,0.0,0.0,0.0,0.0
0.0,0.0,0.9967279434204102,0.0,0.0,0.0,0.0,0.0,0.0,0.0
0.0,0.0,0.9970836639404297,0.0,0.0,0.0,0.0,0.0,0.0,0.0
0.0,0.0,0.9981231689453125,0.0,0.0,0.0,0.0,0.0,0.0,0.0
0.0,0.0,0.9973840713500977,0.0,0.0,0.0,0.0,0.0,0.0,0.0
0.0,0.0,0.9976797103881836,0.0,0.0,0.0,0.0,0.0,0.0,0.0
0.0,0.0,0.9981803894042969,0.0,0.0,0.0,0.0,0.0,0.0,0.0
0.0,0.0,0.9978923797607422,0.0,0.0,0.0,0.0,0.0,0.0,0.0
0.0,0.0,0.9987268447875977,0.0,0.0,0.0,0.0,0.0,0.0,0.0
0.0,0.0,0.9989538192749023,0.0,0.0,0.0,0.0,0.0,0.0,0.0
0.0,0.0,0.9988002777099609,0.0,0.0,0.0,0.0,0.0,0.0,0.0
0.0,0.0,0.9994010925292969,0.0,0.0,0.0,0.0,0.0,0.0,0.0
0.0,0.0,0.9984836578369141,0.0,0.0,0.0,0.0,0.0,0.0,0.0
0.0,0.0,0.9990730285644531,0.0,0.0,0.0,0.0,0.0,0.0,0.0
0.0,0.0,0.9983730316162109,0.0,0.0,0.0,0.0,0.0,0.0,0.0
0.0,0.0,0.9966001510620117,0.0,0.0,0.0,0.0,0.0,0.0,0.0
0.0,0.0,0.9984245300292969,0.0,0.0,0.0,0.0,0.0,0.0,0.0
0.0,0.0,0.9979829788208008,0.0,0.0,0.0,0.0,0.0,0.0,0.0
0.0,0.0,0.9980478286743164,0.0,0.0,0.0,0.0,0.0,0.0,0.0
0.0,0.0,0.9993314743041992,0.0,0.0,0.0,0.0,0.0,0.0,0.0
0.0,0.0,0.999232292175293,0.0,0.0,0.0,0.0,0.0,0.0,0.0
0.0,0.0,0.9987688064575195,0.0,0.0,0.0,0.0,0.0,0.0,0.0
0.0,0.0,0.9988937377929688,0.0,0.0,0.0,0.0,0.0,0.0,0.0
0.0,0.0,0.9985618591308594,0.0,0.0,0.0,0.0,0.0,0.0,0.0
0.0,0.0,0.9991378784179688,0.0,0.0,0.0,0.0,0.0,0.0,0.0
0.0,0.0,0.9963207244873047,0.0,0.0,0.0,0.0,0.0,0.0,0.0
0.0,0.0,0.9960117340087891,0.0,0.0,0.0,0.0,0.0,0.0,0.0
0.0,0.0,0.9964876174926758,0.0,0.0,0.0,0.0,0.0,0.0,0.0
0.0,0.0,0.9973077774047852,0.0,0.0,0.0,0.0,0.0,0.0,0.0
0.0,0.0,0.9972467422485352,0.0,0.0,0.0,0.0,0.0,0.0,0.0
0.0,0.0,0.9944353103637695,0.0,0.0,0.0,0.0,0.0,0.0,0.0
0.0,0.0,0.9975185394287109,0.0,0.0,0.0,0.0,0.0,0.0,0.0
0.0,0.0,0.9974851608276367,0.0,0.0,0.0,0.0,0.0,0.0,0.0
0.0,0.0,0.9972963333129883,0.0,0.0,0.0,0.0,0.0,0.0,0.0
0.0,0.0,0.9975519180297852,0.0,0.0,0.0,0.0,0.0,0.0,0.0
0.0,0.0,0.997502326965332,0.0,0.0,0.0,0.0,0.0,0.0,0.0
0.0,0.0,0.9971370697021484,0.0,0.0,0.0,0.0,0.0,0.0,0.0
0.0,0.0,0.997344970703125,0.0,0.0,0.0,0.0,0.0,0.0,0.0
0.0,0.0,0.9974384307861328,0.0,0.0,0.0,0.0,0.0,0.0,0.0
0.0,0.0,0.9974126815795898,0.0,0.0,0.0,0.0,0.0,0.0,0.0
0.0,0.0,0.9971857070922852,0.0,0.0,0.0,0.0,0.0,0.0,0.0
0.0,0.0,0.9975166320800781,0.0,0.0,0.0,0.0,0.0,0.0,0.0
0.0,0.0,0.9972734451293945,0.0,0.0,0.0,0.0,0.0,0.0,0.0
0.0,0.0,0.9973897933959961,0.0,0.0,0.0,0.0,0.0,0.0,0.0
0.0,0.0,0.9975166320800781,0.0,0.0,0.0,0.0,0.0,0.0,0.0
0.0,0.0,0.9974918365478516,0.0,0.0,0.0,0.0,0.0,0.0,0.0
0.0,0.0,0.9980983734130859,0.0,0.0,0.0,0.0,0.0,0.0,0.0
0.0,0.0,0.9975261688232422,0.0,0.0,0.0,0.0,0.0,0.0,0.0
0.0,0.0,0.9974355697631836,0.0,0.0,0.0,0.0,0.0,0.0,0.0
0.0,0.0,0.9975271224975586,0.0,0.0,0.0,0.0,0.0,0.0,0.0
0.0,0.0,0.9977016448974609,0.0,0.0,0.0,0.0,0.0,0.0,0.0
0.0,0.0,0.99761962890625,0.0,0.0,0.0,0.0,0.0,0.0,0.0
0.0,0.0,0.9974651336669922,0.0,0.0,0.0,0.0,0.0,0.0,0.0
0.0,0.0,0.9974727630615234,0.0,0.0,0.0,0.0,0.0,0.0,0.0
0.0,0.0,0.9972906112670898,0.0,0.0,0.0,0.0,0.0,0.0,0.0
0.0,0.0,0.9976396560668945,0.0,0.0,0.0,0.0,0.0,0.0,0.0
0.0,0.0,0.9975967407226562,0.0,0.0,0.0,0.0,0.0,0.0,0.0
0.0,0.0,0.9973526000976562,0.0,0.0,0.0,0.0,0.0,0.0,0.0
0.0,0.0,0.997859001159668,0.0,0.0,0.0,0.0,0.0,0.0,0.0
0.0,0.0,0.9974632263183594,0.0,0.0,0.0,0.0,0.0,0.0,0.0
0.0,0.0,0.9974451065063477,0.0,0.0,0.0,0.0,0.0,0.0,0.0
0.0,0.0,0.9974403381347656,0.0,0.0,0.0,0.0,0.0,0.0,0.0
0.0,0.0,0.9975223541259766,0.0,0.0,0.0,0.0,0.0,0.0,0.0
0.0,0.0,0.9975309371948242,0.0,0.0,0.0,0.0,0.0,0.0,0.0
0.0,0.0,0.9975204467773438,0.0,0.0,0.0,0.0,0.0,0.0,0.0
0.0,0.0,0.9975366592407227,0.0,0.0,0.0,0.0,0.0,0.0,0.0
0.0,0.0,0.9974126815795898,0.0,0.0,0.0,0.0,0.0,0.0,0.0
0.0,0.0,0.9975795745849609,0.0,0.0,0.0,0.0,0.0,0.0,0.0
0.0,0.0,0.9976291656494141,0.0,0.0,0.0,0.0,0.0,0.0,0.0
0.0,0.0,0.9973363876342773,0.0,0.0,0.0,0.0,0.0,0.0,0.0
0.0,0.0,0.9976882934570312,0.0,0.0,0.0,0.0,0.0,0.0,0.0
0.0,0.0,0.9977483749389648,0.0,0.0,0.0,0.0,0.0,0.0,0.0
0.0,0.0,0.9975728988647461,0.0,0.0,0.0,0.0,0.0,0.0,0.0
0.5935228023793787,0.7449191206968063,0.9994134902954102,0.8345724907063197,0.6726591760299625,0.5935228023793787,0.7449191206968063,0.8345724907063197,0.6726591760299625,1.0
0.0,0.0,0.9975681304931641,0.0,0.0,0.0,0.0,0.0,0.0,0.0
0.0,0.0,0.9975748062133789,0.0,0.0,0.0,0.0,0.0,0.0,0.0
0.0,0.0,0.9972286224365234,0.0,0.0,0.0,0.0,0.0,0.0,0.0
0.0,0.0,0.9976825714111328,0.0,0.0,0.0,0.0,0.0,0.0,0.0
0.0,0.0,0.9977140426635742,0.0,0.0,0.0,0.0,0.0,0.0,0.0
0.0,0.0,0.9975109100341797,0.0,0.0,0.0,0.0,0.0,0.0,0.0
0.0,0.0,0.9973039627075195,0.0,0.0,0.0,0.0,0.0,0.0,0.0
0.0,0.0,0.9974594116210938,0.0,0.0,0.0,0.0,0.0,0.0,0.0
0.0,0.0,0.99761962890625,0.0,0.0,0.0,0.0,0.0,0.0,0.0
0.0,0.0,0.9973583221435547,0.0,0.0,0.0,0.0,0.0,0.0,0.0
0.0,0.0,0.9975433349609375,0.0,0.0,0.0,0.0,0.0,0.0,0.0
0.0,0.0,0.997035026550293,0.0,0.0,0.0,0.0,0.0,0.0,0.0
0.0,0.0,0.9975013732910156,0.0,0.0,0.0,0.0,0.0,0.0,0.0
0.0,0.0,0.9976730346679688,0.0,0.0,0.0,0.0,0.0,0.0,0.0
0.0,0.0,0.9976034164428711,0.0,0.0,0.0,0.0,0.0,0.0,0.0
0.0,0.0,0.9976778030395508,0.0,0.0,0.0,0.0,0.0,0.0,0.0
0.0,0.0,0.9975662231445312,0.0,0.0,0.0,0.0,0.0,0.0,0.0
0.0,0.0,0.9975614547729492,0.0,0.0,0.0,0.0,0.0,0.0,0.0
0.0,0.0,0.9976034164428711,0.0,0.0,0.0,0.0,0.0,0.0,0.0
0.0,0.0,0.9976177215576172,0.0,0.0,0.0,0.0,0.0,0.0,0.0
0.0,0.0,0.9962921142578125,0.0,0.0,0.0,0.0,0.0,0.0,0.0
0.0,0.0,0.9975099563598633,0.0,0.0,0.0,0.0,0.0,0.0,0.0
0.0,0.0,0.9974641799926758,0.0,0.0,0.0,0.0,0.0,0.0,0.0
0.0,0.0,0.9974269866943359,0.0,0.0,0.0,0.0,0.0,0.0,0.0
0.0,0.0,0.9977636337280273,0.0,0.0,0.0,0.0,0.0,0.0,0.0
0.0,0.0,0.9982109069824219,0.0,0.0,0.0,0.0,0.0,0.0,0.0
0.0,0.0,0.9974365234375,0.0,0.0,0.0,0.0,0.0,0.0,0.0
0.0,0.0,0.9982576370239258,0.0,0.0,0.0,0.0,0.0,0.0,0.0
0.0,0.0,0.9975500106811523,0.0,0.0,0.0,0.0,0.0,0.0,0.0
0.0,0.0,0.9974851608276367,0.0,0.0,0.0,0.0,0.0,0.0,0.0
0.0,0.0,0.8258571624755859,0.0,0.0,0.0,0.0,0.0,0.0,0.0
0.0,0.0,0.852726936340332,0.0,0.0,0.0,0.0,0.0,0.0,0.0
0.0,0.0,0.8580551147460938,0.0,0.0,0.0,0.0,0.0,0.0,0.0
0.0,0.0,0.8595170974731445,0.0,0.0,0.0,0.0,0.0,0.0,0.0
0.0,0.0,0.8615350723266602,0.0,0.0,0.0,0.0,0.0,0.0,0.0
0.0,0.0,0.9952516555786133,0.0,0.0,0.0,0.0,0.0,0.0,0.0
0.0,0.0,0.995671272277832,0.0,0.0,0.0,0.0,0.0,0.0,0.0
0.0,0.0,0.9976387023925781,0.0,0.0,0.0,0.0,0.0,0.0,0.0
0.0,0.0,0.9971580505371094,0.0,0.0,0.0,0.0,0.0,0.0,0.0
0.0,0.0,0.9955606460571289,0.0,0.0,0.0,0.0,0.0,0.0,0.0
0.0,0.0,0.997563362121582,0.0,0.0,0.0,0.0,0.0,0.0,0.0
0.0,0.0,0.997624397277832,0.0,0.0,0.0,0.0,0.0,0.0,0.0
0.0,0.0,0.9971199035644531,0.0,0.0,0.0,0.0,0.0,0.0,0.0
0.0,0.0,0.9972572326660156,0.0,0.0,0.0,0.0,0.0,0.0,0.0
0.0,0.0,0.9972352981567383,0.0,0.0,0.0,0.0,0.0,0.0,0.0
0.0,0.0,0.9981069564819336,0.0,0.0,0.0,0.0,0.0,0.0,0.0
0.0,0.0,0.9984560012817383,0.0,0.0,0.0,0.0,0.0,0.0,0.0
0.0,0.0,0.9981861114501953,0.0,0.0,0.0,0.0,0.0,0.0,0.0
0.0,0.0,0.9663906097412109,0.0,0.0,0.0,0.0,0.0,0.0,0.0
0.0,0.0,0.9973373413085938,0.0,0.0,0.0,0.0,0.0,0.0,0.0
0.0,0.0,0.9972457885742188,0.0,0.0,0.0,0.0,0.0,0.0,0.0
0.0,0.0,0.9983406066894531,0.0,0.0,0.0,0.0,0.0,0.0,0.0
0.0,0.0,0.9982547760009766,0.0,0.0,0.0,0.0,0.0,0.0,0.0
0.0,0.0,0.9973430633544922,0.0,0.0,0.0,0.0,0.0,0.0,0.0
0.8153078202995009,0.8982584784601283,0.9997882843017578,0.9839357429718876,0.8263069139966274,0.8153078202995009,0.8982584784601283,0.9839357429718876,0.8263069139966274,1.0
0.0,0.0,0.9983072280883789,0.0,0.0,0.0,0.0,0.0,0.0,0.0
0.0,0.0,0.9971160888671875,0.0,0.0,0.0,0.0,0.0,0.0,0.0
0.0,0.0,0.9869318008422852,0.0,0.0,0.0,0.0,0.0,0.0,0.0
0.0,0.0,0.9957761764526367,0.0,0.0,0.0,0.0,0.0,0.0,0.0
0.0,0.0,0.998173713684082,0.0,0.0,0.0,0.0,0.0,0.0,0.0
0.0,0.0,0.9981842041015625,0.0,0.0,0.0,0.0,0.0,0.0,0.0
0.0,0.0,0.9926519393920898,0.0,0.0,0.0,0.0,0.0,0.0,0.0
0.0,0.0,0.9784660339355469,0.0,0.0,0.0,0.0,0.0,0.0,0.0
0.0,0.0,0.9990978240966797,0.0,0.0,0.0,0.0,0.0,0.0,0.0
0.0,0.0,0.9976034164428711,0.0,0.0,0.0,0.0,0.0,0.0,0.0
0.0,0.0,0.9965715408325195,0.0,0.0,0.0,0.0,0.0,0.0,0.0
0.0,0.0,0.9986295700073242,0.0,0.0,0.0,0.0,0.0,0.0,0.0
0.0,0.0,0.9983978271484375,0.0,0.0,0.0,0.0,0.0,0.0,0.0
0.0,0.0,0.9982471466064453,0.0,0.0,0.0,0.0,0.0,0.0,0.0
0.0,0.0,0.998631477355957,0.0,0.0,0.0,0.0,0.0,0.0,0.0
0.0,0.0,0.9991092681884766,0.0,0.0,0.0,0.0,0.0,0.0,0.0
0.0,0.0,0.9954662322998047,0.0,0.0,0.0,0.0,0.0,0.0,0.0
0.0,0.0,0.9985380172729492,0.0,0.0,0.0,0.0,0.0,0.0,0.0
0.0,0.0,0.9983739852905273,0.0,0.0,0.0,0.0,0.0,0.0,0.0
0.0,0.0,0.998713493347168,0.0,0.0,0.0,0.0,0.0,0.0,0.0
0.0,0.0,0.9979934692382812,0.0,0.0,0.0,0.0,0.0,0.0,0.0
0.0,0.0,0.9989490509033203,0.0,0.0,0.0,0.0,0.0,0.0,0.0
0.0,0.0,0.9987001419067383,0.0,0.0,0.0,0.0,0.0,0.0,0.0
0.0,0.0,0.9996566772460938,0.0,0.0,0.0,0.0,0.0,0.0,0.0
0.0,0.0,0.9984569549560547,0.0,0.0,0.0,0.0,0.0,0.0,0.0
0.0,0.0,0.9982423782348633,0.0,0.0,0.0,0.0,0.0,0.0,0.0
0.0,0.0,0.9984750747680664,0.0,0.0,0.0,0.0,0.0,0.0,0.0
0.0,0.0,0.9973993301391602,0.0,0.0,0.0,0.0,0.0,0.0,0.0
0.0,0.0,0.9985189437866211,0.0,0.0,0.0,0.0,0.0,0.0,0.0
0.0,0.0,0.9994087219238281,0.0,0.0,0.0,0.0,0.0,0.0,0.0
0.0,0.0,0.9987859725952148,0.0,0.0,0.0,0.0,0.0,0.0,0.0
0.0,0.0,0.9985895156860352,0.0,0.0,0.0,0.0,0.0,0.0,0.0
0.0,0.0,0.9987277984619141,0.0,0.0,0.0,0.0,0.0,0.0,0.0
0.0,0.0,0.9987773895263672,0.0,0.0,0.0,0.0,0.0,0.0,0.0
0.0,0.0,0.9995565414428711,0.0,0.0,0.0,0.0,0.0,0.0,0.0
0.0,0.0,0.9979925155639648,0.0,0.0,0.0,0.0,0.0,0.0,0.0
0.0,0.0,0.9995079040527344,0.0,0.0,0.0,0.0,0.0,0.0,0.0
0.0,0.0,0.9984951019287109,0.0,0.0,0.0,0.0,0.0,0.0,0.0
0.0,0.0,0.9982776641845703,0.0,0.0,0.0,0.0,0.0,0.0,0.0
0.0,0.0,0.9987783432006836,0.0,0.0,0.0,0.0,0.0,0.0,0.0
0.0,0.0,0.9991083145141602,0.0,0.0,0.0,0.0,0.0,0.0,0.0
0.0,0.0,0.9992313385009766,0.0,0.0,0.0,0.0,0.0,0.0,0.0
0.0,0.0,0.9988231658935547,0.0,0.0,0.0,0.0,0.0,0.0,0.0
0.0,0.0,0.9990758895874023,0.0,0.0,0.0,0.0,0.0,0.0,0.0
0.0,0.0,0.9982814788818359,0.0,0.0,0.0,0.0,0.0,0.0,0.0
0.0,0.0,0.9985466003417969,0.0,0.0,0.0,0.0,0.0,0.0,0.0
0.0,0.0,0.999476432800293,0.0,0.0,0.0,0.0,0.0,0.0,0.0
0.0,0.0,0.9994344711303711,0.0,0.0,0.0,0.0,0.0,0.0,0.0
0.0,0.0,0.9988183975219727,0.0,0.0,0.0,0.0,0.0,0.0,0.0
0.0,0.0,0.9984531402587891,0.0,0.0,0.0,0.0,0.0,0.0,0.0
0.0,0.0,0.9986486434936523,0.0,0.0,0.0,0.0,0.0,0.0,0.0
0.0,0.0,0.9988746643066406,0.0,0.0,0.0,0.0,0.0,0.0,0.0
0.0,0.0,0.9995698928833008,0.0,0.0,0.0,0.0,0.0,0.0,0.0
0.0,0.0,0.9981298446655273,0.0,0.0,0.0,0.0,0.0,0.0,0.0
0.0,0.0,0.9985685348510742,0.0,0.0,0.0,0.0,0.0,0.0,0.0
0.0,0.0,0.998530387878418,0.0,0.0,0.0,0.0,0.0,0.0,0.0
0.0,0.0,0.9990301132202148,0.0,0.0,0.0,0.0,0.0,0.0,0.0
0.0,0.0,0.9979009628295898,0.0,0.0,0.0,0.0,0.0,0.0,0.0
0.0,0.0,0.9988079071044922,0.0,0.0,0.0,0.0,0.0,0.0,0.0
0.0,0.0,0.9983139038085938,0.0,0.0,0.0,0.0,0.0,0.0,0.0
0.0,0.0,0.9987974166870117,0.0,0.0,0.0,0.0,0.0,0.0,0.0
0.0,0.0,0.9987049102783203,0.0,0.0,0.0,0.0,0.0,0.0,0.0
0.0,0.0,0.9984312057495117,0.0,0.0,0.0,0.0,0.0,0.0,0.0
0.0,0.0,0.9985437393188477,0.0,0.0,0.0,0.0,0.0,0.0,0.0
0.0,0.0,0.9985666275024414,0.0,0.0,0.0,0.0,0.0,0.0,0.0
0.0,0.0,0.9995956420898438,0.0,0.0,0.0,0.0,0.0,0.0,0.0
0.0,0.0,0.9988937377929688,0.0,0.0,0.0,0.0,0.0,0.0,0.0
0.0,0.0,0.9987726211547852,0.0,0.0,0.0,0.0,0.0,0.0,0.0
0.0,0.0,0.9990005493164062,0.0,0.0,0.0,0.0,0.0,0.0,0.0
0.0,0.0,0.9988288879394531,0.0,0.0,0.0,0.0,0.0,0.0,0.0
0.0,0.0,0.9985446929931641,0.0,0.0,0.0,0.0,0.0,0.0,0.0
0.0,0.0,0.9986171722412109,0.0,0.0,0.0,0.0,0.0,0.0,0.0
0.0,0.0,0.9995994567871094,0.0,0.0,0.0,0.0,0.0,0.0,0.0
0.0,0.0,0.9994573593139648,0.0,0.0,0.0,0.0,0.0,0.0,0.0
0.0,0.0,0.9984874725341797,0.0,0.0,0.0,0.0,0.0,0.0,0.0
0.0,0.0,0.9988031387329102,0.0,0.0,0.0,0.0,0.0,0.0,0.0
0.0,0.0,0.9986820220947266,0.0,0.0,0.0,0.0,0.0,0.0,0.0
0.0,0.0,0.9984264373779297,0.0,0.0,0.0,0.0,0.0,0.0,0.0
0.0,0.0,0.9983997344970703,0.0,0.0,0.0,0.0,0.0,0.0,0.0
0.0,0.0,0.9948816299438477,0.0,0.0,0.0,0.0,0.0,0.0,0.0
0.0,0.0,0.9989099502563477,0.0,0.0,0.0,0.0,0.0,0.0,0.0
0.0,0.0,0.9990873336791992,0.0,0.0,0.0,0.0,0.0,0.0,0.0
0.0,0.0,0.9987497329711914,0.0,0.0,0.0,0.0,0.0,0.0,0.0
0.0,0.0,0.9990291595458984,0.0,0.0,0.0,0.0,0.0,0.0,0.0
0.0,0.0,0.9986810684204102,0.0,0.0,0.0,0.0,0.0,0.0,0.0
0.0,0.0,0.9983196258544922,0.0,0.0,0.0,0.0,0.0,0.0,0.0
0.0,0.0,0.9990682601928711,0.0,0.0,0.0,0.0,0.0,0.0,0.0
0.0,0.0,0.9992942810058594,0.0,0.0,0.0,0.0,0.0,0.0,0.0
0.0,0.0,0.9986152648925781,0.0,0.0,0.0,0.0,0.0,0.0,0.0
0.0,0.0,0.9989700317382812,0.0,0.0,0.0,0.0,0.0,0.0,0.0
0.0,0.0,0.9993247985839844,0.0,0.0,0.0,0.0,0.0,0.0,0.0
0.0,0.0,0.9996137619018555,0.0,0.0,0.0,0.0,0.0,0.0,0.0
0.0,0.0,0.9869241714477539,0.0,0.0,0.0,0.0,0.0,0.0,0.0
0.0,0.0,0.9876527786254883,0.0,0.0,0.0,0.0,0.0,0.0,0.0
0.0,0.0,0.9654436111450195,0.0,0.0,0.0,0.0,0.0,0.0,0.0
0.0,0.0,0.987701416015625,0.0,0.0,0.0,0.0,0.0,0.0,0.0
0.0,0.0,0.9917879104614258,0.0,0.0,0.0,0.0,0.0,0.0,0.0
0.0,0.0,0.9913883209228516,0.0,0.0,0.0,0.0,0.0,0.0,0.0
0.0,0.0,0.9866561889648438,0.0,0.0,0.0,0.0,0.0,0.0,0.0
0.0,0.0,0.9966955184936523,0.0,0.0,0.0,0.0,0.0,0.0,0.0
0.0,0.0,0.9984655380249023,0.0,0.0,0.0,0.0,0.0,0.0,0.0
0.0,0.0,0.9987201690673828,0.0,0.0,0.0,0.0,0.0,0.0,0.0
0.0,0.0,0.9972505569458008,0.0,0.0,0.0,0.0,0.0,0.0,0.0
0.0,0.0,0.997401237487793,0.0,0.0,0.0,0.0,0.0,0.0,0.0
0.0,0.0,0.998530387878418,0.0,0.0,0.0,0.0,0.0,0.0,0.0
0.0,0.0,0.9988632202148438,0.0,0.0,0.0,0.0,0.0,0.0,0.0
0.0,0.0,0.9984130859375,0.0,0.0,0.0,0.0,0.0,0.0,0.0
0.0,0.0,0.9976511001586914,0.0,0.0,0.0,0.0,0.0,0.0,0.0
0.0,0.0,0.9980754852294922,0.0,0.0,0.0,0.0,0.0,0.0,0.0
0.0,0.0,0.9986381530761719,0.0,0.0,0.0,0.0,0.0,0.0,0.0
0.0,0.0,0.9982614517211914,0.0,0.0,0.0,0.0,0.0,0.0,0.0
0.0,0.0,0.9977493286132812,0.0,0.0,0.0,0.0,0.0,0.0,0.0
0.0,0.0,0.9982204437255859,0.0,0.0,0.0,0.0,0.0,0.0,0.0
0.0,0.0,0.9983282089233398,0.0,0.0,0.0,0.0,0.0,0.0,0.0
0.0,0.0,0.9983835220336914,0.0,0.0,0.0,0.0,0.0,0.0,0.0
0.0,0.0,0.9984407424926758,0.0,0.0,0.0,0.0,0.0,0.0,0.0
0.0,0.0,0.9979524612426758,0.0,0.0,0.0,0.0,0.0,0.0,0.0
0.0,0.0,0.9986076354980469,0.0,0.0,0.0,0.0,0.0,0.0,0.0
0.0,0.0,0.9972400665283203,0.0,0.0,0.0,0.0,0.0,0.0,0.0
0.0,0.0,0.9975852966308594,0.0,0.0,0.0,0.0,0.0,0.0,0.0
0.0,0.0,0.998469352722168,0.0,0.0,0.0,0.0,0.0,0.0,0.0
0.0,0.0,0.9983863830566406,0.0,0.0,0.0,0.0,0.0,0.0,0.0
0.0,0.0,0.9978933334350586,0.0,0.0,0.0,0.0,0.0,0.0,0.0
0.0,0.0,0.9981718063354492,0.0,0.0,0.0,0.0,0.0,0.0,0.0
0.0,0.0,0.9986763000488281,0.0,0.0,0.0,0.0,0.0,0.0,0.0
0.0,0.0,0.9989767074584961,0.0,0.0,0.0,0.0,0.0,0.0,0.0
0.0,0.0,0.9972038269042969,0.0,0.0,0.0,0.0,0.0,0.0,0.0
0.0,0.0,0.998499870300293,0.0,0.0,0.0,0.0,0.0,0.0,0.0
0.0,0.0,0.9985418319702148,0.0,0.0,0.0,0.0,0.0,0.0,0.0
0.0,0.0,0.9981985092163086,0.0,0.0,0.0,0.0,0.0,0.0,0.0
0.0,0.0,0.9984540939331055,0.0,0.0,0.0,0.0,0.0,0.0,0.0
0.0,0.0,0.9986534118652344,0.0,0.0,0.0,0.0,0.0,0.0,0.0
0.0,0.0,0.9983129501342773,0.0,0.0,0.0,0.0,0.0,0.0,0.0
0.0,0.0,0.9978322982788086,0.0,0.0,0.0,0.0,0.0,0.0,0.0
0.0,0.0,0.998194694519043,0.0,0.0,0.0,0.0,0.0,0.0,0.0
0.0,0.0,0.9983348846435547,0.0,0.0,0.0,0.0,0.0,0.0,0.0
0.0,0.0,0.998082160949707,0.0,0.0,0.0,0.0,0.0,0.0,0.0
0.0,0.0,0.9978208541870117,0.0,0.0,0.0,0.0,0.0,0.0,0.0
0.0,0.0,0.9982099533081055,0.0,0.0,0.0,0.0,0.0,0.0,0.0
0.0,0.0,0.9990177154541016,0.0,0.0,0.0,0.0,0.0,0.0,0.0
0.0,0.0,0.9979114532470703,0.0,0.0,0.0,0.0,0.0,0.0,0.0
0.0,0.0,0.9981184005737305,0.0,0.0,0.0,0.0,0.0,0.0,0.0
0.0,0.0,0.9983587265014648,0.0,0.0,0.0,0.0,0.0,0.0,0.0
0.0,0.0,0.9982824325561523,0.0,0.0,0.0,0.0,0.0,0.0,0.0
0.0,0.0,0.9983329772949219,0.0,0.0,0.0,0.0,0.0,0.0,0.0
0.0,0.0,0.9985733032226562,0.0,0.0,0.0,0.0,0.0,0.0,0.0
0.0,0.0,0.9985322952270508,0.0,0.0,0.0,0.0,0.0,0.0,0.0
0.0,0.0,0.9985313415527344,0.0,0.0,0.0,0.0,0.0,0.0,0.0
0.0,0.0,0.9983634948730469,0.0,0.0,0.0,0.0,0.0,0.0,0.0
0.0,0.0,0.9985818862915039,0.0,0.0,0.0,0.0,0.0,0.0,0.0
0.0,0.0,0.9991073608398438,0.0,0.0,0.0,0.0,0.0,0.0,0.0
0.0,0.0,0.9980831146240234,0.0,0.0,0.0,0.0,0.0,0.0,0.0
0.0,0.0,0.9985065460205078,0.0,0.0,0.0,0.0,0.0,0.0,0.0
0.0,0.0,0.998443603515625,0.0,0.0,0.0,0.0,0.0,0.0,0.0
0.0,0.0,0.9981927871704102,0.0,0.0,0.0,0.0,0.0,0.0,0.0
0.0,0.0,0.9988908767700195,0.0,0.0,0.0,0.0,0.0,0.0,0.0
0.0,0.0,0.9981756210327148,0.0,0.0,0.0,0.0,0.0,0.0,0.0
0.0,0.0,0.9985837936401367,0.0,0.0,0.0,0.0,0.0,0.0,0.0
0.0,0.0,0.9905567169189453,0.0,0.0,0.0,0.0,0.0,0.0,0.0
0.0,0.0,0.9981555938720703,0.0,0.0,0.0,0.0,0.0,0.0,0.0
0.0,0.0,0.9986104965209961,0.0,0.0,0.0,0.0,0.0,0.0,0.0
0.0,0.0,0.9982738494873047,0.0,0.0,0.0,0.0,0.0,0.0,0.0
0.0,0.0,0.9983119964599609,0.0,0.0,0.0,0.0,0.0,0.0,0.0
0.0,0.0,0.9984321594238281,0.0,0.0,0.0,0.0,0.0,0.0,0.0
0.0,0.0,0.9982767105102539,0.0,0.0,0.0,0.0,0.0,0.0,0.0
0.0,0.0,0.9982852935791016,0.0,0.0,0.0,0.0,0.0,0.0,0.0
0.0,0.0,0.9977617263793945,0.0,0.0,0.0,0.0,0.0,0.0,0.0
0.0,0.0,0.9992408752441406,0.0,0.0,0.0,0.0,0.0,0.0,0.0
0.0,0.0,0.9984903335571289,0.0,0.0,0.0,0.0,0.0,0.0,0.0
0.0,0.0,0.9987316131591797,0.0,0.0,0.0,0.0,0.0,0.0,0.0
0.0,0.0,0.9983062744140625,0.0,0.0,0.0,0.0,0.0,0.0,0.0
0.0,0.0,0.9990501403808594,0.0,0.0,0.0,0.0,0.0,0.0,0.0
0.0,0.0,0.9987773895263672,0.0,0.0,0.0,0.0,0.0,0.0,0.0
0.0,0.0,0.9980554580688477,0.0,0.0,0.0,0.0,0.0,0.0,0.0
0.0,0.0,0.9985971450805664,0.0,0.0,0.0,0.0,0.0,0.0,0.0
0.0,0.0,0.9982490539550781,0.0,0.0,0.0,0.0,0.0,0.0,0.0
0.0,0.0,0.9990901947021484,0.0,0.0,0.0,0.0,0.0,0.0,0.0
0.0,0.0,0.998779296875,0.0,0.0,0.0,0.0,0.0,0.0,0.0
0.0,0.0,0.9988775253295898,0.0,0.0,0.0,0.0,0.0,0.0,0.0
0.0,0.0,0.9984130859375,0.0,0.0,0.0,0.0,0.0,0.0,0.0
0.0,0.0,0.9984245300292969,0.0,0.0,0.0,0.0,0.0,0.0,0.0
0.0,0.0,0.9987039566040039,0.0,0.0,0.0,0.0,0.0,0.0,0.0
0.0,0.0,0.9991168975830078,0.0,0.0,0.0,0.0,0.0,0.0,0.0
0.0,0.0,0.9842777252197266,0.0,0.0,0.0,0.0,0.0,0.0,0.0
0.0,0.0,0.9768247604370117,0.0,0.0,0.0,0.0,0.0,0.0,0.0
0.0,0.0,0.9847383499145508,0.0,0.0,0.0,0.0,0.0,0.0,0.0
0.0,0.0,0.9925508499145508,0.0,0.0,0.0,0.0,0.0,0.0,0.0
0.0,0.0,0.9939327239990234,0.0,0.0,0.0,0.0,0.0,0.0,0.0
0.0,0.0,0.9921951293945312,0.0,0.0,0.0,0.0,0.0,0.0,0.0
0.0,0.0,0.9874935150146484,0.0,0.0,0.0,0.0,0.0,0.0,0.0
0.0,0.0,0.9750499725341797,0.0,0.0,0.0,0.0,0.0,0.0,0.0
0.0,0.0,0.9843263626098633,0.0,0.0,0.0,0.0,0.0,0.0,0.0
0.0,0.0,0.992558479309082,0.0,0.0,0.0,0.0,0.0,0.0,0.0
0.0,0.0,0.9955501556396484,0.0,0.0,0.0,0.0,0.0,0.0,0.0
0.0,0.0,0.991673469543457,0.0,0.0,0.0,0.0,0.0,0.0,0.0
0.0,0.0,0.9942455291748047,0.0,0.0,0.0,0.0,0.0,0.0,0.0
0.0,0.0,0.9942741394042969,0.0,0.0,0.0,0.0,0.0,0.0,0.0
0.0,0.0,0.9930639266967773,0.0,0.0,0.0,0.0,0.0,0.0,0.0
0.0,0.0,0.9911355972290039,0.0,0.0,0.0,0.0,0.0,0.0,0.0
0.0,0.0,0.9790353775024414,0.0,0.0,0.0,0.0,0.0,0.0,0.0
0.0,0.0,0.9839630126953125,0.0,0.0,0.0,0.0,0.0,0.0,0.0
0.0,0.0,0.9878244400024414,0.0,0.0,0.0,0.0,0.0,0.0,0.0
0.0,0.0,0.9903545379638672,0.0,0.0,0.0,0.0,0.0,0.0,0.0
0.0,0.0,0.9765691757202148,0.0,0.0,0.0,0.0,0.0,0.0,0.0
0.0,0.0,0.9935150146484375,0.0,0.0,0.0,0.0,0.0,0.0,0.0
0.0,0.0,0.9929428100585938,0.0,0.0,0.0,0.0,0.0,0.0,0.0
0.0,0.0,0.9904108047485352,0.0,0.0,0.0,0.0,0.0,0.0,0.0
0.0,0.0,0.9786252975463867,0.0,0.0,0.0,0.0,0.0,0.0,0.0
0.0,0.0,0.9775409698486328,0.0,0.0,0.0,0.0,0.0,0.0,0.0
0.0,0.0,0.9873991012573242,0.0,0.0,0.0,0.0,0.0,0.0,0.0
0.0,0.0,0.9759035110473633,0.0,0.0,0.0,0.0,0.0,0.0,0.0
0.0,0.0,0.9889402389526367,0.0,0.0,0.0,0.0,0.0,0.0,0.0
0.006390251151731312,0.012699350265800354,0.9936237335205078,0.007424033149171271,0.04387755102040816,0.006390251151731312,0.012699350265800354,0.007424033149171271,0.04387755102040816,0.0
0.0,0.0,0.9739084243774414,0.0,0.0,0.0,0.0,0.0,0.0,0.0
0.0,0.0,0.9948692321777344,0.0,0.0,0.0,0.0,0.0,0.0,0.0
0.0,0.0,0.9944591522216797,0.0,0.0,0.0,0.0,0.0,0.0,0.0
0.0,0.0,0.9931812286376953,0.0,0.0,0.0,0.0,0.0,0.0,0.0
0.9091332712022367,0.9524041981938003,0.9998140335083008,0.9799095931692616,0.9264007597340931,0.9091332712022367,0.9524041981938003,0.9799095931692616,0.9264007597340931,1.0
0.0,0.0,0.9865074157714844,0.0,0.0,0.0,0.0,0.0,0.0,0.0
0.0,0.0,0.9935760498046875,0.0,0.0,0.0,0.0,0.0,0.0,0.0
0.0,0.0,0.9935703277587891,0.0,0.0,0.0,0.0,0.0,0.0,0.0
0.0,0.0,0.9953174591064453,0.0,0.0,0.0,0.0,0.0,0.0,0.0
0.0,0.0,0.9964513778686523,0.0,0.0,0.0,0.0,0.0,0.0,0.0
0.0,0.0,0.9956855773925781,0.0,0.0,0.0,0.0,0.0,0.0,0.0
0.0,0.0,0.9931011199951172,0.0,0.0,0.0,0.0,0.0,0.0,0.0
0.0,0.0,0.9943828582763672,0.0,0.0,0.0,0.0,0.0,0.0,0.0
0.0,0.0,0.996729850769043,0.0,0.0,0.0,0.0,0.0,0.0,0.0
0.0,0.0,0.9969806671142578,0.0,0.0,0.0,0.0,0.0,0.0,0.0
0.0,0.0,0.9963874816894531,0.0,0.0,0.0,0.0,0.0,0.0,0.0
0.0,0.0,0.9968223571777344,0.0,0.0,0.0,0.0,0.0,0.0,0.0
0.0,0.0,0.9962005615234375,0.0,0.0,0.0,0.0,0.0,0.0,0.0
0.0,0.0,0.996821403503418,0.0,0.0,0.0,0.0,0.0,0.0,0.0
0.0,0.0,0.9955291748046875,0.0,0.0,0.0,0.0,0.0,0.0,0.0
0.0,0.0,0.9970026016235352,0.0,0.0,0.0,0.0,0.0,0.0,0.0
0.0,0.0,0.9967098236083984,0.0,0.0,0.0,0.0,0.0,0.0,0.0
0.0,0.0,0.9964094161987305,0.0,0.0,0.0,0.0,0.0,0.0,0.0
0.0,0.0,0.997248649597168,0.0,0.0,0.0,0.0,0.0,0.0,0.0
0.0,0.0,0.9967317581176758,0.0,0.0,0.0,0.0,0.0,0.0,0.0
0.0,0.0,0.9976768493652344,0.0,0.0,0.0,0.0,0.0,0.0,0.0
0.0,0.0,0.9967613220214844,0.0,0.0,0.0,0.0,0.0,0.0,0.0
0.0,0.0,0.9967050552368164,0.0,0.0,0.0,0.0,0.0,0.0,0.0
0.0,0.0,0.9965353012084961,0.0,0.0,0.0,0.0,0.0,0.0,0.0
0.0,0.0,0.9964561462402344,0.0,0.0,0.0,0.0,0.0,0.0,0.0
0.0,0.0,0.9962358474731445,0.0,0.0,0.0,0.0,0.0,0.0,0.0
0.0,0.0,0.9966592788696289,0.0,0.0,0.0,0.0,0.0,0.0,0.0
0.0,0.0,0.9965457916259766,0.0,0.0,0.0,0.0,0.0,0.0,0.0
0.0,0.0,0.9965019226074219,0.0,0.0,0.0,0.0,0.0,0.0,0.0
0.0,0.0,0.9967403411865234,0.0,0.0,0.0,0.0,0.0,0.0,0.0
0.0,0.0,0.9973382949829102,0.0,0.0,0.0,0.0,0.0,0.0,0.0
0.0,0.0,0.9976511001586914,0.0,0.0,0.0,0.0,0.0,0.0,0.0
0.0,0.0,0.9960241317749023,0.0,0.0,0.0,0.0,0.0,0.0,0.0
0.0,0.0,0.9964666366577148,0.0,0.0,0.0,0.0,0.0,0.0,0.0
0.0,0.0,0.9967632293701172,0.0,0.0,0.0,0.0,0.0,0.0,0.0
0.0,0.0,0.9960079193115234,0.0,0.0,0.0,0.0,0.0,0.0,0.0
0.0,0.0,0.9955415725708008,0.0,0.0,0.0,0.0,0.0,0.0,0.0
0.0,0.0,0.9968099594116211,0.0,0.0,0.0,0.0,0.0,0.0,0.0
0.0,0.0,0.9940357208251953,0.0,0.0,0.0,0.0,0.0,0.0,0.0
0.0,0.0,0.9946651458740234,0.0,0.0,0.0,0.0,0.0,0.0,0.0
0.0,0.0,0.996424674987793,0.0,0.0,0.0,0.0,0.0,0.0,0.0
0.0,0.0,0.9968862533569336,0.0,0.0,0.0,0.0,0.0,0.0,0.0
0.0,0.0,0.9964179992675781,0.0,0.0,0.0,0.0,0.0,0.0,0.0
0.0,0.0,0.9951906204223633,0.0,0.0,0.0,0.0,0.0,0.0,0.0
0.0,0.0,0.9975223541259766,0.0,0.0,0.0,0.0,0.0,0.0,0.0
0.0,0.0,0.9974946975708008,0.0,0.0,0.0,0.0,0.0,0.0,0.0
0.0,0.0,0.9968032836914062,0.0,0.0,0.0,0.0,0.0,0.0,0.0
0.0,0.0,0.9974098205566406,0.0,0.0,0.0,0.0,0.0,0.0,0.0
0.0,0.0,0.9974451065063477,0.0,0.0,0.0,0.0,0.0,0.0,0.0
0.0,0.0,0.9965152740478516,0.0,0.0,0.0,0.0,0.0,0.0,0.0
0.0,0.0,0.9973659515380859,0.0,0.0,0.0,0.0,0.0,0.0,0.0
0.0,0.0,0.9975147247314453,0.0,0.0,0.0,0.0,0.0,0.0,0.0
0.0,0.0,0.9975461959838867,0.0,0.0,0.0,0.0,0.0,0.0,0.0
0.0,0.0,0.9965782165527344,0.0,0.0,0.0,0.0,0.0,0.0,0.0
0.0,0.0,0.9972000122070312,0.0,0.0,0.0,0.0,0.0,0.0,0.0
0.0,0.0,0.9976272583007812,0.0,0.0,0.0,0.0,0.0,0.0,0.0
0.0,0.0,0.9965810775756836,0.0,0.0,0.0,0.0,0.0,0.0,0.0
0.0,0.0,0.996882438659668,0.0,0.0,0.0,0.0,0.0,0.0,0.0
0.0,0.0,0.9972343444824219,0.0,0.0,0.0,0.0,0.0,0.0,0.0
0.0,0.0,0.9974079132080078,0.0,0.0,0.0,0.0,0.0,0.0,0.0
0.0,0.0,0.9975204467773438,0.0,0.0,0.0,0.0,0.0,0.0,0.0
0.0,0.0,0.9950103759765625,0.0,0.0,0.0,0.0,0.0,0.0,0.0
0.0,0.0,0.9974765777587891,0.0,0.0,0.0,0.0,0.0,0.0,0.0
0.0,0.0,0.9975833892822266,0.0,0.0,0.0,0.0,0.0,0.0,0.0
0.0,0.0,0.9974832534790039,0.0,0.0,0.0,0.0,0.0,0.0,0.0
0.0,0.0,0.9953203201293945,0.0,0.0,0.0,0.0,0.0,0.0,0.0
0.0,0.0,0.9975862503051758,0.0,0.0,0.0,0.0,0.0,0.0,0.0
0.0,0.0,0.9976043701171875,0.0,0.0,0.0,0.0,0.0,0.0,0.0
0.0,0.0,0.9953947067260742,0.0,0.0,0.0,0.0,0.0,0.0,0.0
0.0,0.0,0.9960041046142578,0.0,0.0,0.0,0.0,0.0,0.0,0.0
0.0,0.0,0.9975366592407227,0.0,0.0,0.0,0.0,0.0,0.0,0.0
0.0,0.0,0.9792156219482422,0.0,0.0,0.0,0.0,0.0,0.0,0.0
0.0,0.0,0.982478141784668,0.0,0.0,0.0,0.0,0.0,0.0,0.0
0.0,0.0,0.9569482803344727,0.0,0.0,0.0,0.0,0.0,0.0,0.0
0.9105635409536846,0.9531884404107953,0.9988784790039062,0.9423107193451913,0.9643202319587629,0.9105635409536846,0.9531884404107953,0.9423107193451913,0.9643202319587629,1.0
0.0,0.0,0.9843292236328125,0.0,0.0,0.0,0.0,0.0,0.0,0.0
0.0,0.0,0.9486713409423828,0.0,0.0,0.0,0.0,0.0,0.0,0.0
0.0,0.0,0.9870700836181641,0.0,0.0,0.0,0.0,0.0,0.0,0.0
0.0,0.0,0.9587984085083008,0.0,0.0,0.0,0.0,0.0,0.0,0.0
0.0,0.0,0.9814548492431641,0.0,0.0,0.0,0.0,0.0,0.0,0.0
0.0,0.0,0.9853744506835938,0.0,0.0,0.0,0.0,0.0,0.0,0.0
0.0,0.0,0.9875116348266602,0.0,0.0,0.0,0.0,0.0,0.0,0.0
0.0,0.0,0.981959342956543,0.0,0.0,0.0,0.0,0.0,0.0,0.0
0.0,0.0,0.9845542907714844,0.0,0.0,0.0,0.0,0.0,0.0,0.0
0.0,0.0,0.9795980453491211,0.0,0.0,0.0,0.0,0.0,0.0,0.0
0.0,0.0,0.9782066345214844,0.0,0.0,0.0,0.0,0.0,0.0,0.0
0.9320354394963861,0.9648223013334942,0.9994440078735352,0.9990003748594277,0.9329054842473745,0.9320354394963861,0.9648223013334942,0.9990003748594277,0.9329054842473745,1.0
0.0,0.0,0.9564065933227539,0.0,0.0,0.0,0.0,0.0,0.0,0.0
0.0,0.0,0.9871082305908203,0.0,0.0,0.0,0.0,0.0,0.0,0.0
0.0,0.0,0.9867095947265625,0.0,0.0,0.0,0.0,0.0,0.0,0.0
0.0,0.0,0.9896697998046875,0.0,0.0,0.0,0.0,0.0,0.0,0.0
0.0,0.0,0.9839296340942383,0.0,0.0,0.0,0.0,0.0,0.0,0.0
0.0,0.0,0.9771804809570312,0.0,0.0,0.0,0.0,0.0,0.0,0.0
0.0,0.0,0.9682817459106445,0.0,0.0,0.0,0.0,0.0,0.0,0.0
0.0,0.0,0.9753522872924805,0.0,0.0,0.0,0.0,0.0,0.0,0.0
0.0,0.0,0.9861507415771484,0.0,0.0,0.0,0.0,0.0,0.0,0.0
0.0,0.0,0.9217443466186523,0.0,0.0,0.0,0.0,0.0,0.0,0.0
0.0,0.0,0.9677944183349609,0.0,0.0,0.0,0.0,0.0,0.0,0.0
0.0,0.0,0.9843196868896484,0.0,0.0,0.0,0.0,0.0,0.0,0.0
0.0,0.0,0.9912567138671875,0.0,0.0,0.0,0.0,0.0,0.0,0.0
0.0,0.0,0.9725713729858398,0.0,0.0,0.0,0.0,0.0,0.0,0.0
0.0,0.0,0.9911384582519531,0.0,0.0,0.0,0.0,0.0,0.0,0.0
0.0,0.0,0.9881858825683594,0.0,0.0,0.0,0.0,0.0,0.0,0.0
0.0,0.0,0.991058349609375,0.0,0.0,0.0,0.0,0.0,0.0,0.0
0.0,0.0,0.9899158477783203,0.0,0.0,0.0,0.0,0.0,0.0,0.0
0.0,0.0,0.9283981323242188,0.0,0.0,0.0,0.0,0.0,0.0,0.0
0.0,0.0,0.9681577682495117,0.0,0.0,0.0,0.0,0.0,0.0,0.0
0.0,0.0,0.9411849975585938,0.0,0.0,0.0,0.0,0.0,0.0,0.0
0.0,0.0,0.9688234329223633,0.0,0.0,0.0,0.0,0.0,0.0,0.0
0.0,0.0,0.9789104461669922,0.0,0.0,0.0,0.0,0.0,0.0,0.0
0.0,0.0,0.9544486999511719,0.0,0.0,0.0,0.0,0.0,0.0,0.0
0.9096005953857603,0.9526605695281646,0.9982624053955078,0.9827392120075047,0.9243684767811223,0.9096005953857603,0.9526605695281646,0.9827392120075047,0.9243684767811223,1.0
0.0,0.0,0.9774503707885742,0.0,0.0,0.0,0.0,0.0,0.0,0.0
0.0,0.0,0.9784946441650391,0.0,0.0,0.0,0.0,0.0,0.0,0.0
0.0,0.0,0.9796218872070312,0.0,0.0,0.0,0.0,0.0,0.0,0.0
0.0,0.0,0.9351224899291992,0.0,0.0,0.0,0.0,0.0,0.0,0.0
0.0,0.0,0.9535150527954102,0.0,0.0,0.0,0.0,0.0,0.0,0.0
0.0,0.0,0.9685468673706055,0.0,0.0,0.0,0.0,0.0,0.0,0.0
0.0,0.0,0.9712228775024414,0.0,0.0,0.0,0.0,0.0,0.0,0.0
0.0,0.0,0.9480085372924805,0.0,0.0,0.0,0.0,0.0,0.0,0.0
0.0,0.0,0.9613828659057617,0.0,0.0,0.0,0.0,0.0,0.0,0.0
0.0,0.0,0.9658021926879883,0.0,0.0,0.0,0.0,0.0,0.0,0.0
0.0,0.0,0.9588985443115234,0.0,0.0,0.0,0.0,0.0,0.0,0.0
0.0,0.0,0.9720783233642578,0.0,0.0,0.0,0.0,0.0,0.0,0.0
0.0,0.0,0.9544916152954102,0.0,0.0,0.0,0.0,0.0,0.0,0.0
0.0,0.0,0.9768714904785156,0.0,0.0,0.0,0.0,0.0,0.0,0.0
0.0,0.0,0.9722585678100586,0.0,0.0,0.0,0.0,0.0,0.0,0.0
0.0,0.0,0.9587507247924805,0.0,0.0,0.0,0.0,0.0,0.0,0.0
0.41020981897970377,0.5817713271582428,0.9835939407348633,0.5609470229723394,0.6042013836287431,0.41020981897970377,0.5817713271582428,0.5609470229723394,0.6042013836287431,0.0
0.0,0.0,0.9619894027709961,0.0,0.0,0.0,0.0,0.0,0.0,0.0
0.0,0.0,0.9700565338134766,0.0,0.0,0.0,0.0,0.0,0.0,0.0
0.0,0.0,0.9802236557006836,0.0,0.0,0.0,0.0,0.0,0.0,0.0
0.0,0.0,0.9642114639282227,0.0,0.0,0.0,0.0,0.0,0.0,0.0
0.0,0.0,0.9739198684692383,0.0,0.0,0.0,0.0,0.0,0.0,0.0
0.0,0.0,0.9734716415405273,0.0,0.0,0.0,0.0,0.0,0.0,0.0
0.0,0.0,0.9868345260620117,0.0,0.0,0.0,0.0,0.0,0.0,0.0
0.0,0.0,0.9941797256469727,0.0,0.0,0.0,0.0,0.0,0.0,0.0
0.0,0.0,0.9979686737060547,0.0,0.0,0.0,0.0,0.0,0.0,0.0
0.0,0.0,0.9977359771728516,0.0,0.0,0.0,0.0,0.0,0.0,0.0
0.0,0.0,0.994776725769043,0.0,0.0,0.0,0.0,0.0,0.0,0.0
0.0,0.0,0.9946689605712891,0.0,0.0,0.0,0.0,0.0,0.0,0.0
0.0,0.0,0.9951400756835938,0.0,0.0,0.0,0.0,0.0,0.0,0.0
0.0,0.0,0.9975805282592773,0.0,0.0,0.0,0.0,0.0,0.0,0.0
0.0,0.0,0.9974985122680664,0.0,0.0,0.0,0.0,0.0,0.0,0.0
0.0,0.0,0.997593879699707,0.0,0.0,0.0,0.0,0.0,0.0,0.0
0.0,0.0,0.9979009628295898,0.0,0.0,0.0,0.0,0.0,0.0,0.0
0.8178070898598516,0.8997732426303855,0.9997892379760742,0.8969258589511754,0.902638762511374,0.8178070898598516,0.8997732426303855,0.8969258589511754,0.902638762511374,1.0
0.0,0.0,0.9978523254394531,0.0,0.0,0.0,0.0,0.0,0.0,0.0
0.0,0.0,0.9978609085083008,0.0,0.0,0.0,0.0,0.0,0.0,0.0
0.0,0.0,0.9982500076293945,0.0,0.0,0.0,0.0,0.0,0.0,0.0
0.0,0.0,0.9972362518310547,0.0,0.0,0.0,0.0,0.0,0.0,0.0
0.0,0.0,0.9983253479003906,0.0,0.0,0.0,0.0,0.0,0.0,0.0
0.0,0.0,0.9978742599487305,0.0,0.0,0.0,0.0,0.0,0.0,0.0
0.0,0.0,0.9981689453125,0.0,0.0,0.0,0.0,0.0,0.0,0.0
0.0,0.0,0.9982376098632812,0.0,0.0,0.0,0.0,0.0,0.0,0.0
0.0,0.0,0.9979019165039062,0.0,0.0,0.0,0.0,0.0,0.0,0.0
0.0,0.0,0.9975919723510742,0.0,0.0,0.0,0.0,0.0,0.0,0.0
0.0,0.0,0.998265266418457,0.0,0.0,0.0,0.0,0.0,0.0,0.0
0.0,0.0,0.996983528137207,0.0,0.0,0.0,0.0,0.0,0.0,0.0
0.0,0.0,0.9978628158569336,0.0,0.0,0.0,0.0,0.0,0.0,0.0
0.0,0.0,0.9972820281982422,0.0,0.0,0.0,0.0,0.0,0.0,0.0
0.0,0.0,0.9979057312011719,0.0,0.0,0.0,0.0,0.0,0.0,0.0
0.0,0.0,0.9985799789428711,0.0,0.0,0.0,0.0,0.0,0.0,0.0
0.0,0.0,0.9981451034545898,0.0,0.0,0.0,0.0,0.0,0.0,0.0
0.0,0.0,0.9973211288452148,0.0,0.0,0.0,0.0,0.0,0.0,0.0
0.0,0.0,0.9979038238525391,0.0,0.0,0.0,0.0,0.0,0.0,0.0
0.0,0.0,0.9977407455444336,0.0,0.0,0.0,0.0,0.0,0.0,0.0
0.0,0.0,0.9985933303833008,0.0,0.0,0.0,0.0,0.0,0.0,0.0
0.0,0.0,0.9974803924560547,0.0,0.0,0.0,0.0,0.0,0.0,0.0
0.0,0.0,0.9981374740600586,0.0,0.0,0.0,0.0,0.0,0.0,0.0
0.0,0.0,0.9980545043945312,0.0,0.0,0.0,0.0,0.0,0.0,0.0
0.0,0.0,0.9980134963989258,0.0,0.0,0.0,0.0,0.0,0.0,0.0
0.0,0.0,0.9979047775268555,0.0,0.0,0.0,0.0,0.0,0.0,0.0
0.0,0.0,0.9976406097412109,0.0,0.0,0.0,0.0,0.0,0.0,0.0
0.0,0.0,0.9980020523071289,0.0,0.0,0.0,0.0,0.0,0.0,0.0
0.0,0.0,0.9947481155395508,0.0,0.0,0.0,0.0,0.0,0.0,0.0
0.0,0.0,0.9984636306762695,0.0,0.0,0.0,0.0,0.0,0.0,0.0
0.0,0.0,0.9978704452514648,0.0,0.0,0.0,0.0,0.0,0.0,0.0
0.0,0.0,0.9978628158569336,0.0,0.0,0.0,0.0,0.0,0.0,0.0
0.0,0.0,0.9978752136230469,0.0,0.0,0.0,0.0,0.0,0.0,0.0
0.0,0.0,0.9976673126220703,0.0,0.0,0.0,0.0,0.0,0.0,0.0
0.0,0.0,0.9985132217407227,0.0,0.0,0.0,0.0,0.0,0.0,0.0
0.0,0.0,0.9984512329101562,0.0,0.0,0.0,0.0,0.0,0.0,0.0
0.0,0.0,0.9978466033935547,0.0,0.0,0.0,0.0,0.0,0.0,0.0
0.0,0.0,0.9979562759399414,0.0,0.0,0.0,0.0,0.0,0.0,0.0
0.0,0.0,0.9979019165039062,0.0,0.0,0.0,0.0,0.0,0.0,0.0
0.0,0.0,0.9976940155029297,0.0,0.0,0.0,0.0,0.0,0.0,0.0
0.0,0.0,0.9977083206176758,0.0,0.0,0.0,0.0,0.0,0.0,0.0
0.0,0.0,0.9975433349609375,0.0,0.0,0.0,0.0,0.0,0.0,0.0
0.0,0.0,0.9979705810546875,0.0,0.0,0.0,0.0,0.0,0.0,0.0
0.0,0.0,0.9978122711181641,0.0,0.0,0.0,0.0,0.0,0.0,0.0
0.0,0.0,0.997645378112793,0.0,0.0,0.0,0.0,0.0,0.0,0.0
0.0,0.0,0.9984445571899414,0.0,0.0,0.0,0.0,0.0,0.0,0.0
0.0,0.0,0.9977569580078125,0.0,0.0,0.0,0.0,0.0,0.0,0.0
0.0,0.0,0.9978971481323242,0.0,0.0,0.0,0.0,0.0,0.0,0.0
0.0,0.0,0.9980478286743164,0.0,0.0,0.0,0.0,0.0,0.0,0.0
0.0,0.0,0.9985723495483398,0.0,0.0,0.0,0.0,0.0,0.0,0.0
0.0,0.0,0.9975147247314453,0.0,0.0,0.0,0.0,0.0,0.0,0.0
0.0,0.0,0.9975309371948242,0.0,0.0,0.0,0.0,0.0,0.0,0.0
0.0,0.0,0.9980363845825195,0.0,0.0,0.0,0.0,0.0,0.0,0.0
0.0,0.0,0.9978799819946289,0.0,0.0,0.0,0.0,0.0,0.0,0.0
0.0,0.0,0.9979305267333984,0.0,0.0,0.0,0.0,0.0,0.0,0.0
0.0,0.0,0.9979476928710938,0.0,0.0,0.0,0.0,0.0,0.0,0.0
0.0,0.0,0.9980239868164062,0.0,0.0,0.0,0.0,0.0,0.0,0.0
0.0,0.0,0.9979543685913086,0.0,0.0,0.0,0.0,0.0,0.0,0.0
0.0,0.0,0.9985160827636719,0.0,0.0,0.0,0.0,0.0,0.0,0.0
0.0,0.0,0.9984292984008789,0.0,0.0,0.0,0.0,0.0,0.0,0.0
0.0,0.0,0.9978570938110352,0.0,0.0,0.0,0.0,0.0,0.0,0.0
0.0,0.0,0.998448371887207,0.0,0.0,0.0,0.0,0.0,0.0,0.0
0.0,0.0,0.9982032775878906,0.0,0.0,0.0,0.0,0.0,0.0,0.0
0.0,0.0,0.9973573684692383,0.0,0.0,0.0,0.0,0.0,0.0,0.0
0.0,0.0,0.9979352951049805,0.0,0.0,0.0,0.0,0.0,0.0,0.0
0.0,0.0,0.9979476928710938,0.0,0.0,0.0,0.0,0.0,0.0,0.0
0.0,0.0,0.9978294372558594,0.0,0.0,0.0,0.0,0.0,0.0,0.0
0.0,0.0,0.9982357025146484,0.0,0.0,0.0,0.0,0.0,0.0,0.0
0.0,0.0,0.9982709884643555,0.0,0.0,0.0,0.0,0.0,0.0,0.0
0.0,0.0,0.9977645874023438,0.0,0.0,0.0,0.0,0.0,0.0,0.0
0.0,0.0,0.997929573059082,0.0,0.0,0.0,0.0,0.0,0.0,0.0
0.0,0.0,0.9981288909912109,0.0,0.0,0.0,0.0,0.0,0.0,0.0
0.0,0.0,0.9979572296142578,0.0,0.0,0.0,0.0,0.0,0.0,0.0
0.0,0.0,0.9944801330566406,0.0,0.0,0.0,0.0,0.0,0.0,0.0
0.0,0.0,0.9978923797607422,0.0,0.0,0.0,0.0,0.0,0.0,0.0
0.0,0.0,0.9974708557128906,0.0,0.0,0.0,0.0,0.0,0.0,0.0
0.0,0.0,0.9980020523071289,0.0,0.0,0.0,0.0,0.0,0.0,0.0
0.0,0.0,0.9985284805297852,0.0,0.0,0.0,0.0,0.0,0.0,0.0
0.0,0.0,0.9979085922241211,0.0,0.0,0.0,0.0,0.0,0.0,0.0
0.7576621525302922,0.862124898621249,0.9993515014648438,0.9499553172475425,0.7891610987379362,0.7576621525302922,0.862124898621249,0.9499553172475425,0.7891610987379362,1.0
0.0,0.0,0.9933538436889648,0.0,0.0,0.0,0.0,0.0,0.0,0.0
0.0,0.0,0.995936393737793,0.0,0.0,0.0,0.0,0.0,0.0,0.0
0.0,0.0,0.9967002868652344,0.0,0.0,0.0,0.0,0.0,0.0,0.0
0.0,0.0,0.9943761825561523,0.0,0.0,0.0,0.0,0.0,0.0,0.0
0.0,0.0,0.9957981109619141,0.0,0.0,0.0,0.0,0.0,0.0,0.0
0.0,0.0,0.9968242645263672,0.0,0.0,0.0,0.0,0.0,0.0,0.0
0.0,0.0,0.9965572357177734,0.0,0.0,0.0,0.0,0.0,0.0,0.0
0.0,0.0,0.9961967468261719,0.0,0.0,0.0,0.0,0.0,0.0,0.0
0.0,0.0,0.9961605072021484,0.0,0.0,0.0,0.0,0.0,0.0,0.0
0.0,0.0,0.9967184066772461,0.0,0.0,0.0,0.0,0.0,0.0,0.0
0.0,0.0,0.99676513671875,0.0,0.0,0.0,0.0,0.0,0.0,0.0
0.0,0.0,0.9958906173706055,0.0,0.0,0.0,0.0,0.0,0.0,0.0
0.0,0.0,0.9962902069091797,0.0,0.0,0.0,0.0,0.0,0.0,0.0
0.0,0.0,0.9966859817504883,0.0,0.0,0.0,0.0,0.0,0.0,0.0
0.0,0.0,0.9961681365966797,0.0,0.0,0.0,0.0,0.0,0.0,0.0
0.0,0.0,0.9961233139038086,0.0,0.0,0.0,0.0,0.0,0.0,0.0
0.0,0.0,0.9966211318969727,0.0,0.0,0.0,0.0,0.0,0.0,0.0
0.0,0.0,0.9964876174926758,0.0,0.0,0.0,0.0,0.0,0.0,0.0
0.0,0.0,0.9961996078491211,0.0,0.0,0.0,0.0,0.0,0.0,0.0
0.0,0.0,0.9964056015014648,0.0,0.0,0.0,0.0,0.0,0.0,0.0
0.0,0.0,0.9962568283081055,0.0,0.0,0.0,0.0,0.0,0.0,0.0
0.0,0.0,0.9962739944458008,0.0,0.0,0.0,0.0,0.0,0.0,0.0
0.0,0.0,0.9963207244873047,0.0,0.0,0.0,0.0,0.0,0.0,0.0
0.0,0.0,0.9962301254272461,0.0,0.0,0.0,0.0,0.0,0.0,0.0
0.0,0.0,0.9963417053222656,0.0,0.0,0.0,0.0,0.0,0.0,0.0
0.0,0.0,0.9962167739868164,0.0,0.0,0.0,0.0,0.0,0.0,0.0
0.0,0.0,0.9960432052612305,0.0,0.0,0.0,0.0,0.0,0.0,0.0
0.0,0.0,0.9967489242553711,0.0,0.0,0.0,0.0,0.0,0.0,0.0
0.0,0.0,0.9963340759277344,0.0,0.0,0.0,0.0,0.0,0.0,0.0
0.0,0.0,0.9964485168457031,0.0,0.0,0.0,0.0,0.0,0.0,0.0
0.0,0.0,0.9964189529418945,0.0,0.0,0.0,0.0,0.0,0.0,0.0
0.0,0.0,0.9963130950927734,0.0,0.0,0.0,0.0,0.0,0.0,0.0
0.0,0.0,0.9962081909179688,0.0,0.0,0.0,0.0,0.0,0.0,0.0
0.0,0.0,0.9962930679321289,0.0,0.0,0.0,0.0,0.0,0.0,0.0
0.0,0.0,0.9959287643432617,0.0,0.0,0.0,0.0,0.0,0.0,0.0
0.0,0.0,0.9963598251342773,0.0,0.0,0.0,0.0,0.0,0.0,0.0
0.0,0.0,0.9961442947387695,0.0,0.0,0.0,0.0,0.0,0.0,0.0
0.0,0.0,0.9962129592895508,0.0,0.0,0.0,0.0,0.0,0.0,0.0
0.0,0.0,0.9963445663452148,0.0,0.0,0.0,0.0,0.0,0.0,0.0
0.0,0.0,0.9956703186035156,0.0,0.0,0.0,0.0,0.0,0.0,0.0
0.0,0.0,0.9963674545288086,0.0,0.0,0.0,0.0,0.0,0.0,0.0
0.0,0.0,0.9964580535888672,0.0,0.0,0.0,0.0,0.0,0.0,0.0
0.0,0.0,0.9967260360717773,0.0,0.0,0.0,0.0,0.0,0.0,0.0
0.0,0.0,0.9964437484741211,0.0,0.0,0.0,0.0,0.0,0.0,0.0
0.0,0.0,0.9964218139648438,0.0,0.0,0.0,0.0,0.0,0.0,0.0
0.0,0.0,0.996368408203125,0.0,0.0,0.0,0.0,0.0,0.0,0.0
0.0,0.0,0.9963998794555664,0.0,0.0,0.0,0.0,0.0,0.0,0.0
0.0,0.0,0.9958839416503906,0.0,0.0,0.0,0.0,0.0,0.0,0.0
0.0,0.0,0.9962577819824219,0.0,0.0,0.0,0.0,0.0,0.0,0.0
0.0,0.0,0.9963064193725586,0.0,0.0,0.0,0.0,0.0,0.0,0.0
0.0,0.0,0.9964113235473633,0.0,0.0,0.0,0.0,0.0,0.0,0.0
0.0,0.0,0.9963130950927734,0.0,0.0,0.0,0.0,0.0,0.0,0.0
0.0,0.0,0.9961824417114258,0.0,0.0,0.0,0.0,0.0,0.0,0.0
0.0,0.0,0.9961948394775391,0.0,0.0,0.0,0.0,0.0,0.0,0.0
0.0,0.0,0.9964027404785156,0.0,0.0,0.0,0.0,0.0,0.0,0.0
0.0,0.0,0.996769905090332,0.0,0.0,0.0,0.0,0.0,0.0,0.0
0.0,0.0,0.9964618682861328,0.0,0.0,0.0,0.0,0.0,0.0,0.0
0.0,0.0,0.996246337890625,0.0,0.0,0.0,0.0,0.0,0.0,0.0
0.0,0.0,0.9969596862792969,0.0,0.0,0.0,0.0,0.0,0.0,0.0
0.0,0.0,0.9964942932128906,0.0,0.0,0.0,0.0,0.0,0.0,0.0
0.0,0.0,0.9965047836303711,0.0,0.0,0.0,0.0,0.0,0.0,0.0
0.0,0.0,0.99639892578125,0.0,0.0,0.0,0.0,0.0,0.0,0.0
0.0,0.0,0.9963283538818359,0.0,0.0,0.0,0.0,0.0,0.0,0.0
0.0,0.0,0.9969940185546875,0.0,0.0,0.0,0.0,0.0,0.0,0.0
0.0,0.0,0.9962835311889648,0.0,0.0,0.0,0.0,0.0,0.0,0.0
0.0,0.0,0.9964008331298828,0.0,0.0,0.0,0.0,0.0,0.0,0.0
0.0,0.0,0.9960174560546875,0.0,0.0,0.0,0.0,0.0,0.0,0.0
0.0,0.0,0.9962692260742188,0.0,0.0,0.0,0.0,0.0,0.0,0.0
0.0,0.0,0.9965391159057617,0.0,0.0,0.0,0.0,0.0,0.0,0.0
0.0,0.0,0.9965496063232422,0.0,0.0,0.0,0.0,0.0,0.0,0.0
0.0,0.0,0.9965639114379883,0.0,0.0,0.0,0.0,0.0,0.0,0.0
0.0,0.0,0.9963769912719727,0.0,0.0,0.0,0.0,0.0,0.0,0.0
0.0,0.0,0.9968719482421875,0.0,0.0,0.0,0.0,0.0,0.0,0.0
0.0,0.0,0.9961643218994141,0.0,0.0,0.0,0.0,0.0,0.0,0.0
0.0,0.0,0.9970016479492188,0.0,0.0,0.0,0.0,0.0,0.0,0.0
0.0,0.0,0.9960479736328125,0.0,0.0,0.0,0.0,0.0,0.0,0.0
0.0,0.0,0.9963045120239258,0.0,0.0,0.0,0.0,0.0,0.0,0.0
0.0,0.0,0.9970531463623047,0.0,0.0,0.0,0.0,0.0,0.0,0.0
0.0,0.0,0.9969253540039062,0.0,0.0,0.0,0.0,0.0,0.0,0.0
0.0,0.0,0.9969692230224609,0.0,0.0,0.0,0.0,0.0,0.0,0.0
0.0,0.0,0.9966621398925781,0.0,0.0,0.0,0.0,0.0,0.0,0.0
0.0,0.0,0.9970245361328125,0.0,0.0,0.0,0.0,0.0,0.0,0.0
0.0,0.0,0.9966230392456055,0.0,0.0,0.0,0.0,0.0,0.0,0.0
0.0,0.0,0.9964513778686523,0.0,0.0,0.0,0.0,0.0,0.0,0.0
0.0,0.0,0.9963264465332031,0.0,0.0,0.0,0.0,0.0,0.0,0.0
0.0,0.0,0.9970111846923828,0.0,0.0,0.0,0.0,0.0,0.0,0.0
0.0,0.0,0.9964132308959961,0.0,0.0,0.0,0.0,0.0,0.0,0.0
0.0,0.0,0.9962263107299805,0.0,0.0,0.0,0.0,0.0,0.0,0.0
0.0,0.0,0.9970979690551758,0.0,0.0,0.0,0.0,0.0,0.0,0.0
0.0,0.0,0.9982633590698242,0.0,0.0,0.0,0.0,0.0,0.0,0.0
0.0,0.0,0.9985971450805664,0.0,0.0,0.0,0.0,0.0,0.0,0.0
0.0,0.0,0.9960699081420898,0.0,0.0,0.0,0.0,0.0,0.0,0.0
0.0,0.0,0.9984912872314453,0.0,0.0,0.0,0.0,0.0,0.0,0.0
0.0,0.0,0.998539924621582,0.0,0.0,0.0,0.0,0.0,0.0,0.0
0.0,0.0,0.9984846115112305,0.0,0.0,0.0,0.0,0.0,0.0,0.0
0.0,0.0,0.9982976913452148,0.0,0.0,0.0,0.0,0.0,0.0,0.0
0.0,0.0,0.9984455108642578,0.0,0.0,0.0,0.0,0.0,0.0,0.0
0.0,0.0,0.998565673828125,0.0,0.0,0.0,0.0,0.0,0.0,0.0
0.0,0.0,0.997340202331543,0.0,0.0,0.0,0.0,0.0,0.0,0.0
0.0,0.0,0.9985275268554688,0.0,0.0,0.0,0.0,0.0,0.0,0.0
0.0,0.0,0.9981594085693359,0.0,0.0,0.0,0.0,0.0,0.0,0.0
0.0,0.0,0.9979066848754883,0.0,0.0,0.0,0.0,0.0,0.0,0.0
0.0,0.0,0.9986686706542969,0.0,0.0,0.0,0.0,0.0,0.0,0.0
0.0,0.0,0.9981145858764648,0.0,0.0,0.0,0.0,0.0,0.0,0.0
0.0,0.0,0.9987564086914062,0.0,0.0,0.0,0.0,0.0,0.0,0.0
0.0,0.0,0.9985876083374023,0.0,0.0,0.0,0.0,0.0,0.0,0.0
0.0,0.0,0.9985637664794922,0.0,0.0,0.0,0.0,0.0,0.0,0.0
0.0,0.0,0.9989767074584961,0.0,0.0,0.0,0.0,0.0,0.0,0.0
0.0,0.0,0.9983081817626953,0.0,0.0,0.0,0.0,0.0,0.0,0.0
0.0,0.0,0.9985628128051758,0.0,0.0,0.0,0.0,0.0,0.0,0.0
0.0,0.0,0.9987058639526367,0.0,0.0,0.0,0.0,0.0,0.0,0.0
0.0,0.0,0.998744010925293,0.0,0.0,0.0,0.0,0.0,0.0,0.0
0.0,0.0,0.9985141754150391,0.0,0.0,0.0,0.0,0.0,0.0,0.0
0.0,0.0,0.9985370635986328,0.0,0.0,0.0,0.0,0.0,0.0,0.0
0.0,0.0,0.9984912872314453,0.0,0.0,0.0,0.0,0.0,0.0,0.0
0.0,0.0,0.9984636306762695,0.0,0.0,0.0,0.0,0.0,0.0,0.0
0.0,0.0,0.998814582824707,0.0,0.0,0.0,0.0,0.0,0.0,0.0
0.0,0.0,0.9982776641845703,0.0,0.0,0.0,0.0,0.0,0.0,0.0
0.0,0.0,0.996943473815918,0.0,0.0,0.0,0.0,0.0,0.0,0.0
0.0,0.0,0.998560905456543,0.0,0.0,0.0,0.0,0.0,0.0,0.0
0.0,0.0,0.9987936019897461,0.0,0.0,0.0,0.0,0.0,0.0,0.0
0.0,0.0,0.9985370635986328,0.0,0.0,0.0,0.0,0.0,0.0,0.0
0.0,0.0,0.9984054565429688,0.0,0.0,0.0,0.0,0.0,0.0,0.0
0.0,0.0,0.9985618591308594,0.0,0.0,0.0,0.0,0.0,0.0,0.0
0.0,0.0,0.9973773956298828,0.0,0.0,0.0,0.0,0.0,0.0,0.0
0.0,0.0,0.9975452423095703,0.0,0.0,0.0,0.0,0.0,0.0,0.0
0.0,0.0,0.9984207153320312,0.0,0.0,0.0,0.0,0.0,0.0,0.0
0.0,0.0,0.9993915557861328,0.0,0.0,0.0,0.0,0.0,0.0,0.0
0.0,0.0,0.9991130828857422,0.0,0.0,0.0,0.0,0.0,0.0,0.0
0.0,0.0,0.998600959777832,0.0,0.0,0.0,0.0,0.0,0.0,0.0
0.0,0.0,0.9987058639526367,0.0,0.0,0.0,0.0,0.0,0.0,0.0
0.0,0.0,0.9978952407836914,0.0,0.0,0.0,0.0,0.0,0.0,0.0
0.0,0.0,0.9984807968139648,0.0,0.0,0.0,0.0,0.0,0.0,0.0
0.0,0.0,0.9981756210327148,0.0,0.0,0.0,0.0,0.0,0.0,0.0
0.0,0.0,0.9983272552490234,0.0,0.0,0.0,0.0,0.0,0.0,0.0
0.0,0.0,0.9987821578979492,0.0,0.0,0.0,0.0,0.0,0.0,0.0
0.0,0.0,0.9989032745361328,0.0,0.0,0.0,0.0,0.0,0.0,0.0
0.0,0.0,0.9986743927001953,0.0,0.0,0.0,0.0,0.0,0.0,0.0
0.0,0.0,0.9983720779418945,0.0,0.0,0.0,0.0,0.0,0.0,0.0
0.0,0.0,0.9986572265625,0.0,0.0,0.0,0.0,0.0,0.0,0.0
0.0,0.0,0.9988031387329102,0.0,0.0,0.0,0.0,0.0,0.0,0.0
0.0,0.0,0.9989719390869141,0.0,0.0,0.0,0.0,0.0,0.0,0.0
0.0,0.0,0.9993610382080078,0.0,0.0,0.0,0.0,0.0,0.0,0.0
0.0,0.0,0.9986667633056641,0.0,0.0,0.0,0.0,0.0,0.0,0.0
0.0,0.0,0.9985313415527344,0.0,0.0,0.0,0.0,0.0,0.0,0.0
0.0,0.0,0.9994344711303711,0.0,0.0,0.0,0.0,0.0,0.0,0.0
0.0,0.0,0.9985208511352539,0.0,0.0,0.0,0.0,0.0,0.0,0.0
0.0,0.0,0.9986677169799805,0.0,0.0,0.0,0.0,0.0,0.0,0.0
0.0,0.0,0.9987573623657227,0.0,0.0,0.0,0.0,0.0,0.0,0.0
0.0,0.0,0.9988288879394531,0.0,0.0,0.0,0.0,0.0,0.0,0.0
0.0,0.0,0.9995670318603516,0.0,0.0,0.0,0.0,0.0,0.0,0.0
0.0,0.0,0.999140739440918,0.0,0.0,0.0,0.0,0.0,0.0,0.0
0.0,0.0,0.9985074996948242,0.0,0.0,0.0,0.0,0.0,0.0,0.0
0.0,0.0,0.9993448257446289,0.0,0.0,0.0,0.0,0.0,0.0,0.0
0.0,0.0,0.9986667633056641,0.0,0.0,0.0,0.0,0.0,0.0,0.0
0.0,0.0,0.9984064102172852,0.0,0.0,0.0,0.0,0.0,0.0,0.0
0.0,0.0,0.9987468719482422,0.0,0.0,0.0,0.0,0.0,0.0,0.0
0.0,0.0,0.9994173049926758,0.0,0.0,0.0,0.0,0.0,0.0,0.0
0.0,0.0,0.9984340667724609,0.0,0.0,0.0,0.0,0.0,0.0,0.0
0.0,0.0,0.9984397888183594,0.0,0.0,0.0,0.0,0.0,0.0,0.0
0.0,0.0,0.9991827011108398,0.0,0.0,0.0,0.0,0.0,0.0,0.0
0.0,0.0,0.9994163513183594,0.0,0.0,0.0,0.0,0.0,0.0,0.0
0.0,0.0,0.9932317733764648,0.0,0.0,0.0,0.0,0.0,0.0,0.0
0.0,0.0,0.9962043762207031,0.0,0.0,0.0,0.0,0.0,0.0,0.0
0.0,0.0,0.9946384429931641,0.0,0.0,0.0,0.0,0.0,0.0,0.0
0.0,0.0,0.9967784881591797,0.0,0.0,0.0,0.0,0.0,0.0,0.0
0.0,0.0,0.9957866668701172,0.0,0.0,0.0,0.0,0.0,0.0,0.0
0.0,0.0,0.9983291625976562,0.0,0.0,0.0,0.0,0.0,0.0,0.0
0.0,0.0,0.9982833862304688,0.0,0.0,0.0,0.0,0.0,0.0,0.0
0.0,0.0,0.9935598373413086,0.0,0.0,0.0,0.0,0.0,0.0,0.0
0.0,0.0,0.9984846115112305,0.0,0.0,0.0,0.0,0.0,0.0,0.0
0.0,0.0,0.9934310913085938,0.0,0.0,0.0,0.0,0.0,0.0,0.0
0.0,0.0,0.9979677200317383,0.0,0.0,0.0,0.0,0.0,0.0,0.0
0.0,0.0,0.9950933456420898,0.0,0.0,0.0,0.0,0.0,0.0,0.0
0.0,0.0,0.9980669021606445,0.0,0.0,0.0,0.0,0.0,0.0,0.0
0.0,0.0,0.9979104995727539,0.0,0.0,0.0,0.0,0.0,0.0,0.0
0.0,0.0,0.9985752105712891,0.0,0.0,0.0,0.0,0.0,0.0,0.0
0.0,0.0,0.9979677200317383,0.0,0.0,0.0,0.0,0.0,0.0,0.0
0.0,0.0,0.9983110427856445,0.0,0.0,0.0,0.0,0.0,0.0,0.0
0.0,0.0,0.9985733032226562,0.0,0.0,0.0,0.0,0.0,0.0,0.0
0.0,0.0,0.9984312057495117,0.0,0.0,0.0,0.0,0.0,0.0,0.0
0.0,0.0,0.9983978271484375,0.0,0.0,0.0,0.0,0.0,0.0,0.0
0.0,0.0,0.9984254837036133,0.0,0.0,0.0,0.0,0.0,0.0,0.0
0.0,0.0,0.9988126754760742,0.0,0.0,0.0,0.0,0.0,0.0,0.0
0.0,0.0,0.9983310699462891,0.0,0.0,0.0,0.0,0.0,0.0,0.0
0.0,0.0,0.9985952377319336,0.0,0.0,0.0,0.0,0.0,0.0,0.0
0.0,0.0,0.9988861083984375,0.0,0.0,0.0,0.0,0.0,0.0,0.0
0.0,0.0,0.9985170364379883,0.0,0.0,0.0,0.0,0.0,0.0,0.0
0.0,0.0,0.9995031356811523,0.0,0.0,0.0,0.0,0.0,0.0,0.0
0.0,0.0,0.9995203018188477,0.0,0.0,0.0,0.0,0.0,0.0,0.0
0.0,0.0,0.9986381530761719,0.0,0.0,0.0,0.0,0.0,0.0,0.0
0.0,0.0,0.9995670318603516,0.0,0.0,0.0,0.0,0.0,0.0,0.0
0.0,0.0,0.9986238479614258,0.0,0.0,0.0,0.0,0.0,0.0,0.0
0.0,0.0,0.9994659423828125,0.0,0.0,0.0,0.0,0.0,0.0,0.0
0.0,0.0,0.9994087219238281,0.0,0.0,0.0,0.0,0.0,0.0,0.0
0.0,0.0,0.9995298385620117,0.0,0.0,0.0,0.0,0.0,0.0,0.0
0.0,0.0,0.9988327026367188,0.0,0.0,0.0,0.0,0.0,0.0,0.0
0.0,0.0,0.9981136322021484,0.0,0.0,0.0,0.0,0.0,0.0,0.0
0.0,0.0,0.999415397644043,0.0,0.0,0.0,0.0,0.0,0.0,0.0
0.0,0.0,0.9995880126953125,0.0,0.0,0.0,0.0,0.0,0.0,0.0
0.0,0.0,0.9990072250366211,0.0,0.0,0.0,0.0,0.0,0.0,0.0
0.0,0.0,0.9985313415527344,0.0,0.0,0.0,0.0,0.0,0.0,0.0
0.0,0.0,0.9995737075805664,0.0,0.0,0.0,0.0,0.0,0.0,0.0
0.0,0.0,0.9994630813598633,0.0,0.0,0.0,0.0,0.0,0.0,0.0
0.0,0.0,0.9983501434326172,0.0,0.0,0.0,0.0,0.0,0.0,0.0
0.0,0.0,0.9992876052856445,0.0,0.0,0.0,0.0,0.0,0.0,0.0
0.0,0.0,0.999516487121582,0.0,0.0,0.0,0.0,0.0,0.0,0.0
0.0,0.0,0.9995155334472656,0.0,0.0,0.0,0.0,0.0,0.0,0.0
0.0,0.0,0.999690055847168,0.0,0.0,0.0,0.0,0.0,0.0,0.0
0.0,0.0,0.9995040893554688,0.0,0.0,0.0,0.0,0.0,0.0,0.0
0.0,0.0,0.9982051849365234,0.0,0.0,0.0,0.0,0.0,0.0,0.0
0.0,0.0,0.9983758926391602,0.0,0.0,0.0,0.0,0.0,0.0,0.0
0.0,0.0,0.9987068176269531,0.0,0.0,0.0,0.0,0.0,0.0,0.0
0.0,0.0,0.9995651245117188,0.0,0.0,0.0,0.0,0.0,0.0,0.0
0.0,0.0,0.9995546340942383,0.0,0.0,0.0,0.0,0.0,0.0,0.0
0.0,0.0,0.9994344711303711,0.0,0.0,0.0,0.0,0.0,0.0,0.0
0.0,0.0,0.9984560012817383,0.0,0.0,0.0,0.0,0.0,0.0,0.0
0.0,0.0,0.9984245300292969,0.0,0.0,0.0,0.0,0.0,0.0,0.0
0.0,0.0,0.9985866546630859,0.0,0.0,0.0,0.0,0.0,0.0,0.0
0.0,0.0,0.9994621276855469,0.0,0.0,0.0,0.0,0.0,0.0,0.0
0.0,0.0,0.9984521865844727,0.0,0.0,0.0,0.0,0.0,0.0,0.0
0.0,0.0,0.9995279312133789,0.0,0.0,0.0,0.0,0.0,0.0,0.0
0.0,0.0,0.9820489883422852,0.0,0.0,0.0,0.0,0.0,0.0,0.0
0.9512012813667913,0.974990423028512,0.9995641708374023,0.991099243435692,0.9593968766828218,0.9512012813667913,0.974990423028512,0.991099243435692,0.9593968766828218,1.0
0.0,0.0,0.7933425903320312,0.0,0.0,0.0,0.0,0.0,0.0,0.0
0.0,0.0,0.9614725112915039,0.0,0.0,0.0,0.0,0.0,0.0,0.0
0.0,0.0,0.9906930923461914,0.0,0.0,0.0,0.0,0.0,0.0,0.0
0.0,0.0,0.8029670715332031,0.0,0.0,0.0,0.0,0.0,0.0,0.0
0.0,0.0,0.9978256225585938,0.0,0.0,0.0,0.0,0.0,0.0,0.0
0.0,0.0,0.9980010986328125,0.0,0.0,0.0,0.0,0.0,0.0,0.0
0.0,0.0,0.9723920822143555,0.0,0.0,0.0,0.0,0.0,0.0,0.0
0.0,0.0,0.9798984527587891,0.0,0.0,0.0,0.0,0.0,0.0,0.0
0.0,0.0,0.9738473892211914,0.0,0.0,0.0,0.0,0.0,0.0,0.0
0.0,0.0,0.9817218780517578,0.0,0.0,0.0,0.0,0.0,0.0,0.0
0.0,0.0,0.9748640060424805,0.0,0.0,0.0,0.0,0.0,0.0,0.0
0.0,0.0,0.9814605712890625,0.0,0.0,0.0,0.0,0.0,0.0,0.0
0.0,0.0,0.9715499877929688,0.0,0.0,0.0,0.0,0.0,0.0,0.0
0.0,0.0,0.9742460250854492,0.0,0.0,0.0,0.0,0.0,0.0,0.0
0.6148626817447496,0.7615046018407363,0.9931793212890625,0.9188058260239801,0.6501907636239395,0.6148626817447496,0.7615046018407363,0.9188058260239801,0.6501907636239395,1.0
0.0,0.0,0.9832143783569336,0.0,0.0,0.0,0.0,0.0,0.0,0.0
0.0,0.0,0.9906339645385742,0.0,0.0,0.0,0.0,0.0,0.0,0.0
0.0,0.0,0.9914665222167969,0.0,0.0,0.0,0.0,0.0,0.0,0.0
0.0,0.0,0.9935636520385742,0.0,0.0,0.0,0.0,0.0,0.0,0.0
0.0,0.0,0.9935808181762695,0.0,0.0,0.0,0.0,0.0,0.0,0.0
0.0,0.0,0.9937152862548828,0.0,0.0,0.0,0.0,0.0,0.0,0.0
0.0,0.0,0.9931859970092773,0.0,0.0,0.0,0.0,0.0,0.0,0.0
0.0,0.0,0.993412971496582,0.0,0.0,0.0,0.0,0.0,0.0,0.0
0.8693064774547952,0.9300844863474961,0.999455451965332,0.8873831775700934,0.9771031643941342,0.8693064774547952,0.9300844863474961,0.8873831775700934,0.9771031643941342,1.0
0.0,0.0,0.9936494827270508,0.0,0.0,0.0,0.0,0.0,0.0,0.0
0.0,0.0,0.9945030212402344,0.0,0.0,0.0,0.0,0.0,0.0,0.0
0.0,0.0,0.9943141937255859,0.0,0.0,0.0,0.0,0.0,0.0,0.0
0.0,0.0,0.9909534454345703,0.0,0.0,0.0,0.0,0.0,0.0,0.0
0.0,0.0,0.9935216903686523,0.0,0.0,0.0,0.0,0.0,0.0,0.0
0.0,0.0,0.9947834014892578,0.0,0.0,0.0,0.0,0.0,0.0,0.0
0.0,0.0,0.9925203323364258,0.0,0.0,0.0,0.0,0.0,0.0,0.0
0.0,0.0,0.9946718215942383,0.0,0.0,0.0,0.0,0.0,0.0,0.0
0.0,0.0,0.9946260452270508,0.0,0.0,0.0,0.0,0.0,0.0,0.0
0.0,0.0,0.9940223693847656,0.0,0.0,0.0,0.0,0.0,0.0,0.0
0.0,0.0,0.9946079254150391,0.0,0.0,0.0,0.0,0.0,0.0,0.0
0.0,0.0,0.9951648712158203,0.0,0.0,0.0,0.0,0.0,0.0,0.0
0.0,0.0,0.9944229125976562,0.0,0.0,0.0,0.0,0.0,0.0,0.0
0.0,0.0,0.9913196563720703,0.0,0.0,0.0,0.0,0.0,0.0,0.0
0.0,0.0,0.9905853271484375,0.0,0.0,0.0,0.0,0.0,0.0,0.0
0.0,0.0,0.9954595565795898,0.0,0.0,0.0,0.0,0.0,0.0,0.0
0.0,0.0,0.9947500228881836,0.0,0.0,0.0,0.0,0.0,0.0,0.0
0.0,0.0,0.9953060150146484,0.0,0.0,0.0,0.0,0.0,0.0,0.0
0.0,0.0,0.9948101043701172,0.0,0.0,0.0,0.0,0.0,0.0,0.0
0.0,0.0,0.993250846862793,0.0,0.0,0.0,0.0,0.0,0.0,0.0
0.0,0.0,0.9954948425292969,0.0,0.0,0.0,0.0,0.0,0.0,0.0
0.0,0.0,0.9949636459350586,0.0,0.0,0.0,0.0,0.0,0.0,0.0
0.0,0.0,0.9954195022583008,0.0,0.0,0.0,0.0,0.0,0.0,0.0
0.0,0.0,0.994868278503418,0.0,0.0,0.0,0.0,0.0,0.0,0.0
0.0,0.0,0.9951992034912109,0.0,0.0,0.0,0.0,0.0,0.0,0.0
0.0,0.0,0.9957056045532227,0.0,0.0,0.0,0.0,0.0,0.0,0.0
0.0,0.0,0.9946928024291992,0.0,0.0,0.0,0.0,0.0,0.0,0.0
0.0,0.0,0.9925699234008789,0.0,0.0,0.0,0.0,0.0,0.0,0.0
0.0,0.0,0.9945278167724609,0.0,0.0,0.0,0.0,0.0,0.0,0.0
0.0,0.0,0.9923763275146484,0.0,0.0,0.0,0.0,0.0,0.0,0.0
0.0,0.0,0.9953279495239258,0.0,0.0,0.0,0.0,0.0,0.0,0.0
0.0,0.0,0.9904327392578125,0.0,0.0,0.0,0.0,0.0,0.0,0.0
0.0,0.0,0.9950084686279297,0.0,0.0,0.0,0.0,0.0,0.0,0.0
0.0,0.0,0.9948654174804688,0.0,0.0,0.0,0.0,0.0,0.0,0.0
0.0,0.0,0.995326042175293,0.0,0.0,0.0,0.0,0.0,0.0,0.0
0.0,0.0,0.9947986602783203,0.0,0.0,0.0,0.0,0.0,0.0,0.0
0.0,0.0,0.9946775436401367,0.0,0.0,0.0,0.0,0.0,0.0,0.0
0.0,0.0,0.9958028793334961,0.0,0.0,0.0,0.0,0.0,0.0,0.0
0.0,0.0,0.9949445724487305,0.0,0.0,0.0,0.0,0.0,0.0,0.0
0.0,0.0,0.9957704544067383,0.0,0.0,0.0,0.0,0.0,0.0,0.0
0.0,0.0,0.9950580596923828,0.0,0.0,0.0,0.0,0.0,0.0,0.0
0.0,0.0,0.9958353042602539,0.0,0.0,0.0,0.0,0.0,0.0,0.0
0.0,0.0,0.9950962066650391,0.0,0.0,0.0,0.0,0.0,0.0,0.0
0.0,0.0,0.9951028823852539,0.0,0.0,0.0,0.0,0.0,0.0,0.0
0.0,0.0,0.9913702011108398,0.0,0.0,0.0,0.0,0.0,0.0,0.0
0.0,0.0,0.9958219528198242,0.0,0.0,0.0,0.0,0.0,0.0,0.0
0.0,0.0,0.9954595565795898,0.0,0.0,0.0,0.0,0.0,0.0,0.0
0.0,0.0,0.9958667755126953,0.0,0.0,0.0,0.0,0.0,0.0,0.0
0.0,0.0,0.9945774078369141,0.0,0.0,0.0,0.0,0.0,0.0,0.0
0.0,0.0,0.9958181381225586,0.0,0.0,0.0,0.0,0.0,0.0,0.0
0.0,0.0,0.9940996170043945,0.0,0.0,0.0,0.0,0.0,0.0,0.0
0.0,0.0,0.9949464797973633,0.0,0.0,0.0,0.0,0.0,0.0,0.0
0.0,0.0,0.9948034286499023,0.0,0.0,0.0,0.0,0.0,0.0,0.0
0.0,0.0,0.9957714080810547,0.0,0.0,0.0,0.0,0.0,0.0,0.0
0.0,0.0,0.9958362579345703,0.0,0.0,0.0,0.0,0.0,0.0,0.0
0.0,0.0,0.9956750869750977,0.0,0.0,0.0,0.0,0.0,0.0,0.0
0.0,0.0,0.9954195022583008,0.0,0.0,0.0,0.0,0.0,0.0,0.0
0.0,0.0,0.9956588745117188,0.0,0.0,0.0,0.0,0.0,0.0,0.0
0.0,0.0,0.9956283569335938,0.0,0.0,0.0,0.0,0.0,0.0,0.0
0.0,0.0,0.9948234558105469,0.0,0.0,0.0,0.0,0.0,0.0,0.0
0.0,0.0,0.9957742691040039,0.0,0.0,0.0,0.0,0.0,0.0,0.0
0.0,0.0,0.995819091796875,0.0,0.0,0.0,0.0,0.0,0.0,0.0
0.0,0.0,0.9957799911499023,0.0,0.0,0.0,0.0,0.0,0.0,0.0
0.0,0.0,0.9957494735717773,0.0,0.0,0.0,0.0,0.0,0.0,0.0
0.0,0.0,0.9958028793334961,0.0,0.0,0.0,0.0,0.0,0.0,0.0
0.0,0.0,0.9958782196044922,0.0,0.0,0.0,0.0,0.0,0.0,0.0
0.0,0.0,0.9949398040771484,0.0,0.0,0.0,0.0,0.0,0.0,0.0
0.0,0.0,0.9958248138427734,0.0,0.0,0.0,0.0,0.0,0.0,0.0
0.0,0.0,0.9958677291870117,0.0,0.0,0.0,0.0,0.0,0.0,0.0
0.0,0.0,0.995819091796875,0.0,0.0,0.0,0.0,0.0,0.0,0.0
0.0,0.0,0.9958133697509766,0.0,0.0,0.0,0.0,0.0,0.0,0.0
0.0,0.0,0.9957780838012695,0.0,0.0,0.0,0.0,0.0,0.0,0.0
0.0,0.0,0.9709434509277344,0.0,0.0,0.0,0.0,0.0,0.0,0.0
0.0,0.0,0.9716682434082031,0.0,0.0,0.0,0.0,0.0,0.0,0.0
0.0,0.0,0.952183723449707,0.0,0.0,0.0,0.0,0.0,0.0,0.0
0.0,0.0,0.9565773010253906,0.0,0.0,0.0,0.0,0.0,0.0,0.0
0.0,0.0,0.9630060195922852,0.0,0.0,0.0,0.0,0.0,0.0,0.0
0.0,0.0,0.9701509475708008,0.0,0.0,0.0,0.0,0.0,0.0,0.0
0.9231085104198747,0.9600170821544868,0.9985713958740234,0.947973222286648,0.9723709110570424,0.9231085104198747,0.9600170821544868,0.947973222286648,0.9723709110570424,1.0
0.0,0.0,0.9806442260742188,0.0,0.0,0.0,0.0,0.0,0.0,0.0
0.0,0.0,0.9783287048339844,0.0,0.0,0.0,0.0,0.0,0.0,0.0
0.0,0.0,0.970881462097168,0.0,0.0,0.0,0.0,0.0,0.0,0.0
0.0,0.0,0.9721155166625977,0.0,0.0,0.0,0.0,0.0,0.0,0.0
0.0,0.0,0.9564180374145508,0.0,0.0,0.0,0.0,0.0,0.0,0.0
0.0,0.0,0.9804363250732422,0.0,0.0,0.0,0.0,0.0,0.0,0.0
0.0,0.0,0.9814481735229492,0.0,0.0,0.0,0.0,0.0,0.0,0.0
0.0,0.0,0.9788999557495117,0.0,0.0,0.0,0.0,0.0,0.0,0.0
0.0,0.0,0.9666099548339844,0.0,0.0,0.0,0.0,0.0,0.0,0.0
0.0,0.0,0.9778585433959961,0.0,0.0,0.0,0.0,0.0,0.0,0.0
0.0,0.0,0.9718732833862305,0.0,0.0,0.0,0.0,0.0,0.0,0.0
0.0,0.0,0.9798908233642578,0.0,0.0,0.0,0.0,0.0,0.0,0.0
0.0,0.0,0.9599266052246094,0.0,0.0,0.0,0.0,0.0,0.0,0.0
0.0,0.0,0.9680061340332031,0.0,0.0,0.0,0.0,0.0,0.0,0.0
0.0,0.0,0.9401149749755859,0.0,0.0,0.0,0.0,0.0,0.0,0.0
0.0,0.0,0.9551162719726562,0.0,0.0,0.0,0.0,0.0,0.0,0.0
0.9622373651334469,0.9807553176096079,0.9996194839477539,1.0,0.9622373651334469,0.9622373651334469,0.9807553176096079,1.0,0.9622373651334469,1.0
0.0,0.0,0.9842691421508789,0.0,0.0,0.0,0.0,0.0,0.0,0.0
0.0,0.0,0.9542675018310547,0.0,0.0,0.0,0.0,0.0,0.0,0.0
0.0,0.0,0.9893321990966797,0.0,0.0,0.0,0.0,0.0,0.0,0.0
0.0,0.0,0.9865236282348633,0.0,0.0,0.0,0.0,0.0,0.0,0.0
0.0,0.0,0.9684314727783203,0.0,0.0,0.0,0.0,0.0,0.0,0.0
0.0,0.0,0.9351911544799805,0.0,0.0,0.0,0.0,0.0,0.0,0.0
0.0,0.0,0.9734973907470703,0.0,0.0,0.0,0.0,0.0,0.0,0.0
0.0,0.0,0.9827899932861328,0.0,0.0,0.0,0.0,0.0,0.0,0.0
0.0,0.0,0.9776630401611328,0.0,0.0,0.0,0.0,0.0,0.0,0.0
0.0,0.0,0.9732656478881836,0.0,0.0,0.0,0.0,0.0,0.0,0.0
0.0,0.0,0.9818544387817383,0.0,0.0,0.0,0.0,0.0,0.0,0.0
0.0,0.0,0.9833459854125977,0.0,0.0,0.0,0.0,0.0,0.0,0.0
0.0,0.0,0.9856033325195312,0.0,0.0,0.0,0.0,0.0,0.0,0.0
0.0,0.0,0.9765186309814453,0.0,0.0,0.0,0.0,0.0,0.0,0.0
0.0,0.0,0.9738788604736328,0.0,0.0,0.0,0.0,0.0,0.0,0.0
0.0,0.0,0.9637641906738281,0.0,0.0,0.0,0.0,0.0,0.0,0.0
0.0,0.0,0.9866962432861328,0.0,0.0,0.0,0.0,0.0,0.0,0.0
0.0,0.0,0.9767637252807617,0.0,0.0,0.0,0.0,0.0,0.0,0.0
0.0,0.0,0.9957714080810547,0.0,0.0,0.0,0.0,0.0,0.0,0.0
0.0,0.0,0.9950160980224609,0.0,0.0,0.0,0.0,0.0,0.0,0.0
0.0,0.0,0.996119499206543,0.0,0.0,0.0,0.0,0.0,0.0,0.0
0.0,0.0,0.9826726913452148,0.0,0.0,0.0,0.0,0.0,0.0,0.0
0.0,0.0,0.9964981079101562,0.0,0.0,0.0,0.0,0.0,0.0,0.0
0.9670537767386137,0.9832509798913524,0.9983739852905273,0.9761073511341695,0.9904999406246289,0.9670537767386137,0.9832509798913524,0.9761073511341695,0.9904999406246289,1.0
0.0,0.0,0.8976631164550781,0.0,0.0,0.0,0.0,0.0,0.0,0.0
0.0,0.0,0.9510707855224609,0.0,0.0,0.0,0.0,0.0,0.0,0.0
0.0,0.0,0.9502658843994141,0.0,0.0,0.0,0.0,0.0,0.0,0.0
0.0,0.0,0.9514560699462891,0.0,0.0,0.0,0.0,0.0,0.0,0.0
0.0,0.0,0.9385089874267578,0.0,0.0,0.0,0.0,0.0,0.0,0.0
0.0,0.0,0.9508581161499023,0.0,0.0,0.0,0.0,0.0,0.0,0.0
0.0,0.0,0.9427042007446289,0.0,0.0,0.0,0.0,0.0,0.0,0.0
0.0,0.0,0.8927583694458008,0.0,0.0,0.0,0.0,0.0,0.0,0.0
0.9379160761070309,0.9679635642335523,0.9972429275512695,0.978579910824315,0.9575750931813198,0.9379160761070309,0.9679635642335523,0.978579910824315,0.9575750931813198,1.0
0.0,0.0,0.9550809860229492,0.0,0.0,0.0,0.0,0.0,0.0,0.0
0.0,0.0,0.9542016983032227,0.0,0.0,0.0,0.0,0.0,0.0,0.0
0.0,0.0,0.9549951553344727,0.0,0.0,0.0,0.0,0.0,0.0,0.0
0.0,0.0,0.9558229446411133,0.0,0.0,0.0,0.0,0.0,0.0,0.0
0.0,0.0,0.9517555236816406,0.0,0.0,0.0,0.0,0.0,0.0,0.0
